timestamp,soc,voltage,current,power,charging,raw_payload
2026-06-25T07:32:38.789469,98.7,25.094,0.428,10.73,0,"{""soc"":98.7,""voltage"":25.094,""current"":0.428,""power"":10.73,""ocv"":25.117,""cell_v"":4.182,""charging"":false,""latch"":true,""pi_status"":""ready"",""uptime_s"":500}"
2026-06-25T07:32:39.078132,98.7,25.092,0.434,10.89,0,"{""soc"":98.7,""voltage"":25.092,""current"":0.434,""power"":10.89,""ocv"":25.115,""cell_v"":4.182,""charging"":false,""latch"":true,""pi_status"":""ready"",""uptime_s"":505}"
2026-06-25T07:32:44.097811,98.7,25.091,0.439,11.03,0,"{""soc"":98.7,""voltage"":25.091,""current"":0.439,""power"":11.03,""ocv"":25.115,""cell_v"":4.182,""charging"":false,""latch"":true,""pi_status"":""ready"",""uptime_s"":510}"
2026-06-25T07:32:49.033170,98.7,25.09,0.426,10.67,0,"{""soc"":98.7,""voltage"":25.090,""current"":0.426,""power"":10.67,""ocv"":25.113,""cell_v"":4.182,""charging"":false,""latch"":true,""pi_status"":""ready"",""uptime_s"":515}"
2026-06-25T07:32:54.032299,98.7,25.089,0.438,10.99,0,"{""soc"":98.7,""voltage"":25.089,""current"":0.438,""power"":10.99,""ocv"":25.112,""cell_v"":4.181,""charging"":false,""latch"":true,""pi_status"":""ready"",""uptime_s"":520}"
2026-06-25T07:32:59.047571,98.6,25.088,0.426,10.67,0,"{""soc"":98.6,""voltage"":25.088,""current"":0.426,""power"":10.67,""ocv"":25.111,""cell_v"":4.181,""charging"":false,""latch"":true,""pi_status"":""ready"",""uptime_s"":525}"
2026-06-25T07:33:04.067002,98.6,25.087,0.426,10.69,0,"{""soc"":98.6,""voltage"":25.087,""current"":0.426,""power"":10.69,""ocv"":25.110,""cell_v"":4.181,""charging"":false,""latch"":true,""pi_status"":""ready"",""uptime_s"":530}"
2026-06-25T07:33:09.086667,98.6,25.086,0.436,10.92,0,"{""soc"":98.6,""voltage"":25.086,""current"":0.436,""power"":10.92,""ocv"":25.109,""cell_v"":4.181,""charging"":false,""latch"":true,""pi_status"":""ready"",""uptime_s"":535}"
2026-06-25T07:33:14.116801,98.6,25.085,0.428,10.71,0,"{""soc"":98.6,""voltage"":25.085,""current"":0.428,""power"":10.71,""ocv"":25.108,""cell_v"":4.181,""charging"":false,""latch"":true,""pi_status"":""ready"",""uptime_s"":540}"
2026-06-25T07:33:19.123760,98.6,25.084,0.42,10.53,0,"{""soc"":98.6,""voltage"":25.084,""current"":0.420,""power"":10.53,""ocv"":25.107,""cell_v"":4.181,""charging"":false,""latch"":true,""pi_status"":""ready"",""uptime_s"":545}"
2026-06-25T07:33:24.136764,98.6,25.083,0.434,10.87,0,"{""soc"":98.6,""voltage"":25.083,""current"":0.434,""power"":10.87,""ocv"":25.106,""cell_v"":4.181,""charging"":false,""latch"":true,""pi_status"":""ready"",""uptime_s"":550}"
2026-06-25T07:33:29.057351,98.6,25.082,0.427,10.69,0,"{""soc"":98.6,""voltage"":25.082,""current"":0.427,""power"":10.69,""ocv"":25.105,""cell_v"":4.180,""charging"":false,""latch"":true,""pi_status"":""ready"",""uptime_s"":555}"
2026-06-25T07:33:34.083122,98.6,25.082,0.435,10.89,0,"{""soc"":98.6,""voltage"":25.082,""current"":0.435,""power"":10.89,""ocv"":25.105,""cell_v"":4.180,""charging"":false,""latch"":true,""pi_status"":""ready"",""uptime_s"":560}"
2026-06-25T07:33:39.089155,98.5,25.08,0.434,10.8,0,"{""soc"":98.5,""voltage"":25.080,""current"":0.434,""power"":10.80,""ocv"":25.104,""cell_v"":4.180,""charging"":false,""latch"":true,""pi_status"":""ready"",""uptime_s"":565}"
2026-06-25T07:33:44.308151,98.5,25.079,0.436,10.92,0,"{""soc"":98.5,""voltage"":25.079,""current"":0.436,""power"":10.92,""ocv"":25.102,""cell_v"":4.180,""charging"":false,""latch"":true,""pi_status"":""ready"",""uptime_s"":570}"
2026-06-25T07:33:49.137241,98.5,25.077,0.435,10.89,0,"{""soc"":98.5,""voltage"":25.077,""current"":0.435,""power"":10.89,""ocv"":25.100,""cell_v"":4.179,""charging"":false,""latch"":true,""pi_status"":""ready"",""uptime_s"":575}"
2026-06-25T07:33:54.137640,98.5,25.076,0.426,10.67,0,"{""soc"":98.5,""voltage"":25.076,""current"":0.426,""power"":10.67,""ocv"":25.099,""cell_v"":4.179,""charging"":false,""latch"":true,""pi_status"":""ready"",""uptime_s"":581}"
2026-06-25T07:33:59.178791,98.5,25.075,0.433,10.85,0,"{""soc"":98.5,""voltage"":25.075,""current"":0.433,""power"":10.85,""ocv"":25.098,""cell_v"":4.179,""charging"":false,""latch"":true,""pi_status"":""ready"",""uptime_s"":586}"
2026-06-25T07:34:04.087203,98.5,25.074,0.431,10.83,0,"{""soc"":98.5,""voltage"":25.074,""current"":0.431,""power"":10.83,""ocv"":25.097,""cell_v"":4.179,""charging"":false,""latch"":true,""pi_status"":""ready"",""uptime_s"":591}"
2026-06-25T07:34:09.116325,98.5,25.073,0.431,10.8,0,"{""soc"":98.5,""voltage"":25.073,""current"":0.431,""power"":10.80,""ocv"":25.096,""cell_v"":4.179,""charging"":false,""latch"":true,""pi_status"":""ready"",""uptime_s"":596}"
2026-06-25T07:34:14.105278,98.4,25.072,0.439,11.01,0,"{""soc"":98.4,""voltage"":25.072,""current"":0.439,""power"":11.01,""ocv"":25.096,""cell_v"":4.179,""charging"":false,""latch"":true,""pi_status"":""ready"",""uptime_s"":601}"
2026-06-25T07:34:19.125243,98.4,25.07,0.585,14.65,0,"{""soc"":98.4,""voltage"":25.070,""current"":0.585,""power"":14.65,""ocv"":25.101,""cell_v"":4.178,""charging"":false,""latch"":true,""pi_status"":""ready"",""uptime_s"":606}"
2026-06-25T07:34:24.133996,98.4,25.067,0.58,14.56,0,"{""soc"":98.4,""voltage"":25.067,""current"":0.580,""power"":14.56,""ocv"":25.098,""cell_v"":4.178,""charging"":false,""latch"":true,""pi_status"":""ready"",""uptime_s"":611}"
2026-06-25T07:34:29.092804,98.4,25.064,0.6,15.01,0,"{""soc"":98.4,""voltage"":25.064,""current"":0.600,""power"":15.01,""ocv"":25.096,""cell_v"":4.177,""charging"":false,""latch"":true,""pi_status"":""ready"",""uptime_s"":616}"
2026-06-25T07:34:34.099255,98.4,25.062,0.581,14.56,0,"{""soc"":98.4,""voltage"":25.062,""current"":0.581,""power"":14.56,""ocv"":25.093,""cell_v"":4.177,""charging"":false,""latch"":true,""pi_status"":""ready"",""uptime_s"":621}"
2026-06-25T07:34:39.091879,98.4,25.059,0.583,14.6,0,"{""soc"":98.4,""voltage"":25.059,""current"":0.583,""power"":14.60,""ocv"":25.091,""cell_v"":4.177,""charging"":false,""latch"":true,""pi_status"":""ready"",""uptime_s"":626}"
2026-06-25T07:34:44.212345,98.3,25.058,0.581,14.58,0,"{""soc"":98.3,""voltage"":25.058,""current"":0.581,""power"":14.58,""ocv"":25.089,""cell_v"":4.176,""charging"":false,""latch"":true,""pi_status"":""ready"",""uptime_s"":631}"
2026-06-25T07:34:49.159747,98.3,25.056,0.591,14.83,0,"{""soc"":98.3,""voltage"":25.056,""current"":0.591,""power"":14.83,""ocv"":25.088,""cell_v"":4.176,""charging"":false,""latch"":true,""pi_status"":""ready"",""uptime_s"":636}"
2026-06-25T07:34:54.248840,98.3,25.054,0.591,14.81,0,"{""soc"":98.3,""voltage"":25.054,""current"":0.591,""power"":14.81,""ocv"":25.086,""cell_v"":4.176,""charging"":false,""latch"":true,""pi_status"":""ready"",""uptime_s"":641}"
2026-06-25T07:34:59.155098,98.3,25.053,0.536,13.44,0,"{""soc"":98.3,""voltage"":25.053,""current"":0.536,""power"":13.44,""ocv"":25.082,""cell_v"":4.175,""charging"":false,""latch"":true,""pi_status"":""ready"",""uptime_s"":646}"
2026-06-25T07:35:04.387332,98.3,25.052,0.584,14.63,0,"{""soc"":98.3,""voltage"":25.052,""current"":0.584,""power"":14.63,""ocv"":25.083,""cell_v"":4.175,""charging"":false,""latch"":true,""pi_status"":""ready"",""uptime_s"":651}"
2026-06-25T07:35:09.115237,98.3,25.05,0.591,14.81,0,"{""soc"":98.3,""voltage"":25.050,""current"":0.591,""power"":14.81,""ocv"":25.082,""cell_v"":4.175,""charging"":false,""latch"":true,""pi_status"":""ready"",""uptime_s"":656}"
2026-06-25T07:35:14.115363,98.2,25.048,0.595,14.88,0,"{""soc"":98.2,""voltage"":25.048,""current"":0.595,""power"":14.88,""ocv"":25.080,""cell_v"":4.175,""charging"":false,""latch"":true,""pi_status"":""ready"",""uptime_s"":661}"
2026-06-25T07:35:19.239912,98.2,25.046,0.596,14.92,0,"{""soc"":98.2,""voltage"":25.046,""current"":0.596,""power"":14.92,""ocv"":25.078,""cell_v"":4.174,""charging"":false,""latch"":true,""pi_status"":""ready"",""uptime_s"":666}"
2026-06-25T07:35:24.169721,98.2,25.044,0.54,13.5,0,"{""soc"":98.2,""voltage"":25.044,""current"":0.540,""power"":13.50,""ocv"":25.074,""cell_v"":4.174,""charging"":false,""latch"":true,""pi_status"":""ready"",""uptime_s"":671}"
2026-06-25T07:35:29.194821,98.2,25.044,0.536,13.8,0,"{""soc"":98.2,""voltage"":25.044,""current"":0.536,""power"":13.80,""ocv"":25.073,""cell_v"":4.174,""charging"":false,""latch"":true,""pi_status"":""ready"",""uptime_s"":676}"
2026-06-25T07:35:34.187236,98.2,25.044,0.542,13.57,0,"{""soc"":98.2,""voltage"":25.044,""current"":0.542,""power"":13.57,""ocv"":25.073,""cell_v"":4.174,""charging"":false,""latch"":true,""pi_status"":""ready"",""uptime_s"":681}"
2026-06-25T07:35:39.119269,98.2,25.044,0.391,9.8,0,"{""soc"":98.2,""voltage"":25.044,""current"":0.391,""power"":9.80,""ocv"":25.065,""cell_v"":4.174,""charging"":false,""latch"":true,""pi_status"":""ready"",""uptime_s"":686}"
2026-06-25T07:35:44.234107,98.2,25.045,0.389,9.75,0,"{""soc"":98.2,""voltage"":25.045,""current"":0.389,""power"":9.75,""ocv"":25.066,""cell_v"":4.174,""charging"":false,""latch"":true,""pi_status"":""ready"",""uptime_s"":691}"
2026-06-25T07:35:49.544833,98.1,25.045,0.39,9.75,0,"{""soc"":98.1,""voltage"":25.045,""current"":0.390,""power"":9.75,""ocv"":25.066,""cell_v"":4.174,""charging"":false,""latch"":true,""pi_status"":""offline"",""uptime_s"":696}"
2026-06-25T07:35:54.152439,98.1,25.044,0.396,9.91,0,"{""soc"":98.1,""voltage"":25.044,""current"":0.396,""power"":9.91,""ocv"":25.066,""cell_v"":4.174,""charging"":false,""latch"":true,""pi_status"":""starting"",""uptime_s"":701}"
2026-06-25T07:35:59.575617,98.1,25.044,0.437,10.96,0,"{""soc"":98.1,""voltage"":25.044,""current"":0.437,""power"":10.96,""ocv"":25.067,""cell_v"":4.174,""charging"":false,""latch"":true,""pi_status"":""starting"",""uptime_s"":706}"
2026-06-25T07:36:04.284427,98.1,25.043,0.435,10.87,0,"{""soc"":98.1,""voltage"":25.043,""current"":0.435,""power"":10.87,""ocv"":25.066,""cell_v"":4.174,""charging"":false,""latch"":true,""pi_status"":""starting"",""uptime_s"":711}"
2026-06-25T07:36:09.235532,98.1,25.041,0.547,13.69,0,"{""soc"":98.1,""voltage"":25.041,""current"":0.547,""power"":13.69,""ocv"":25.070,""cell_v"":4.174,""charging"":false,""latch"":true,""pi_status"":""starting"",""uptime_s"":716}"
2026-06-25T07:36:14.228048,98.1,25.04,0.465,11.65,0,"{""soc"":98.1,""voltage"":25.040,""current"":0.465,""power"":11.65,""ocv"":25.065,""cell_v"":4.173,""charging"":false,""latch"":true,""pi_status"":""starting"",""uptime_s"":721}"
2026-06-25T07:36:19.255420,98.1,25.038,0.58,14.51,0,"{""soc"":98.1,""voltage"":25.038,""current"":0.580,""power"":14.51,""ocv"":25.069,""cell_v"":4.173,""charging"":false,""latch"":true,""pi_status"":""starting"",""uptime_s"":726}"
2026-06-25T07:36:24.165764,98.0,25.036,0.489,12.25,0,"{""soc"":98.0,""voltage"":25.036,""current"":0.489,""power"":12.25,""ocv"":25.062,""cell_v"":4.173,""charging"":false,""latch"":true,""pi_status"":""starting"",""uptime_s"":731}"
2026-06-25T07:36:29.304536,98.0,25.035,0.554,13.87,0,"{""soc"":98.0,""voltage"":25.035,""current"":0.554,""power"":13.87,""ocv"":25.064,""cell_v"":4.172,""charging"":false,""latch"":true,""pi_status"":""ready"",""uptime_s"":736}"
2026-06-25T07:36:34.209227,98.0,25.034,0.439,10.99,0,"{""soc"":98.0,""voltage"":25.034,""current"":0.439,""power"":10.99,""ocv"":25.057,""cell_v"":4.172,""charging"":false,""latch"":true,""pi_status"":""ready"",""uptime_s"":741}"
2026-06-25T07:36:39.211143,98.0,25.034,0.434,10.85,0,"{""soc"":98.0,""voltage"":25.034,""current"":0.434,""power"":10.85,""ocv"":25.057,""cell_v"":4.172,""charging"":false,""latch"":true,""pi_status"":""ready"",""uptime_s"":746}"
2026-06-25T07:36:44.227561,98.0,25.033,0.432,10.8,0,"{""soc"":98.0,""voltage"":25.033,""current"":0.432,""power"":10.80,""ocv"":25.057,""cell_v"":4.172,""charging"":false,""latch"":true,""pi_status"":""ready"",""uptime_s"":751}"
2026-06-25T07:36:49.156250,98.0,25.033,0.443,11.08,0,"{""soc"":98.0,""voltage"":25.033,""current"":0.443,""power"":11.08,""ocv"":25.057,""cell_v"":4.172,""charging"":false,""latch"":true,""pi_status"":""ready"",""uptime_s"":756}"
2026-06-25T07:36:54.160335,98.0,25.032,0.432,10.8,0,"{""soc"":98.0,""voltage"":25.032,""current"":0.432,""power"":10.80,""ocv"":25.055,""cell_v"":4.172,""charging"":false,""latch"":true,""pi_status"":""ready"",""uptime_s"":761}"
2026-06-25T07:36:59.181895,97.9,25.031,0.433,10.85,0,"{""soc"":97.9,""voltage"":25.031,""current"":0.433,""power"":10.85,""ocv"":25.055,""cell_v"":4.172,""charging"":false,""latch"":true,""pi_status"":""ready"",""uptime_s"":766}"
2026-06-25T07:37:04.197211,97.9,25.031,0.439,10.99,0,"{""soc"":97.9,""voltage"":25.031,""current"":0.439,""power"":10.99,""ocv"":25.055,""cell_v"":4.172,""charging"":false,""latch"":true,""pi_status"":""ready"",""uptime_s"":771}"
2026-06-25T07:37:09.218568,97.9,25.03,0.427,10.69,0,"{""soc"":97.9,""voltage"":25.030,""current"":0.427,""power"":10.69,""ocv"":25.053,""cell_v"":4.172,""charging"":false,""latch"":true,""pi_status"":""ready"",""uptime_s"":776}"
2026-06-25T07:37:14.229574,97.9,25.029,0.436,10.89,0,"{""soc"":97.9,""voltage"":25.029,""current"":0.436,""power"":10.89,""ocv"":25.053,""cell_v"":4.172,""charging"":false,""latch"":true,""pi_status"":""ready"",""uptime_s"":781}"
2026-06-25T07:37:19.255458,97.9,25.028,0.439,11.01,0,"{""soc"":97.9,""voltage"":25.028,""current"":0.439,""power"":11.01,""ocv"":25.052,""cell_v"":4.171,""charging"":false,""latch"":true,""pi_status"":""ready"",""uptime_s"":786}"
2026-06-25T07:37:24.271240,97.9,25.027,0.445,11.12,0,"{""soc"":97.9,""voltage"":25.027,""current"":0.445,""power"":11.12,""ocv"":25.051,""cell_v"":4.171,""charging"":false,""latch"":true,""pi_status"":""ready"",""uptime_s"":791}"
2026-06-25T07:37:29.181773,97.9,25.026,0.433,10.83,0,"{""soc"":97.9,""voltage"":25.026,""current"":0.433,""power"":10.83,""ocv"":25.049,""cell_v"":4.171,""charging"":false,""latch"":true,""pi_status"":""ready"",""uptime_s"":796}"
2026-06-25T07:37:34.213183,97.9,25.024,0.589,14.72,0,"{""soc"":97.9,""voltage"":25.024,""current"":0.589,""power"":14.72,""ocv"":25.056,""cell_v"":4.171,""charging"":false,""latch"":true,""pi_status"":""ready"",""uptime_s"":801}"
2026-06-25T07:37:39.215051,97.8,25.021,0.612,15.31,0,"{""soc"":97.8,""voltage"":25.021,""current"":0.612,""power"":15.31,""ocv"":25.054,""cell_v"":4.170,""charging"":false,""latch"":true,""pi_status"":""ready"",""uptime_s"":806}"
2026-06-25T07:37:44.331180,97.8,25.018,0.591,14.79,0,"{""soc"":97.8,""voltage"":25.018,""current"":0.591,""power"":14.79,""ocv"":25.050,""cell_v"":4.170,""charging"":false,""latch"":true,""pi_status"":""ready"",""uptime_s"":811}"
2026-06-25T07:37:49.246251,97.8,25.016,0.536,13.44,0,"{""soc"":97.8,""voltage"":25.016,""current"":0.536,""power"":13.44,""ocv"":25.045,""cell_v"":4.169,""charging"":false,""latch"":true,""pi_status"":""ready"",""uptime_s"":816}"
2026-06-25T07:37:54.288898,97.8,25.015,0.535,13.39,0,"{""soc"":97.8,""voltage"":25.015,""current"":0.535,""power"":13.39,""ocv"":25.044,""cell_v"":4.169,""charging"":false,""latch"":true,""pi_status"":""ready"",""uptime_s"":821}"
2026-06-25T07:38:00.116458,97.8,25.013,0.536,13.44,0,"{""soc"":97.8,""voltage"":25.013,""current"":0.536,""power"":13.44,""ocv"":25.042,""cell_v"":4.169,""charging"":false,""latch"":true,""pi_status"":""ready"",""uptime_s"":826}"
2026-06-25T07:38:04.210923,97.7,25.011,0.567,14.17,0,"{""soc"":97.7,""voltage"":25.011,""current"":0.567,""power"":14.17,""ocv"":25.042,""cell_v"":4.169,""charging"":false,""latch"":true,""pi_status"":""ready"",""uptime_s"":831}"
2026-06-25T07:38:09.548562,97.7,25.01,0.577,14.42,0,"{""soc"":97.7,""voltage"":25.010,""current"":0.577,""power"":14.42,""ocv"":25.041,""cell_v"":4.168,""charging"":false,""latch"":true,""pi_status"":""ready"",""uptime_s"":836}"
2026-06-25T07:38:15.269937,97.7,25.009,0.547,13.69,0,"{""soc"":97.7,""voltage"":25.009,""current"":0.547,""power"":13.69,""ocv"":25.038,""cell_v"":4.168,""charging"":false,""latch"":true,""pi_status"":""ready"",""uptime_s"":841}"
2026-06-25T07:38:19.367065,97.7,25.008,0.569,14.26,0,"{""soc"":97.7,""voltage"":25.008,""current"":0.569,""power"":14.26,""ocv"":25.038,""cell_v"":4.168,""charging"":false,""latch"":true,""pi_status"":""ready"",""uptime_s"":846}"
2026-06-25T07:38:24.888704,97.7,25.007,0.543,13.57,0,"{""soc"":97.7,""voltage"":25.007,""current"":0.543,""power"":13.57,""ocv"":25.036,""cell_v"":4.168,""charging"":false,""latch"":true,""pi_status"":""ready"",""uptime_s"":851}"
2026-06-25T07:38:30.435032,97.7,25.006,0.547,13.66,0,"{""soc"":97.7,""voltage"":25.006,""current"":0.547,""power"":13.66,""ocv"":25.035,""cell_v"":4.168,""charging"":false,""latch"":true,""pi_status"":""ready"",""uptime_s"":856}"
2026-06-25T07:38:34.414203,97.6,25.004,0.611,15.27,0,"{""soc"":97.6,""voltage"":25.004,""current"":0.611,""power"":15.27,""ocv"":25.037,""cell_v"":4.167,""charging"":false,""latch"":true,""pi_status"":""ready"",""uptime_s"":861}"
2026-06-25T07:38:39.239717,97.6,25.002,0.564,14.1,0,"{""soc"":97.6,""voltage"":25.002,""current"":0.564,""power"":14.10,""ocv"":25.033,""cell_v"":4.167,""charging"":false,""latch"":true,""pi_status"":""ready"",""uptime_s"":866}"
2026-06-25T07:38:44.778101,97.6,25.001,0.541,13.5,0,"{""soc"":97.6,""voltage"":25.001,""current"":0.541,""power"":13.50,""ocv"":25.030,""cell_v"":4.167,""charging"":false,""latch"":true,""pi_status"":""ready"",""uptime_s"":871}"
2026-06-25T07:38:49.277319,97.6,25.0,0.565,14.12,0,"{""soc"":97.6,""voltage"":25.000,""current"":0.565,""power"":14.12,""ocv"":25.030,""cell_v"":4.167,""charging"":false,""latch"":true,""pi_status"":""ready"",""uptime_s"":876}"
2026-06-25T07:38:54.279583,97.6,24.998,0.591,14.79,0,"{""soc"":97.6,""voltage"":24.998,""current"":0.591,""power"":14.79,""ocv"":25.030,""cell_v"":4.166,""charging"":false,""latch"":true,""pi_status"":""ready"",""uptime_s"":881}"
2026-06-25T07:38:59.391661,97.6,24.998,0.545,13.62,0,"{""soc"":97.6,""voltage"":24.998,""current"":0.545,""power"":13.62,""ocv"":25.027,""cell_v"":4.166,""charging"":false,""latch"":true,""pi_status"":""ready"",""uptime_s"":886}"
2026-06-25T07:39:03.747807,97.6,24.998,0.591,14.79,0,"{""soc"":97.6,""voltage"":24.998,""current"":0.591,""power"":14.79,""ocv"":25.030,""cell_v"":4.166,""charging"":false,""latch"":true,""pi_status"":""ready"",""uptime_s"":881}"
2026-06-25T07:39:04.444030,97.5,24.997,0.573,14.33,0,"{""soc"":97.5,""voltage"":24.997,""current"":0.573,""power"":14.33,""ocv"":25.027,""cell_v"":4.166,""charging"":false,""latch"":true,""pi_status"":""ready"",""uptime_s"":891}"
2026-06-25T07:39:09.251078,97.5,24.995,0.602,15.08,0,"{""soc"":97.5,""voltage"":24.995,""current"":0.602,""power"":15.08,""ocv"":25.027,""cell_v"":4.166,""charging"":false,""latch"":true,""pi_status"":""ready"",""uptime_s"":896}"
2026-06-25T07:39:14.252908,97.5,24.994,0.6,14.97,0,"{""soc"":97.5,""voltage"":24.994,""current"":0.600,""power"":14.97,""ocv"":25.026,""cell_v"":4.166,""charging"":false,""latch"":true,""pi_status"":""ready"",""uptime_s"":901}"
2026-06-25T07:39:19.463983,97.5,24.993,0.574,14.33,0,"{""soc"":97.5,""voltage"":24.993,""current"":0.574,""power"":14.33,""ocv"":25.023,""cell_v"":4.165,""charging"":false,""latch"":true,""pi_status"":""ready"",""uptime_s"":906}"
2026-06-25T07:39:24.295955,97.5,24.992,0.541,13.5,0,"{""soc"":97.5,""voltage"":24.992,""current"":0.541,""power"":13.50,""ocv"":25.021,""cell_v"":4.165,""charging"":false,""latch"":true,""pi_status"":""ready"",""uptime_s"":911}"
2026-06-25T07:39:29.317969,97.5,24.991,0.597,14.92,0,"{""soc"":97.5,""voltage"":24.991,""current"":0.597,""power"":14.92,""ocv"":25.023,""cell_v"":4.165,""charging"":false,""latch"":true,""pi_status"":""ready"",""uptime_s"":916}"
2026-06-25T07:39:34.312166,97.4,24.989,0.536,13.39,0,"{""soc"":97.4,""voltage"":24.989,""current"":0.536,""power"":13.39,""ocv"":25.017,""cell_v"":4.165,""charging"":false,""latch"":true,""pi_status"":""ready"",""uptime_s"":921}"
2026-06-25T07:39:39.250029,97.4,24.988,0.537,13.41,0,"{""soc"":97.4,""voltage"":24.988,""current"":0.537,""power"":13.41,""ocv"":25.017,""cell_v"":4.165,""charging"":false,""latch"":true,""pi_status"":""ready"",""uptime_s"":926}"
2026-06-25T07:39:44.249819,97.4,24.987,0.541,13.53,0,"{""soc"":97.4,""voltage"":24.987,""current"":0.541,""power"":13.53,""ocv"":25.016,""cell_v"":4.165,""charging"":false,""latch"":true,""pi_status"":""ready"",""uptime_s"":931}"
2026-06-25T07:39:49.469937,97.4,24.985,0.677,16.89,0,"{""soc"":97.4,""voltage"":24.985,""current"":0.677,""power"":16.89,""ocv"":25.022,""cell_v"":4.164,""charging"":false,""latch"":true,""pi_status"":""ready"",""uptime_s"":936}"
2026-06-25T07:39:54.383604,97.4,24.986,0.384,9.61,0,"{""soc"":97.4,""voltage"":24.986,""current"":0.384,""power"":9.61,""ocv"":25.006,""cell_v"":4.164,""charging"":false,""latch"":true,""pi_status"":""offline"",""uptime_s"":941}"
2026-06-25T07:39:59.425793,97.4,24.987,0.379,9.48,0,"{""soc"":97.4,""voltage"":24.987,""current"":0.379,""power"":9.48,""ocv"":25.007,""cell_v"":4.165,""charging"":false,""latch"":true,""pi_status"":""offline"",""uptime_s"":946}"
2026-06-25T07:40:04.322270,97.4,24.987,0.379,9.48,0,"{""soc"":97.4,""voltage"":24.987,""current"":0.379,""power"":9.48,""ocv"":25.008,""cell_v"":4.165,""charging"":false,""latch"":true,""pi_status"":""offline"",""uptime_s"":951}"
2026-06-25T07:40:09.349272,97.4,24.988,0.381,9.52,0,"{""soc"":97.4,""voltage"":24.988,""current"":0.381,""power"":9.52,""ocv"":25.008,""cell_v"":4.165,""charging"":false,""latch"":true,""pi_status"":""offline"",""uptime_s"":956}"
2026-06-25T07:40:14.377512,97.3,24.988,0.405,10.12,0,"{""soc"":97.3,""voltage"":24.988,""current"":0.405,""power"":10.12,""ocv"":25.009,""cell_v"":4.165,""charging"":false,""latch"":true,""pi_status"":""offline"",""uptime_s"":961}"
2026-06-25T07:40:19.406719,97.3,24.987,0.463,11.56,0,"{""soc"":97.3,""voltage"":24.987,""current"":0.463,""power"":11.56,""ocv"":25.012,""cell_v"":4.165,""charging"":false,""latch"":true,""pi_status"":""offline"",""uptime_s"":966}"
2026-06-25T07:40:24.384236,97.3,24.986,0.429,10.73,0,"{""soc"":97.3,""voltage"":24.986,""current"":0.429,""power"":10.73,""ocv"":25.010,""cell_v"":4.164,""charging"":false,""latch"":true,""pi_status"":""offline"",""uptime_s"":971}"
2026-06-25T07:40:29.535324,97.3,24.986,0.444,11.08,0,"{""soc"":97.3,""voltage"":24.986,""current"":0.444,""power"":11.08,""ocv"":25.010,""cell_v"":4.164,""charging"":false,""latch"":true,""pi_status"":""offline"",""uptime_s"":976}"
2026-06-25T07:40:34.337802,97.3,24.985,0.428,10.71,0,"{""soc"":97.3,""voltage"":24.985,""current"":0.428,""power"":10.71,""ocv"":25.008,""cell_v"":4.164,""charging"":false,""latch"":true,""pi_status"":""offline"",""uptime_s"":981}"
2026-06-25T07:40:39.270904,97.3,24.984,0.429,10.73,0,"{""soc"":97.3,""voltage"":24.984,""current"":0.429,""power"":10.73,""ocv"":25.007,""cell_v"":4.164,""charging"":false,""latch"":true,""pi_status"":""offline"",""uptime_s"":986}"
2026-06-25T07:40:44.356001,97.3,24.983,0.468,11.67,0,"{""soc"":97.3,""voltage"":24.983,""current"":0.468,""power"":11.67,""ocv"":25.008,""cell_v"":4.164,""charging"":false,""latch"":true,""pi_status"":""offline"",""uptime_s"":991}"
2026-06-25T07:40:49.371975,97.2,24.981,0.63,15.7,0,"{""soc"":97.2,""voltage"":24.981,""current"":0.630,""power"":15.70,""ocv"":25.015,""cell_v"":4.164,""charging"":false,""latch"":true,""pi_status"":""offline"",""uptime_s"":996}"
2026-06-25T07:40:54.528516,97.2,24.979,0.437,10.92,0,"{""soc"":97.2,""voltage"":24.979,""current"":0.437,""power"":10.92,""ocv"":25.003,""cell_v"":4.163,""charging"":false,""latch"":true,""pi_status"":""offline"",""uptime_s"":1001}"
2026-06-25T07:40:59.320672,97.2,24.978,0.444,11.08,0,"{""soc"":97.2,""voltage"":24.978,""current"":0.444,""power"":11.08,""ocv"":25.002,""cell_v"":4.163,""charging"":false,""latch"":true,""pi_status"":""offline"",""uptime_s"":1006}"
2026-06-25T07:41:04.460258,97.2,24.978,0.44,11.01,0,"{""soc"":97.2,""voltage"":24.978,""current"":0.440,""power"":11.01,""ocv"":25.002,""cell_v"":4.163,""charging"":false,""latch"":true,""pi_status"":""offline"",""uptime_s"":1011}"
2026-06-25T07:41:09.477651,97.2,24.977,0.458,11.42,0,"{""soc"":97.2,""voltage"":24.977,""current"":0.458,""power"":11.42,""ocv"":25.002,""cell_v"":4.163,""charging"":false,""latch"":true,""pi_status"":""offline"",""uptime_s"":1016}"
2026-06-25T07:41:14.789115,97.2,24.976,0.468,11.67,0,"{""soc"":97.2,""voltage"":24.976,""current"":0.468,""power"":11.67,""ocv"":25.001,""cell_v"":4.163,""charging"":false,""latch"":true,""pi_status"":""offline"",""uptime_s"":1021}"
2026-06-25T07:41:19.294168,97.2,24.975,0.436,10.87,0,"{""soc"":97.2,""voltage"":24.975,""current"":0.436,""power"":10.87,""ocv"":24.999,""cell_v"":4.163,""charging"":false,""latch"":true,""pi_status"":""offline"",""uptime_s"":1026}"
2026-06-25T07:41:24.513712,97.2,24.974,0.44,11.01,0,"{""soc"":97.2,""voltage"":24.974,""current"":0.440,""power"":11.01,""ocv"":24.998,""cell_v"":4.162,""charging"":false,""latch"":true,""pi_status"":""offline"",""uptime_s"":1031}"
2026-06-25T07:41:29.316631,97.1,24.973,0.431,10.76,0,"{""soc"":97.1,""voltage"":24.973,""current"":0.431,""power"":10.76,""ocv"":24.996,""cell_v"":4.162,""charging"":false,""latch"":true,""pi_status"":""offline"",""uptime_s"":1036}"
2026-06-25T07:41:34.427795,97.1,24.972,0.445,11.12,0,"{""soc"":97.1,""voltage"":24.972,""current"":0.445,""power"":11.12,""ocv"":24.996,""cell_v"":4.162,""charging"":false,""latch"":true,""pi_status"":""offline"",""uptime_s"":1041}"
2026-06-25T07:41:39.359598,97.1,24.972,0.432,10.78,0,"{""soc"":97.1,""voltage"":24.972,""current"":0.432,""power"":10.78,""ocv"":24.995,""cell_v"":4.162,""charging"":false,""latch"":true,""pi_status"":""offline"",""uptime_s"":1046}"
2026-06-25T07:41:44.380294,97.1,24.971,0.427,10.64,0,"{""soc"":97.1,""voltage"":24.971,""current"":0.427,""power"":10.64,""ocv"":24.994,""cell_v"":4.162,""charging"":false,""latch"":true,""pi_status"":""offline"",""uptime_s"":1051}"
2026-06-25T07:41:49.384011,97.1,24.971,0.442,11.03,0,"{""soc"":97.1,""voltage"":24.971,""current"":0.442,""power"":11.03,""ocv"":24.995,""cell_v"":4.162,""charging"":false,""latch"":true,""pi_status"":""offline"",""uptime_s"":1056}"
2026-06-25T07:41:54.402408,97.1,24.969,0.446,11.15,0,"{""soc"":97.1,""voltage"":24.969,""current"":0.446,""power"":11.15,""ocv"":24.993,""cell_v"":4.162,""charging"":false,""latch"":true,""pi_status"":""offline"",""uptime_s"":1061}"
2026-06-25T07:41:59.319404,97.1,24.969,0.434,10.83,0,"{""soc"":97.1,""voltage"":24.969,""current"":0.434,""power"":10.83,""ocv"":24.992,""cell_v"":4.161,""charging"":false,""latch"":true,""pi_status"":""offline"",""uptime_s"":1066}"
2026-06-25T07:42:04.374206,97.0,24.967,0.437,10.89,0,"{""soc"":97.0,""voltage"":24.967,""current"":0.437,""power"":10.89,""ocv"":24.991,""cell_v"":4.161,""charging"":false,""latch"":true,""pi_status"":""offline"",""uptime_s"":1071}"
2026-06-25T07:42:09.358116,97.0,24.966,0.431,10.76,0,"{""soc"":97.0,""voltage"":24.966,""current"":0.431,""power"":10.76,""ocv"":24.990,""cell_v"":4.161,""charging"":false,""latch"":true,""pi_status"":""offline"",""uptime_s"":1076}"
2026-06-25T07:42:14.405349,97.0,24.966,0.429,10.73,0,"{""soc"":97.0,""voltage"":24.966,""current"":0.429,""power"":10.73,""ocv"":24.989,""cell_v"":4.161,""charging"":false,""latch"":true,""pi_status"":""offline"",""uptime_s"":1081}"
2026-06-25T07:42:19.408533,97.0,24.965,0.429,10.71,0,"{""soc"":97.0,""voltage"":24.965,""current"":0.429,""power"":10.71,""ocv"":24.988,""cell_v"":4.161,""charging"":false,""latch"":true,""pi_status"":""offline"",""uptime_s"":1086}"
2026-06-25T07:42:24.543743,97.0,24.964,0.431,10.76,0,"{""soc"":97.0,""voltage"":24.964,""current"":0.431,""power"":10.76,""ocv"":24.987,""cell_v"":4.161,""charging"":false,""latch"":true,""pi_status"":""offline"",""uptime_s"":1091}"
2026-06-25T07:42:29.335521,97.0,24.963,0.436,10.89,0,"{""soc"":97.0,""voltage"":24.963,""current"":0.436,""power"":10.89,""ocv"":24.986,""cell_v"":4.160,""charging"":false,""latch"":true,""pi_status"":""offline"",""uptime_s"":1096}"
2026-06-25T07:42:34.337872,97.0,24.961,0.438,10.92,0,"{""soc"":97.0,""voltage"":24.961,""current"":0.438,""power"":10.92,""ocv"":24.985,""cell_v"":4.160,""charging"":false,""latch"":true,""pi_status"":""offline"",""uptime_s"":1101}"
2026-06-25T07:42:39.894121,97.0,24.96,0.428,10.71,0,"{""soc"":97.0,""voltage"":24.960,""current"":0.428,""power"":10.71,""ocv"":24.983,""cell_v"":4.160,""charging"":false,""latch"":true,""pi_status"":""offline"",""uptime_s"":1106}"
2026-06-25T07:42:44.497836,96.9,24.959,0.479,11.92,0,"{""soc"":96.9,""voltage"":24.959,""current"":0.479,""power"":11.92,""ocv"":24.985,""cell_v"":4.160,""charging"":false,""latch"":true,""pi_status"":""offline"",""uptime_s"":1111}"
2026-06-25T07:42:49.421915,96.9,24.959,0.429,10.71,0,"{""soc"":96.9,""voltage"":24.959,""current"":0.429,""power"":10.71,""ocv"":24.982,""cell_v"":4.160,""charging"":false,""latch"":true,""pi_status"":""offline"",""uptime_s"":1116}"
2026-06-25T07:42:54.418582,96.9,24.958,0.424,10.6,0,"{""soc"":96.9,""voltage"":24.958,""current"":0.424,""power"":10.60,""ocv"":24.981,""cell_v"":4.160,""charging"":false,""latch"":true,""pi_status"":""offline"",""uptime_s"":1121}"
2026-06-25T07:42:59.348974,96.9,24.955,0.455,11.35,0,"{""soc"":96.9,""voltage"":24.955,""current"":0.455,""power"":11.35,""ocv"":24.980,""cell_v"":4.159,""charging"":false,""latch"":true,""pi_status"":""offline"",""uptime_s"":1126}"
2026-06-25T07:43:04.449701,96.9,24.953,0.62,15.47,0,"{""soc"":96.9,""voltage"":24.953,""current"":0.620,""power"":15.47,""ocv"":24.986,""cell_v"":4.159,""charging"":false,""latch"":true,""pi_status"":""offline"",""uptime_s"":1131}"
2026-06-25T07:43:09.360758,96.9,24.952,0.428,10.67,0,"{""soc"":96.9,""voltage"":24.952,""current"":0.428,""power"":10.67,""ocv"":24.975,""cell_v"":4.159,""charging"":false,""latch"":true,""pi_status"":""offline"",""uptime_s"":1136}"
2026-06-25T07:43:14.407102,96.9,24.951,0.554,13.82,0,"{""soc"":96.9,""voltage"":24.951,""current"":0.554,""power"":13.82,""ocv"":24.981,""cell_v"":4.159,""charging"":false,""latch"":true,""pi_status"":""offline"",""uptime_s"":1141}"
2026-06-25T07:43:19.395906,96.8,24.95,0.534,13.32,0,"{""soc"":96.8,""voltage"":24.950,""current"":0.534,""power"":13.32,""ocv"":24.979,""cell_v"":4.158,""charging"":false,""latch"":true,""pi_status"":""offline"",""uptime_s"":1146}"
2026-06-25T07:43:24.514654,96.6,24.949,0.459,11.47,0,"{""soc"":96.6,""voltage"":24.949,""current"":0.459,""power"":11.47,""ocv"":24.974,""cell_v"":4.158,""charging"":false,""latch"":true,""pi_status"":""offline"",""uptime_s"":1151}"
2026-06-25T07:43:29.436713,96.6,24.948,0.453,11.31,0,"{""soc"":96.6,""voltage"":24.948,""current"":0.453,""power"":11.31,""ocv"":24.973,""cell_v"":4.158,""charging"":false,""latch"":true,""pi_status"":""offline"",""uptime_s"":1156}"
2026-06-25T07:43:34.380827,96.6,24.948,0.459,11.44,0,"{""soc"":96.6,""voltage"":24.948,""current"":0.459,""power"":11.44,""ocv"":24.972,""cell_v"":4.158,""charging"":false,""latch"":true,""pi_status"":""offline"",""uptime_s"":1161}"
2026-06-25T07:43:39.368185,96.5,24.947,0.451,11.26,0,"{""soc"":96.5,""voltage"":24.947,""current"":0.451,""power"":11.26,""ocv"":24.971,""cell_v"":4.158,""charging"":false,""latch"":true,""pi_status"":""offline"",""uptime_s"":1166}"
2026-06-25T07:43:44.381909,96.5,24.946,0.492,12.27,0,"{""soc"":96.5,""voltage"":24.946,""current"":0.492,""power"":12.27,""ocv"":24.972,""cell_v"":4.158,""charging"":false,""latch"":true,""pi_status"":""offline"",""uptime_s"":1171}"
2026-06-25T07:43:49.408129,96.5,24.944,0.523,13.05,0,"{""soc"":96.5,""voltage"":24.944,""current"":0.523,""power"":13.05,""ocv"":24.972,""cell_v"":4.157,""charging"":false,""latch"":true,""pi_status"":""offline"",""uptime_s"":1176}"
2026-06-25T07:43:54.527637,96.5,24.941,0.535,13.32,0,"{""soc"":96.5,""voltage"":24.941,""current"":0.535,""power"":13.32,""ocv"":24.970,""cell_v"":4.157,""charging"":false,""latch"":true,""pi_status"":""offline"",""uptime_s"":1181}"
2026-06-25T07:43:59.675006,96.5,24.941,0.475,11.83,0,"{""soc"":96.5,""voltage"":24.941,""current"":0.475,""power"":11.83,""ocv"":24.966,""cell_v"":4.157,""charging"":false,""latch"":true,""pi_status"":""offline"",""uptime_s"":1186}"
2026-06-25T07:44:04.671838,96.5,24.94,0.438,10.92,0,"{""soc"":96.5,""voltage"":24.940,""current"":0.438,""power"":10.92,""ocv"":24.964,""cell_v"":4.157,""charging"":false,""latch"":true,""pi_status"":""offline"",""uptime_s"":1191}"
2026-06-25T07:44:09.473624,96.5,24.94,0.47,11.7,0,"{""soc"":96.5,""voltage"":24.940,""current"":0.470,""power"":11.70,""ocv"":24.965,""cell_v"":4.157,""charging"":false,""latch"":true,""pi_status"":""offline"",""uptime_s"":1196}"
2026-06-25T07:44:14.399722,96.4,24.939,0.52,12.95,0,"{""soc"":96.4,""voltage"":24.939,""current"":0.520,""power"":12.95,""ocv"":24.967,""cell_v"":4.156,""charging"":false,""latch"":true,""pi_status"":""offline"",""uptime_s"":1201}"
2026-06-25T07:44:19.418472,96.4,24.937,0.498,12.41,0,"{""soc"":96.4,""voltage"":24.937,""current"":0.498,""power"":12.41,""ocv"":24.964,""cell_v"":4.156,""charging"":false,""latch"":true,""pi_status"":""offline"",""uptime_s"":1206}"
2026-06-25T07:44:24.621325,96.4,24.936,0.51,12.7,0,"{""soc"":96.4,""voltage"":24.936,""current"":0.510,""power"":12.70,""ocv"":24.963,""cell_v"":4.156,""charging"":false,""latch"":true,""pi_status"":""offline"",""uptime_s"":1211}"
2026-06-25T07:44:29.438407,96.4,24.935,0.543,13.53,0,"{""soc"":96.4,""voltage"":24.935,""current"":0.543,""power"":13.53,""ocv"":24.964,""cell_v"":4.156,""charging"":false,""latch"":true,""pi_status"":""offline"",""uptime_s"":1216}"
2026-06-25T07:44:34.486000,96.4,24.934,0.509,12.68,0,"{""soc"":96.4,""voltage"":24.934,""current"":0.509,""power"":12.68,""ocv"":24.962,""cell_v"":4.156,""charging"":false,""latch"":true,""pi_status"":""offline"",""uptime_s"":1221}"
2026-06-25T07:44:39.400780,96.4,24.933,0.505,12.59,0,"{""soc"":96.4,""voltage"":24.933,""current"":0.505,""power"":12.59,""ocv"":24.960,""cell_v"":4.155,""charging"":false,""latch"":true,""pi_status"":""offline"",""uptime_s"":1226}"
2026-06-25T07:44:44.486791,96.4,24.932,0.461,11.49,0,"{""soc"":96.4,""voltage"":24.932,""current"":0.461,""power"":11.49,""ocv"":24.956,""cell_v"":4.155,""charging"":false,""latch"":true,""pi_status"":""offline"",""uptime_s"":1231}"
2026-06-25T07:44:49.435616,96.3,24.931,0.443,11.03,0,"{""soc"":96.3,""voltage"":24.931,""current"":0.443,""power"":11.03,""ocv"":24.955,""cell_v"":4.155,""charging"":false,""latch"":true,""pi_status"":""offline"",""uptime_s"":1236}"
2026-06-25T07:44:54.536403,96.3,24.93,0.654,16.3,0,"{""soc"":96.3,""voltage"":24.930,""current"":0.654,""power"":16.30,""ocv"":24.965,""cell_v"":4.155,""charging"":false,""latch"":true,""pi_status"":""offline"",""uptime_s"":1241}"
2026-06-25T07:44:59.451473,96.3,24.93,0.388,9.66,0,"{""soc"":96.3,""voltage"":24.930,""current"":0.388,""power"":9.66,""ocv"":24.951,""cell_v"":4.155,""charging"":false,""latch"":true,""pi_status"":""offline"",""uptime_s"":1246}"
2026-06-25T07:45:04.478935,96.3,24.928,0.541,13.48,0,"{""soc"":96.3,""voltage"":24.928,""current"":0.541,""power"":13.48,""ocv"":24.957,""cell_v"":4.155,""charging"":false,""latch"":true,""pi_status"":""offline"",""uptime_s"":1251}"
2026-06-25T07:45:09.508918,96.3,24.927,0.613,15.29,0,"{""soc"":96.3,""voltage"":24.927,""current"":0.613,""power"":15.29,""ocv"":24.960,""cell_v"":4.155,""charging"":false,""latch"":true,""pi_status"":""offline"",""uptime_s"":1256}"
2026-06-25T07:45:14.423105,96.3,24.927,0.444,11.05,0,"{""soc"":96.3,""voltage"":24.927,""current"":0.444,""power"":11.05,""ocv"":24.951,""cell_v"":4.154,""charging"":false,""latch"":true,""pi_status"":""offline"",""uptime_s"":1261}"
2026-06-25T07:45:19.434872,96.3,24.926,0.443,11.03,0,"{""soc"":96.3,""voltage"":24.926,""current"":0.443,""power"":11.03,""ocv"":24.950,""cell_v"":4.154,""charging"":false,""latch"":true,""pi_status"":""offline"",""uptime_s"":1266}"
2026-06-25T07:45:24.531309,96.2,24.926,0.434,10.83,0,"{""soc"":96.2,""voltage"":24.926,""current"":0.434,""power"":10.83,""ocv"":24.949,""cell_v"":4.154,""charging"":false,""latch"":true,""pi_status"":""offline"",""uptime_s"":1271}"
2026-06-25T07:45:29.449300,96.2,24.925,0.447,11.15,0,"{""soc"":96.2,""voltage"":24.925,""current"":0.447,""power"":11.15,""ocv"":24.949,""cell_v"":4.154,""charging"":false,""latch"":true,""pi_status"":""offline"",""uptime_s"":1276}"
2026-06-25T07:45:34.488392,96.2,24.925,0.446,11.1,0,"{""soc"":96.2,""voltage"":24.925,""current"":0.446,""power"":11.10,""ocv"":24.949,""cell_v"":4.154,""charging"":false,""latch"":true,""pi_status"":""offline"",""uptime_s"":1281}"
2026-06-25T07:45:39.492827,96.2,24.924,0.477,11.88,0,"{""soc"":96.2,""voltage"":24.924,""current"":0.477,""power"":11.88,""ocv"":24.949,""cell_v"":4.154,""charging"":false,""latch"":true,""pi_status"":""offline"",""uptime_s"":1286}"
2026-06-25T07:45:44.501638,96.2,24.922,0.448,11.17,0,"{""soc"":96.2,""voltage"":24.922,""current"":0.448,""power"":11.17,""ocv"":24.946,""cell_v"":4.154,""charging"":false,""latch"":true,""pi_status"":""offline"",""uptime_s"":1291}"
2026-06-25T07:45:49.444483,96.2,24.921,0.482,12.04,0,"{""soc"":96.2,""voltage"":24.921,""current"":0.482,""power"":12.04,""ocv"":24.947,""cell_v"":4.153,""charging"":false,""latch"":true,""pi_status"":""offline"",""uptime_s"":1296}"
2026-06-25T07:45:54.537558,96.2,24.919,0.52,12.95,0,"{""soc"":96.2,""voltage"":24.919,""current"":0.520,""power"":12.95,""ocv"":24.947,""cell_v"":4.153,""charging"":false,""latch"":true,""pi_status"":""offline"",""uptime_s"":1301}"
2026-06-25T07:45:59.487995,96.1,24.917,0.573,14.03,0,"{""soc"":96.1,""voltage"":24.917,""current"":0.573,""power"":14.03,""ocv"":24.948,""cell_v"":4.153,""charging"":false,""latch"":true,""pi_status"":""offline"",""uptime_s"":1306}"
2026-06-25T07:46:04.475173,96.1,24.915,0.573,14.26,0,"{""soc"":96.1,""voltage"":24.915,""current"":0.573,""power"":14.26,""ocv"":24.946,""cell_v"":4.152,""charging"":false,""latch"":true,""pi_status"":""offline"",""uptime_s"":1311}"
2026-06-25T07:46:09.497127,96.1,24.913,0.622,15.5,0,"{""soc"":96.1,""voltage"":24.913,""current"":0.622,""power"":15.50,""ocv"":24.947,""cell_v"":4.152,""charging"":false,""latch"":true,""pi_status"":""offline"",""uptime_s"":1316}"
2026-06-25T07:46:14.519311,96.1,24.913,0.436,10.87,0,"{""soc"":96.1,""voltage"":24.913,""current"":0.436,""power"":10.87,""ocv"":24.937,""cell_v"":4.152,""charging"":false,""latch"":true,""pi_status"":""offline"",""uptime_s"":1321}"
2026-06-25T07:46:19.518105,95.8,24.913,0.432,10.76,0,"{""soc"":95.8,""voltage"":24.913,""current"":0.432,""power"":10.76,""ocv"":24.936,""cell_v"":4.152,""charging"":false,""latch"":true,""pi_status"":""offline"",""uptime_s"":1326}"
2026-06-25T07:46:24.554137,95.8,24.913,0.436,10.85,0,"{""soc"":95.8,""voltage"":24.913,""current"":0.436,""power"":10.85,""ocv"":24.937,""cell_v"":4.152,""charging"":false,""latch"":true,""pi_status"":""offline"",""uptime_s"":1331}"
2026-06-25T07:46:29.879877,95.8,24.913,0.433,10.8,0,"{""soc"":95.8,""voltage"":24.913,""current"":0.433,""power"":10.80,""ocv"":24.936,""cell_v"":4.152,""charging"":false,""latch"":true,""pi_status"":""offline"",""uptime_s"":1336}"
2026-06-25T07:46:34.479363,95.8,24.912,0.436,10.85,0,"{""soc"":95.8,""voltage"":24.912,""current"":0.436,""power"":10.85,""ocv"":24.936,""cell_v"":4.152,""charging"":false,""latch"":true,""pi_status"":""offline"",""uptime_s"":1341}"
2026-06-25T07:46:39.730586,95.8,24.912,0.435,10.83,0,"{""soc"":95.8,""voltage"":24.912,""current"":0.435,""power"":10.83,""ocv"":24.935,""cell_v"":4.152,""charging"":false,""latch"":true,""pi_status"":""offline"",""uptime_s"":1346}"
2026-06-25T07:46:44.518140,95.8,24.911,0.443,11.03,0,"{""soc"":95.8,""voltage"":24.911,""current"":0.443,""power"":11.03,""ocv"":24.935,""cell_v"":4.152,""charging"":false,""latch"":true,""pi_status"":""offline"",""uptime_s"":1351}"
2026-06-25T07:46:49.535904,95.8,24.91,0.444,11.03,0,"{""soc"":95.8,""voltage"":24.910,""current"":0.444,""power"":11.03,""ocv"":24.934,""cell_v"":4.152,""charging"":false,""latch"":true,""pi_status"":""offline"",""uptime_s"":1356}"
2026-06-25T07:46:54.540976,95.7,24.909,0.436,10.87,0,"{""soc"":95.7,""voltage"":24.909,""current"":0.436,""power"":10.87,""ocv"":24.933,""cell_v"":4.152,""charging"":false,""latch"":true,""pi_status"":""offline"",""uptime_s"":1361}"
2026-06-25T07:46:59.482850,95.7,24.908,0.439,10.92,0,"{""soc"":95.7,""voltage"":24.908,""current"":0.439,""power"":10.92,""ocv"":24.932,""cell_v"":4.151,""charging"":false,""latch"":true,""pi_status"":""offline"",""uptime_s"":1366}"
2026-06-25T07:47:04.489210,95.7,24.908,0.435,10.83,0,"{""soc"":95.7,""voltage"":24.908,""current"":0.435,""power"":10.83,""ocv"":24.931,""cell_v"":4.151,""charging"":false,""latch"":true,""pi_status"":""offline"",""uptime_s"":1371}"
2026-06-25T07:47:09.492464,95.7,24.906,0.437,10.87,0,"{""soc"":95.7,""voltage"":24.906,""current"":0.437,""power"":10.87,""ocv"":24.930,""cell_v"":4.151,""charging"":false,""latch"":true,""pi_status"":""offline"",""uptime_s"":1376}"
2026-06-25T07:47:14.512587,95.7,24.906,0.443,11.01,0,"{""soc"":95.7,""voltage"":24.906,""current"":0.443,""power"":11.01,""ocv"":24.929,""cell_v"":4.151,""charging"":false,""latch"":true,""pi_status"":""offline"",""uptime_s"":1381}"
2026-06-25T07:47:19.556272,95.7,24.905,0.45,11.22,0,"{""soc"":95.7,""voltage"":24.905,""current"":0.450,""power"":11.22,""ocv"":24.929,""cell_v"":4.151,""charging"":false,""latch"":true,""pi_status"":""offline"",""uptime_s"":1386}"
2026-06-25T07:47:24.754932,95.7,24.904,0.456,11.33,0,"{""soc"":95.7,""voltage"":24.904,""current"":0.456,""power"":11.33,""ocv"":24.929,""cell_v"":4.151,""charging"":false,""latch"":true,""pi_status"":""offline"",""uptime_s"":1391}"
2026-06-25T07:47:29.669298,95.7,24.903,0.434,10.8,0,"{""soc"":95.7,""voltage"":24.903,""current"":0.434,""power"":10.80,""ocv"":24.927,""cell_v"":4.151,""charging"":false,""latch"":true,""pi_status"":""offline"",""uptime_s"":1396}"
2026-06-25T07:47:34.494479,95.6,24.903,0.438,10.89,0,"{""soc"":95.6,""voltage"":24.903,""current"":0.438,""power"":10.89,""ocv"":24.926,""cell_v"":4.150,""charging"":false,""latch"":true,""pi_status"":""offline"",""uptime_s"":1401}"
2026-06-25T07:47:39.525114,95.6,24.902,0.435,10.83,0,"{""soc"":95.6,""voltage"":24.902,""current"":0.435,""power"":10.83,""ocv"":24.925,""cell_v"":4.150,""charging"":false,""latch"":true,""pi_status"":""offline"",""uptime_s"":1406}"
2026-06-25T07:47:44.518566,95.6,24.901,0.44,10.96,0,"{""soc"":95.6,""voltage"":24.901,""current"":0.440,""power"":10.96,""ocv"":24.925,""cell_v"":4.150,""charging"":false,""latch"":true,""pi_status"":""offline"",""uptime_s"":1411}"
2026-06-25T07:47:49.669820,95.6,24.9,0.439,10.92,0,"{""soc"":95.6,""voltage"":24.900,""current"":0.439,""power"":10.92,""ocv"":24.923,""cell_v"":4.150,""charging"":false,""latch"":true,""pi_status"":""offline"",""uptime_s"":1416}"
2026-06-25T07:47:54.685220,95.6,24.898,0.438,10.89,0,"{""soc"":95.6,""voltage"":24.898,""current"":0.438,""power"":10.89,""ocv"":24.922,""cell_v"":4.150,""charging"":false,""latch"":true,""pi_status"":""offline"",""uptime_s"":1421}"
2026-06-25T07:47:59.798917,95.6,24.898,0.439,10.94,0,"{""soc"":95.6,""voltage"":24.898,""current"":0.439,""power"":10.94,""ocv"":24.921,""cell_v"":4.150,""charging"":false,""latch"":true,""pi_status"":""offline"",""uptime_s"":1426}"
2026-06-25T07:48:04.588272,95.6,24.897,0.451,11.26,0,"{""soc"":95.6,""voltage"":24.897,""current"":0.451,""power"":11.26,""ocv"":24.921,""cell_v"":4.149,""charging"":false,""latch"":true,""pi_status"":""offline"",""uptime_s"":1431}"
2026-06-25T07:48:09.513496,95.5,24.896,0.434,10.8,0,"{""soc"":95.5,""voltage"":24.896,""current"":0.434,""power"":10.80,""ocv"":24.919,""cell_v"":4.149,""charging"":false,""latch"":true,""pi_status"":""offline"",""uptime_s"":1436}"
2026-06-25T07:48:14.525942,95.5,24.895,0.437,10.85,0,"{""soc"":95.5,""voltage"":24.895,""current"":0.437,""power"":10.85,""ocv"":24.918,""cell_v"":4.149,""charging"":false,""latch"":true,""pi_status"":""offline"",""uptime_s"":1441}"
2026-06-25T07:48:19.542839,95.5,24.894,0.432,10.73,0,"{""soc"":95.5,""voltage"":24.894,""current"":0.432,""power"":10.73,""ocv"":24.917,""cell_v"":4.149,""charging"":false,""latch"":true,""pi_status"":""offline"",""uptime_s"":1446}"
2026-06-25T07:48:24.653570,95.5,24.893,0.449,11.15,0,"{""soc"":95.5,""voltage"":24.893,""current"":0.449,""power"":11.15,""ocv"":24.917,""cell_v"":4.149,""charging"":false,""latch"":true,""pi_status"":""offline"",""uptime_s"":1451}"
2026-06-25T07:48:29.596054,95.5,24.892,0.428,10.67,0,"{""soc"":95.5,""voltage"":24.892,""current"":0.428,""power"":10.67,""ocv"":24.915,""cell_v"":4.149,""charging"":false,""latch"":true,""pi_status"":""offline"",""uptime_s"":1456}"
2026-06-25T07:48:34.591159,95.5,24.891,0.426,10.57,0,"{""soc"":95.5,""voltage"":24.891,""current"":0.426,""power"":10.57,""ocv"":24.914,""cell_v"":4.149,""charging"":false,""latch"":true,""pi_status"":""offline"",""uptime_s"":1461}"
2026-06-25T07:48:39.533212,95.5,24.891,0.423,10.51,0,"{""soc"":95.5,""voltage"":24.891,""current"":0.423,""power"":10.51,""ocv"":24.913,""cell_v"":4.148,""charging"":false,""latch"":true,""pi_status"":""offline"",""uptime_s"":1466}"
2026-06-25T07:48:44.742780,95.5,24.89,0.428,10.64,0,"{""soc"":95.5,""voltage"":24.890,""current"":0.428,""power"":10.64,""ocv"":24.913,""cell_v"":4.148,""charging"":false,""latch"":true,""pi_status"":""offline"",""uptime_s"":1471}"
2026-06-25T07:48:49.545782,95.4,24.889,0.424,10.53,0,"{""soc"":95.4,""voltage"":24.889,""current"":0.424,""power"":10.53,""ocv"":24.912,""cell_v"":4.148,""charging"":false,""latch"":true,""pi_status"":""offline"",""uptime_s"":1476}"
2026-06-25T07:48:54.667009,95.4,24.888,0.424,10.53,0,"{""soc"":95.4,""voltage"":24.888,""current"":0.424,""power"":10.53,""ocv"":24.911,""cell_v"":4.148,""charging"":false,""latch"":true,""pi_status"":""offline"",""uptime_s"":1481}"
2026-06-25T07:48:59.574873,95.4,24.887,0.428,10.64,0,"{""soc"":95.4,""voltage"":24.887,""current"":0.428,""power"":10.64,""ocv"":24.910,""cell_v"":4.148,""charging"":false,""latch"":true,""pi_status"":""offline"",""uptime_s"":1486}"
2026-06-25T07:49:04.616307,95.4,24.885,0.496,12.31,0,"{""soc"":95.4,""voltage"":24.885,""current"":0.496,""power"":12.31,""ocv"":24.912,""cell_v"":4.148,""charging"":false,""latch"":true,""pi_status"":""offline"",""uptime_s"":1491}"
2026-06-25T07:49:09.739017,95.4,24.883,0.568,14.12,0,"{""soc"":95.4,""voltage"":24.883,""current"":0.568,""power"":14.12,""ocv"":24.914,""cell_v"":4.147,""charging"":false,""latch"":true,""pi_status"":""offline"",""uptime_s"":1496}"
2026-06-25T07:49:14.551722,95.4,24.882,0.469,11.65,0,"{""soc"":95.4,""voltage"":24.882,""current"":0.469,""power"":11.65,""ocv"":24.907,""cell_v"":4.147,""charging"":false,""latch"":true,""pi_status"":""offline"",""uptime_s"":1501}"
2026-06-25T07:49:19.658890,95.4,24.881,0.526,13.09,0,"{""soc"":95.4,""voltage"":24.881,""current"":0.526,""power"":13.09,""ocv"":24.909,""cell_v"":4.147,""charging"":false,""latch"":true,""pi_status"":""offline"",""uptime_s"":1506}"
2026-06-25T07:49:24.895869,95.4,24.879,0.445,11.08,0,"{""soc"":95.4,""voltage"":24.879,""current"":0.445,""power"":11.08,""ocv"":24.903,""cell_v"":4.146,""charging"":false,""latch"":true,""pi_status"":""offline"",""uptime_s"":1511}"
2026-06-25T07:49:29.609828,95.3,24.879,0.451,11.24,0,"{""soc"":95.3,""voltage"":24.879,""current"":0.451,""power"":11.24,""ocv"":24.903,""cell_v"":4.146,""charging"":false,""latch"":true,""pi_status"":""offline"",""uptime_s"":1516}"
2026-06-25T07:49:34.615736,95.1,24.878,0.439,10.94,0,"{""soc"":95.1,""voltage"":24.878,""current"":0.439,""power"":10.94,""ocv"":24.901,""cell_v"":4.146,""charging"":false,""latch"":true,""pi_status"":""offline"",""uptime_s"":1521}"
2026-06-25T07:49:39.615026,95.1,24.877,0.455,11.31,0,"{""soc"":95.1,""voltage"":24.877,""current"":0.455,""power"":11.31,""ocv"":24.902,""cell_v"":4.146,""charging"":false,""latch"":true,""pi_status"":""offline"",""uptime_s"":1526}"
2026-06-25T07:49:44.632745,95.1,24.877,0.443,11.01,0,"{""soc"":95.1,""voltage"":24.877,""current"":0.443,""power"":11.01,""ocv"":24.901,""cell_v"":4.146,""charging"":false,""latch"":true,""pi_status"":""offline"",""uptime_s"":1531}"
2026-06-25T07:49:49.647703,95.0,24.876,0.453,11.28,0,"{""soc"":95.0,""voltage"":24.876,""current"":0.453,""power"":11.28,""ocv"":24.901,""cell_v"":4.146,""charging"":false,""latch"":true,""pi_status"":""offline"",""uptime_s"":1536}"
2026-06-25T07:49:54.668785,95.0,24.875,0.435,10.8,0,"{""soc"":95.0,""voltage"":24.875,""current"":0.435,""power"":10.80,""ocv"":24.898,""cell_v"":4.146,""charging"":false,""latch"":true,""pi_status"":""offline"",""uptime_s"":1541}"
2026-06-25T07:49:59.797511,95.0,24.875,0.449,11.17,0,"{""soc"":95.0,""voltage"":24.875,""current"":0.449,""power"":11.17,""ocv"":24.899,""cell_v"":4.146,""charging"":false,""latch"":true,""pi_status"":""offline"",""uptime_s"":1546}"
2026-06-25T07:50:04.632178,95.0,24.874,0.445,11.05,0,"{""soc"":95.0,""voltage"":24.874,""current"":0.445,""power"":11.05,""ocv"":24.898,""cell_v"":4.146,""charging"":false,""latch"":true,""pi_status"":""offline"",""uptime_s"":1551}"
2026-06-25T07:50:09.622351,95.0,24.873,0.443,11.01,0,"{""soc"":95.0,""voltage"":24.873,""current"":0.443,""power"":11.01,""ocv"":24.897,""cell_v"":4.146,""charging"":false,""latch"":true,""pi_status"":""offline"",""uptime_s"":1556}"
2026-06-25T07:50:14.642360,95.0,24.871,0.469,11.65,0,"{""soc"":95.0,""voltage"":24.871,""current"":0.469,""power"":11.65,""ocv"":24.897,""cell_v"":4.145,""charging"":false,""latch"":true,""pi_status"":""offline"",""uptime_s"":1561}"
2026-06-25T07:50:19.588301,95.0,24.871,0.442,10.99,0,"{""soc"":95.0,""voltage"":24.871,""current"":0.442,""power"":10.99,""ocv"":24.894,""cell_v"":4.145,""charging"":false,""latch"":true,""pi_status"":""offline"",""uptime_s"":1566}"
2026-06-25T07:50:24.672103,94.9,24.869,0.487,12.11,0,"{""soc"":94.9,""voltage"":24.869,""current"":0.487,""power"":12.11,""ocv"":24.895,""cell_v"":4.145,""charging"":false,""latch"":true,""pi_status"":""offline"",""uptime_s"":1571}"
2026-06-25T07:50:29.588456,94.9,24.867,0.581,14.47,0,"{""soc"":94.9,""voltage"":24.867,""current"":0.581,""power"":14.47,""ocv"":24.899,""cell_v"":4.145,""charging"":false,""latch"":true,""pi_status"":""offline"",""uptime_s"":1576}"
2026-06-25T07:50:34.615258,94.9,24.865,0.591,14.69,0,"{""soc"":94.9,""voltage"":24.865,""current"":0.591,""power"":14.69,""ocv"":24.897,""cell_v"":4.144,""charging"":false,""latch"":true,""pi_status"":""offline"",""uptime_s"":1581}"
2026-06-25T07:50:39.666116,94.9,24.862,0.534,13.25,0,"{""soc"":94.9,""voltage"":24.862,""current"":0.534,""power"":13.25,""ocv"":24.891,""cell_v"":4.144,""charging"":false,""latch"":true,""pi_status"":""offline"",""uptime_s"":1586}"
2026-06-25T07:50:44.638778,94.9,24.861,0.54,13.41,0,"{""soc"":94.9,""voltage"":24.861,""current"":0.540,""power"":13.41,""ocv"":24.890,""cell_v"":4.143,""charging"":false,""latch"":true,""pi_status"":""offline"",""uptime_s"":1591}"
2026-06-25T07:50:49.689790,94.9,24.859,0.554,13.76,0,"{""soc"":94.9,""voltage"":24.859,""current"":0.554,""power"":13.76,""ocv"":24.889,""cell_v"":4.143,""charging"":false,""latch"":true,""pi_status"":""offline"",""uptime_s"":1596}"
2026-06-25T07:50:54.673359,94.9,24.858,0.522,12.98,0,"{""soc"":94.9,""voltage"":24.858,""current"":0.522,""power"":12.98,""ocv"":24.886,""cell_v"":4.143,""charging"":false,""latch"":true,""pi_status"":""offline"",""uptime_s"":1601}"
2026-06-25T07:50:59.604307,94.8,24.857,0.451,11.22,0,"{""soc"":94.8,""voltage"":24.857,""current"":0.451,""power"":11.22,""ocv"":24.881,""cell_v"":4.143,""charging"":false,""latch"":true,""pi_status"":""offline"",""uptime_s"":1606}"
2026-06-25T07:51:04.609925,94.8,24.856,0.461,11.49,0,"{""soc"":94.8,""voltage"":24.856,""current"":0.461,""power"":11.49,""ocv"":24.881,""cell_v"":4.143,""charging"":false,""latch"":true,""pi_status"":""offline"",""uptime_s"":1611}"
2026-06-25T07:51:09.626159,94.8,24.855,0.486,12.08,0,"{""soc"":94.8,""voltage"":24.855,""current"":0.486,""power"":12.08,""ocv"":24.881,""cell_v"":4.142,""charging"":false,""latch"":true,""pi_status"":""offline"",""uptime_s"":1616}"
2026-06-25T07:51:14.645798,94.8,24.854,0.52,12.91,0,"{""soc"":94.8,""voltage"":24.854,""current"":0.520,""power"":12.91,""ocv"":24.882,""cell_v"":4.142,""charging"":false,""latch"":true,""pi_status"":""offline"",""uptime_s"":1621}"
2026-06-25T07:51:19.690159,94.8,24.853,0.49,12.15,0,"{""soc"":94.8,""voltage"":24.853,""current"":0.490,""power"":12.15,""ocv"":24.879,""cell_v"":4.142,""charging"":false,""latch"":true,""pi_status"":""offline"",""uptime_s"":1626}"
2026-06-25T07:51:24.778878,94.8,24.853,0.438,10.89,0,"{""soc"":94.8,""voltage"":24.853,""current"":0.438,""power"":10.89,""ocv"":24.876,""cell_v"":4.142,""charging"":false,""latch"":true,""pi_status"":""offline"",""uptime_s"":1631}"
2026-06-25T07:51:29.620078,94.7,24.851,0.519,12.89,0,"{""soc"":94.7,""voltage"":24.851,""current"":0.519,""power"":12.89,""ocv"":24.879,""cell_v"":4.142,""charging"":false,""latch"":true,""pi_status"":""offline"",""uptime_s"":1636}"
2026-06-25T07:51:34.716317,94.7,24.851,0.429,10.69,0,"{""soc"":94.7,""voltage"":24.851,""current"":0.429,""power"":10.69,""ocv"":24.874,""cell_v"":4.142,""charging"":false,""latch"":true,""pi_status"":""offline"",""uptime_s"":1641}"
2026-06-25T07:51:39.634548,94.7,24.851,0.464,11.51,0,"{""soc"":94.7,""voltage"":24.851,""current"":0.464,""power"":11.51,""ocv"":24.876,""cell_v"":4.142,""charging"":false,""latch"":true,""pi_status"":""offline"",""uptime_s"":1646}"
2026-06-25T07:51:44.651954,94.7,24.849,0.522,12.98,0,"{""soc"":94.7,""voltage"":24.849,""current"":0.522,""power"":12.98,""ocv"":24.877,""cell_v"":4.142,""charging"":false,""latch"":true,""pi_status"":""offline"",""uptime_s"":1651}"
2026-06-25T07:51:49.687633,94.7,24.848,0.596,14.81,0,"{""soc"":94.7,""voltage"":24.848,""current"":0.596,""power"":14.81,""ocv"":24.880,""cell_v"":4.141,""charging"":false,""latch"":true,""pi_status"":""offline"",""uptime_s"":1656}"
2026-06-25T07:51:54.914366,94.7,24.847,0.463,11.49,0,"{""soc"":94.7,""voltage"":24.847,""current"":0.463,""power"":11.49,""ocv"":24.871,""cell_v"":4.141,""charging"":false,""latch"":true,""pi_status"":""offline"",""uptime_s"":1661}"
2026-06-25T07:51:59.710822,94.4,24.846,0.535,13.3,0,"{""soc"":94.4,""voltage"":24.846,""current"":0.535,""power"":13.30,""ocv"":24.875,""cell_v"":4.141,""charging"":false,""latch"":true,""pi_status"":""offline"",""uptime_s"":1666}"
2026-06-25T07:52:04.649863,94.4,24.845,0.481,11.95,0,"{""soc"":94.4,""voltage"":24.845,""current"":0.481,""power"":11.95,""ocv"":24.871,""cell_v"":4.141,""charging"":false,""latch"":true,""pi_status"":""offline"",""uptime_s"":1671}"
2026-06-25T07:52:09.644027,94.4,24.844,0.536,13.34,0,"{""soc"":94.4,""voltage"":24.844,""current"":0.536,""power"":13.34,""ocv"":24.873,""cell_v"":4.141,""charging"":false,""latch"":true,""pi_status"":""offline"",""uptime_s"":1676}"
2026-06-25T07:52:14.679187,94.4,24.843,0.488,12.11,0,"{""soc"":94.4,""voltage"":24.843,""current"":0.488,""power"":12.11,""ocv"":24.869,""cell_v"":4.140,""charging"":false,""latch"":true,""pi_status"":""offline"",""uptime_s"":1681}"
2026-06-25T07:52:19.685405,94.4,24.842,0.504,12.52,0,"{""soc"":94.4,""voltage"":24.842,""current"":0.504,""power"":12.52,""ocv"":24.869,""cell_v"":4.140,""charging"":false,""latch"":true,""pi_status"":""offline"",""uptime_s"":1686}"
2026-06-25T07:52:24.917633,94.3,24.842,0.497,12.34,0,"{""soc"":94.3,""voltage"":24.842,""current"":0.497,""power"":12.34,""ocv"":24.868,""cell_v"":4.140,""charging"":false,""latch"":true,""pi_status"":""offline"",""uptime_s"":1691}"
2026-06-25T07:52:29.730120,94.3,24.841,0.493,12.27,0,"{""soc"":94.3,""voltage"":24.841,""current"":0.493,""power"":12.27,""ocv"":24.867,""cell_v"":4.140,""charging"":false,""latch"":true,""pi_status"":""offline"",""uptime_s"":1696}"
2026-06-25T07:52:34.729967,94.3,24.84,0.498,12.36,0,"{""soc"":94.3,""voltage"":24.840,""current"":0.498,""power"":12.36,""ocv"":24.867,""cell_v"":4.140,""charging"":false,""latch"":true,""pi_status"":""offline"",""uptime_s"":1701}"
2026-06-25T07:52:39.662818,94.3,24.839,0.493,12.27,0,"{""soc"":94.3,""voltage"":24.839,""current"":0.493,""power"":12.27,""ocv"":24.865,""cell_v"":4.140,""charging"":false,""latch"":true,""pi_status"":""offline"",""uptime_s"":1706}"
2026-06-25T07:52:44.754527,94.3,24.838,0.493,12.25,0,"{""soc"":94.3,""voltage"":24.838,""current"":0.493,""power"":12.25,""ocv"":24.865,""cell_v"":4.140,""charging"":false,""latch"":true,""pi_status"":""offline"",""uptime_s"":1711}"
2026-06-25T07:52:49.811478,94.3,24.836,0.545,13.53,0,"{""soc"":94.3,""voltage"":24.836,""current"":0.545,""power"":13.53,""ocv"":24.865,""cell_v"":4.139,""charging"":false,""latch"":true,""pi_status"":""offline"",""uptime_s"":1716}"
2026-06-25T07:52:54.790107,94.3,24.835,0.546,13.55,0,"{""soc"":94.3,""voltage"":24.835,""current"":0.546,""power"":13.55,""ocv"":24.864,""cell_v"":4.139,""charging"":false,""latch"":true,""pi_status"":""offline"",""uptime_s"":1721}"
2026-06-25T07:52:59.713132,94.2,24.834,0.443,10.99,0,"{""soc"":94.2,""voltage"":24.834,""current"":0.443,""power"":10.99,""ocv"":24.858,""cell_v"":4.139,""charging"":false,""latch"":true,""pi_status"":""offline"",""uptime_s"":1726}"
2026-06-25T07:53:04.963153,94.2,24.832,0.54,13.39,0,"{""soc"":94.2,""voltage"":24.832,""current"":0.540,""power"":13.39,""ocv"":24.861,""cell_v"":4.139,""charging"":false,""latch"":true,""pi_status"":""offline"",""uptime_s"":1731}"
2026-06-25T07:53:09.774733,94.2,24.831,0.542,13.44,0,"{""soc"":94.2,""voltage"":24.831,""current"":0.542,""power"":13.44,""ocv"":24.860,""cell_v"":4.138,""charging"":false,""latch"":true,""pi_status"":""offline"",""uptime_s"":1736}"
2026-06-25T07:53:14.696027,94.2,24.83,0.537,13.37,0,"{""soc"":94.2,""voltage"":24.830,""current"":0.537,""power"":13.37,""ocv"":24.859,""cell_v"":4.138,""charging"":false,""latch"":true,""pi_status"":""offline"",""uptime_s"":1741}"
2026-06-25T07:53:19.701050,94.2,24.828,0.491,12.2,0,"{""soc"":94.2,""voltage"":24.828,""current"":0.491,""power"":12.20,""ocv"":24.854,""cell_v"":4.138,""charging"":false,""latch"":true,""pi_status"":""offline"",""uptime_s"":1746}"
2026-06-25T07:53:24.824460,94.2,24.827,0.537,13.34,0,"{""soc"":94.2,""voltage"":24.827,""current"":0.537,""power"":13.34,""ocv"":24.856,""cell_v"":4.138,""charging"":false,""latch"":true,""pi_status"":""offline"",""uptime_s"":1751}"
2026-06-25T07:53:29.710942,94.1,24.825,0.603,14.99,0,"{""soc"":94.1,""voltage"":24.825,""current"":0.603,""power"":14.99,""ocv"":24.857,""cell_v"":4.138,""charging"":false,""latch"":true,""pi_status"":""offline"",""uptime_s"":1756}"
2026-06-25T07:53:34.971760,94.1,24.824,0.45,11.17,0,"{""soc"":94.1,""voltage"":24.824,""current"":0.450,""power"":11.17,""ocv"":24.848,""cell_v"":4.137,""charging"":false,""latch"":true,""pi_status"":""offline"",""uptime_s"":1761}"
2026-06-25T07:53:39.783702,94.1,24.823,0.559,13.87,0,"{""soc"":94.1,""voltage"":24.823,""current"":0.559,""power"":13.87,""ocv"":24.853,""cell_v"":4.137,""charging"":false,""latch"":true,""pi_status"":""offline"",""uptime_s"":1766}"
2026-06-25T07:53:44.689686,94.1,24.822,0.568,14.08,0,"{""soc"":94.1,""voltage"":24.822,""current"":0.568,""power"":14.08,""ocv"":24.852,""cell_v"":4.137,""charging"":false,""latch"":true,""pi_status"":""offline"",""uptime_s"":1771}"
2026-06-25T07:53:49.691867,94.1,24.82,0.531,13.16,0,"{""soc"":94.1,""voltage"":24.820,""current"":0.531,""power"":13.16,""ocv"":24.849,""cell_v"":4.137,""charging"":false,""latch"":true,""pi_status"":""offline"",""uptime_s"":1776}"
2026-06-25T07:53:54.797688,94.1,24.82,0.455,11.28,0,"{""soc"":94.1,""voltage"":24.820,""current"":0.455,""power"":11.28,""ocv"":24.844,""cell_v"":4.137,""charging"":false,""latch"":true,""pi_status"":""offline"",""uptime_s"":1781}"
2026-06-25T07:53:59.752817,94.0,24.819,0.446,11.05,0,"{""soc"":94.0,""voltage"":24.819,""current"":0.446,""power"":11.05,""ocv"":24.843,""cell_v"":4.137,""charging"":false,""latch"":true,""pi_status"":""offline"",""uptime_s"":1786}"
2026-06-25T07:54:04.750247,94.0,24.818,0.57,14.17,0,"{""soc"":94.0,""voltage"":24.818,""current"":0.570,""power"":14.17,""ocv"":24.849,""cell_v"":4.136,""charging"":false,""latch"":true,""pi_status"":""offline"",""uptime_s"":1791}"
2026-06-25T07:54:09.972410,94.0,24.818,0.625,15.52,0,"{""soc"":94.0,""voltage"":24.818,""current"":0.625,""power"":15.52,""ocv"":24.851,""cell_v"":4.136,""charging"":false,""latch"":true,""pi_status"":""offline"",""uptime_s"":1796}"
2026-06-25T07:54:14.767942,94.0,24.817,0.56,13.89,0,"{""soc"":94.0,""voltage"":24.817,""current"":0.560,""power"":13.89,""ocv"":24.847,""cell_v"":4.136,""charging"":false,""latch"":true,""pi_status"":""offline"",""uptime_s"":1801}"
2026-06-25T07:54:19.719946,94.0,24.816,0.58,14.37,0,"{""soc"":94.0,""voltage"":24.816,""current"":0.580,""power"":14.37,""ocv"":24.847,""cell_v"":4.136,""charging"":false,""latch"":true,""pi_status"":""offline"",""uptime_s"":1806}"
2026-06-25T07:54:24.801773,94.0,24.815,0.535,13.28,0,"{""soc"":94.0,""voltage"":24.815,""current"":0.535,""power"":13.28,""ocv"":24.844,""cell_v"":4.136,""charging"":false,""latch"":true,""pi_status"":""offline"",""uptime_s"":1811}"
2026-06-25T07:54:29.731002,94.0,24.814,0.515,12.77,0,"{""soc"":94.0,""voltage"":24.814,""current"":0.515,""power"":12.77,""ocv"":24.841,""cell_v"":4.136,""charging"":false,""latch"":true,""pi_status"":""offline"",""uptime_s"":1816}"
2026-06-25T07:54:34.770204,93.9,24.812,0.566,14.03,0,"{""soc"":93.9,""voltage"":24.812,""current"":0.566,""power"":14.03,""ocv"":24.843,""cell_v"":4.135,""charging"":false,""latch"":true,""pi_status"":""offline"",""uptime_s"":1821}"
2026-06-25T07:54:39.975686,93.9,24.811,0.448,11.12,0,"{""soc"":93.9,""voltage"":24.811,""current"":0.448,""power"":11.12,""ocv"":24.835,""cell_v"":4.135,""charging"":false,""latch"":true,""pi_status"":""offline"",""uptime_s"":1826}"
2026-06-25T07:54:44.786675,93.9,24.81,0.476,11.79,0,"{""soc"":93.9,""voltage"":24.810,""current"":0.476,""power"":11.79,""ocv"":24.835,""cell_v"":4.135,""charging"":false,""latch"":true,""pi_status"":""offline"",""uptime_s"":1831}"
2026-06-25T07:54:49.820562,93.7,24.809,0.453,11.24,0,"{""soc"":93.7,""voltage"":24.809,""current"":0.453,""power"":11.24,""ocv"":24.834,""cell_v"":4.135,""charging"":false,""latch"":true,""pi_status"":""offline"",""uptime_s"":1836}"
2026-06-25T07:54:54.820029,93.6,24.809,0.444,11.01,0,"{""soc"":93.6,""voltage"":24.809,""current"":0.444,""power"":11.01,""ocv"":24.833,""cell_v"":4.135,""charging"":false,""latch"":true,""pi_status"":""offline"",""uptime_s"":1841}"
2026-06-25T07:54:59.761880,93.6,24.809,0.457,11.35,0,"{""soc"":93.6,""voltage"":24.809,""current"":0.457,""power"":11.35,""ocv"":24.834,""cell_v"":4.135,""charging"":false,""latch"":true,""pi_status"":""offline"",""uptime_s"":1846}"
2026-06-25T07:55:04.749883,93.6,24.809,0.443,10.99,0,"{""soc"":93.6,""voltage"":24.809,""current"":0.443,""power"":10.99,""ocv"":24.833,""cell_v"":4.135,""charging"":false,""latch"":true,""pi_status"":""offline"",""uptime_s"":1851}"
2026-06-25T07:55:09.786256,93.6,24.808,0.46,11.4,0,"{""soc"":93.6,""voltage"":24.808,""current"":0.460,""power"":11.40,""ocv"":24.833,""cell_v"":4.135,""charging"":false,""latch"":true,""pi_status"":""offline"",""uptime_s"":1856}"
2026-06-25T07:55:14.803984,93.6,24.807,0.44,10.94,0,"{""soc"":93.6,""voltage"":24.807,""current"":0.440,""power"":10.94,""ocv"":24.831,""cell_v"":4.135,""charging"":false,""latch"":true,""pi_status"":""offline"",""uptime_s"":1861}"
2026-06-25T07:55:20.033579,93.6,24.807,0.437,10.85,0,"{""soc"":93.6,""voltage"":24.807,""current"":0.437,""power"":10.85,""ocv"":24.831,""cell_v"":4.135,""charging"":false,""latch"":true,""pi_status"":""offline"",""uptime_s"":1866}"
2026-06-25T07:55:24.955329,93.6,24.806,0.436,10.83,0,"{""soc"":93.6,""voltage"":24.806,""current"":0.436,""power"":10.83,""ocv"":24.830,""cell_v"":4.134,""charging"":false,""latch"":true,""pi_status"":""offline"",""uptime_s"":1871}"
2026-06-25T07:55:29.961470,93.5,24.806,0.442,10.89,0,"{""soc"":93.5,""voltage"":24.806,""current"":0.442,""power"":10.89,""ocv"":24.830,""cell_v"":4.134,""charging"":false,""latch"":true,""pi_status"":""offline"",""uptime_s"":1876}"
2026-06-25T07:55:34.754322,93.5,24.803,0.436,10.83,0,"{""soc"":93.5,""voltage"":24.803,""current"":0.436,""power"":10.83,""ocv"":24.827,""cell_v"":4.134,""charging"":false,""latch"":true,""pi_status"":""offline"",""uptime_s"":1881}"
2026-06-25T07:55:39.800872,93.5,24.803,0.438,10.85,0,"{""soc"":93.5,""voltage"":24.803,""current"":0.438,""power"":10.85,""ocv"":24.827,""cell_v"":4.134,""charging"":false,""latch"":true,""pi_status"":""offline"",""uptime_s"":1886}"
2026-06-25T07:55:44.794165,93.5,24.803,0.437,10.83,0,"{""soc"":93.5,""voltage"":24.803,""current"":0.437,""power"":10.83,""ocv"":24.826,""cell_v"":4.134,""charging"":false,""latch"":true,""pi_status"":""offline"",""uptime_s"":1891}"
2026-06-25T07:55:49.830591,93.5,24.802,0.431,10.69,0,"{""soc"":93.5,""voltage"":24.802,""current"":0.431,""power"":10.69,""ocv"":24.825,""cell_v"":4.134,""charging"":false,""latch"":true,""pi_status"":""offline"",""uptime_s"":1896}"
2026-06-25T07:55:54.921355,93.5,24.801,0.439,10.92,0,"{""soc"":93.5,""voltage"":24.801,""current"":0.439,""power"":10.92,""ocv"":24.825,""cell_v"":4.134,""charging"":false,""latch"":true,""pi_status"":""offline"",""uptime_s"":1901}"
2026-06-25T07:55:59.861763,93.5,24.8,0.436,10.83,0,"{""soc"":93.5,""voltage"":24.800,""current"":0.436,""power"":10.83,""ocv"":24.824,""cell_v"":4.133,""charging"":false,""latch"":true,""pi_status"":""offline"",""uptime_s"":1906}"
2026-06-25T07:56:04.773324,93.5,24.8,0.435,10.78,0,"{""soc"":93.5,""voltage"":24.800,""current"":0.435,""power"":10.78,""ocv"":24.823,""cell_v"":4.133,""charging"":false,""latch"":true,""pi_status"":""offline"",""uptime_s"":1911}"
2026-06-25T07:56:09.781896,93.4,24.799,0.442,10.94,0,"{""soc"":93.4,""voltage"":24.799,""current"":0.442,""power"":10.94,""ocv"":24.823,""cell_v"":4.133,""charging"":false,""latch"":true,""pi_status"":""offline"",""uptime_s"":1916}"
2026-06-25T07:56:14.922195,93.4,24.797,0.443,10.96,0,"{""soc"":93.4,""voltage"":24.797,""current"":0.443,""power"":10.96,""ocv"":24.821,""cell_v"":4.133,""charging"":false,""latch"":true,""pi_status"":""offline"",""uptime_s"":1921}"
2026-06-25T07:56:19.939408,93.4,24.796,0.44,10.92,0,"{""soc"":93.4,""voltage"":24.796,""current"":0.440,""power"":10.92,""ocv"":24.820,""cell_v"":4.133,""charging"":false,""latch"":true,""pi_status"":""offline"",""uptime_s"":1926}"
2026-06-25T07:56:24.920920,93.4,24.796,0.428,10.64,0,"{""soc"":93.4,""voltage"":24.796,""current"":0.428,""power"":10.64,""ocv"":24.819,""cell_v"":4.133,""charging"":false,""latch"":true,""pi_status"":""offline"",""uptime_s"":1931}"
2026-06-25T07:56:29.956152,93.4,24.795,0.461,11.42,0,"{""soc"":93.4,""voltage"":24.795,""current"":0.461,""power"":11.42,""ocv"":24.819,""cell_v"":4.132,""charging"":false,""latch"":true,""pi_status"":""offline"",""uptime_s"":1936}"
2026-06-25T07:56:34.790188,93.4,24.795,0.422,10.44,0,"{""soc"":93.4,""voltage"":24.795,""current"":0.422,""power"":10.44,""ocv"":24.817,""cell_v"":4.132,""charging"":false,""latch"":true,""pi_status"":""offline"",""uptime_s"":1941}"
2026-06-25T07:56:39.786840,93.4,24.794,0.427,10.6,0,"{""soc"":93.4,""voltage"":24.794,""current"":0.427,""power"":10.60,""ocv"":24.817,""cell_v"":4.132,""charging"":false,""latch"":true,""pi_status"":""offline"",""uptime_s"":1946}"
2026-06-25T07:56:45.009403,93.4,24.793,0.425,10.55,0,"{""soc"":93.4,""voltage"":24.793,""current"":0.425,""power"":10.55,""ocv"":24.816,""cell_v"":4.132,""charging"":false,""latch"":true,""pi_status"":""offline"",""uptime_s"":1951}"
2026-06-25T07:56:49.820102,93.3,24.792,0.428,10.62,0,"{""soc"":93.3,""voltage"":24.792,""current"":0.428,""power"":10.62,""ocv"":24.815,""cell_v"":4.132,""charging"":false,""latch"":true,""pi_status"":""offline"",""uptime_s"":1956}"
2026-06-25T07:56:55.025146,93.3,24.792,0.498,12.36,0,"{""soc"":93.3,""voltage"":24.792,""current"":0.498,""power"":12.36,""ocv"":24.818,""cell_v"":4.132,""charging"":false,""latch"":true,""pi_status"":""offline"",""uptime_s"":1961}"
2026-06-25T07:56:59.857673,93.3,24.79,0.521,12.91,0,"{""soc"":93.3,""voltage"":24.790,""current"":0.521,""power"":12.91,""ocv"":24.818,""cell_v"":4.132,""charging"":false,""latch"":true,""pi_status"":""offline"",""uptime_s"":1966}"
2026-06-25T07:57:04.867429,93.3,24.789,0.429,10.67,0,"{""soc"":93.3,""voltage"":24.789,""current"":0.429,""power"":10.67,""ocv"":24.812,""cell_v"":4.131,""charging"":false,""latch"":true,""pi_status"":""offline"",""uptime_s"":1971}"
2026-06-25T07:57:09.875755,93.3,24.787,0.438,10.87,0,"{""soc"":93.3,""voltage"":24.787,""current"":0.438,""power"":10.87,""ocv"":24.811,""cell_v"":4.131,""charging"":false,""latch"":true,""pi_status"":""offline"",""uptime_s"":1976}"
2026-06-25T07:57:14.821595,93.3,24.787,0.425,10.53,0,"{""soc"":93.3,""voltage"":24.787,""current"":0.425,""power"":10.53,""ocv"":24.810,""cell_v"":4.131,""charging"":false,""latch"":true,""pi_status"":""offline"",""uptime_s"":1981}"
2026-06-25T07:57:19.808473,93.3,24.787,0.447,11.05,0,"{""soc"":93.3,""voltage"":24.787,""current"":0.447,""power"":11.05,""ocv"":24.811,""cell_v"":4.131,""charging"":false,""latch"":true,""pi_status"":""offline"",""uptime_s"":1986}"
2026-06-25T07:57:24.954683,93.2,24.785,0.431,10.67,0,"{""soc"":93.2,""voltage"":24.785,""current"":0.431,""power"":10.67,""ocv"":24.808,""cell_v"":4.131,""charging"":false,""latch"":true,""pi_status"":""offline"",""uptime_s"":1991}"
2026-06-25T07:57:29.857736,93.2,24.785,0.433,10.73,0,"{""soc"":93.2,""voltage"":24.785,""current"":0.433,""power"":10.73,""ocv"":24.808,""cell_v"":4.131,""charging"":false,""latch"":true,""pi_status"":""offline"",""uptime_s"":1996}"
2026-06-25T07:57:34.995777,93.2,24.784,0.442,10.94,0,"{""soc"":93.2,""voltage"":24.784,""current"":0.442,""power"":10.94,""ocv"":24.808,""cell_v"":4.131,""charging"":false,""latch"":true,""pi_status"":""offline"",""uptime_s"":2001}"
2026-06-25T07:57:39.814875,93.2,24.783,0.602,14.9,0,"{""soc"":93.2,""voltage"":24.783,""current"":0.602,""power"":14.90,""ocv"":24.815,""cell_v"":4.130,""charging"":false,""latch"":true,""pi_status"":""offline"",""uptime_s"":2006}"
2026-06-25T07:57:44.819268,93.2,24.781,0.545,13.5,0,"{""soc"":93.2,""voltage"":24.781,""current"":0.545,""power"":13.50,""ocv"":24.810,""cell_v"":4.130,""charging"":false,""latch"":true,""pi_status"":""offline"",""uptime_s"":2011}"
2026-06-25T07:57:49.955258,93.2,24.78,0.437,10.83,0,"{""soc"":93.2,""voltage"":24.780,""current"":0.437,""power"":10.83,""ocv"":24.804,""cell_v"":4.130,""charging"":false,""latch"":true,""pi_status"":""offline"",""uptime_s"":2016}"
2026-06-25T07:57:54.939229,93.2,24.78,0.428,10.6,0,"{""soc"":93.2,""voltage"":24.780,""current"":0.428,""power"":10.60,""ocv"":24.803,""cell_v"":4.130,""charging"":false,""latch"":true,""pi_status"":""offline"",""uptime_s"":2021}"
2026-06-25T07:57:59.849469,93.1,24.779,0.429,10.6,0,"{""soc"":93.1,""voltage"":24.779,""current"":0.429,""power"":10.60,""ocv"":24.803,""cell_v"":4.130,""charging"":false,""latch"":true,""pi_status"":""offline"",""uptime_s"":2026}"
2026-06-25T07:58:05.287924,93.1,24.779,0.429,10.64,0,"{""soc"":93.1,""voltage"":24.779,""current"":0.429,""power"":10.64,""ocv"":24.802,""cell_v"":4.130,""charging"":false,""latch"":true,""pi_status"":""offline"",""uptime_s"":2031}"
2026-06-25T07:58:10.102842,93.1,24.778,0.44,10.92,0,"{""soc"":93.1,""voltage"":24.778,""current"":0.440,""power"":10.92,""ocv"":24.802,""cell_v"":4.130,""charging"":false,""latch"":true,""pi_status"":""offline"",""uptime_s"":2036}"
2026-06-25T07:58:14.896859,93.1,24.777,0.486,12.04,0,"{""soc"":93.1,""voltage"":24.777,""current"":0.486,""power"":12.04,""ocv"":24.803,""cell_v"":4.130,""charging"":false,""latch"":true,""pi_status"":""offline"",""uptime_s"":2041}"
2026-06-25T07:58:19.855877,93.1,24.775,0.565,13.98,0,"{""soc"":93.1,""voltage"":24.775,""current"":0.565,""power"":13.98,""ocv"":24.805,""cell_v"":4.129,""charging"":false,""latch"":true,""pi_status"":""offline"",""uptime_s"":2046}"
2026-06-25T07:58:24.936014,93.1,24.772,0.875,21.68,0,"{""soc"":93.1,""voltage"":24.772,""current"":0.875,""power"":21.68,""ocv"":24.819,""cell_v"":4.129,""charging"":false,""latch"":true,""pi_status"":""offline"",""uptime_s"":2051}"
2026-06-25T07:58:29.885523,93.1,24.769,0.575,14.21,0,"{""soc"":93.1,""voltage"":24.769,""current"":0.575,""power"":14.21,""ocv"":24.800,""cell_v"":4.128,""charging"":false,""latch"":true,""pi_status"":""offline"",""uptime_s"":2056}"
2026-06-25T07:58:34.997959,93.0,24.768,0.546,13.53,0,"{""soc"":93.0,""voltage"":24.768,""current"":0.546,""power"":13.53,""ocv"":24.797,""cell_v"":4.128,""charging"":false,""latch"":true,""pi_status"":""offline"",""uptime_s"":2061}"
2026-06-25T07:58:39.887164,92.8,24.768,0.435,10.76,0,"{""soc"":92.8,""voltage"":24.768,""current"":0.435,""power"":10.76,""ocv"":24.792,""cell_v"":4.128,""charging"":false,""latch"":true,""pi_status"":""offline"",""uptime_s"":2066}"
2026-06-25T07:58:44.902153,92.8,24.768,0.519,12.84,0,"{""soc"":92.8,""voltage"":24.768,""current"":0.519,""power"":12.84,""ocv"":24.796,""cell_v"":4.128,""charging"":false,""latch"":true,""pi_status"":""offline"",""uptime_s"":2071}"
2026-06-25T07:58:49.849852,92.8,24.767,0.429,10.64,0,"{""soc"":92.8,""voltage"":24.767,""current"":0.429,""power"":10.64,""ocv"":24.790,""cell_v"":4.128,""charging"":false,""latch"":true,""pi_status"":""offline"",""uptime_s"":2076}"
2026-06-25T07:58:54.945927,92.7,24.766,0.459,11.42,0,"{""soc"":92.7,""voltage"":24.766,""current"":0.459,""power"":11.42,""ocv"":24.791,""cell_v"":4.128,""charging"":false,""latch"":true,""pi_status"":""offline"",""uptime_s"":2081}"
2026-06-25T07:58:59.857107,92.7,24.765,0.428,10.6,0,"{""soc"":92.7,""voltage"":24.765,""current"":0.428,""power"":10.60,""ocv"":24.788,""cell_v"":4.128,""charging"":false,""latch"":true,""pi_status"":""offline"",""uptime_s"":2086}"
2026-06-25T07:59:04.905538,92.7,24.764,0.471,11.65,0,"{""soc"":92.7,""voltage"":24.764,""current"":0.471,""power"":11.65,""ocv"":24.789,""cell_v"":4.127,""charging"":false,""latch"":true,""pi_status"":""offline"",""uptime_s"":2091}"
2026-06-25T07:59:09.902012,92.7,24.763,0.437,10.8,0,"{""soc"":92.7,""voltage"":24.763,""current"":0.437,""power"":10.80,""ocv"":24.786,""cell_v"":4.127,""charging"":false,""latch"":true,""pi_status"":""offline"",""uptime_s"":2096}"
2026-06-25T07:59:14.930779,92.7,24.762,0.509,12.59,0,"{""soc"":92.7,""voltage"":24.762,""current"":0.509,""power"":12.59,""ocv"":24.790,""cell_v"":4.127,""charging"":false,""latch"":true,""pi_status"":""offline"",""uptime_s"":2101}"
2026-06-25T07:59:19.928725,92.7,24.761,0.54,13.37,0,"{""soc"":92.7,""voltage"":24.761,""current"":0.540,""power"":13.37,""ocv"":24.790,""cell_v"":4.127,""charging"":false,""latch"":true,""pi_status"":""offline"",""uptime_s"":2106}"
2026-06-25T07:59:24.962329,92.7,24.76,0.442,10.94,0,"{""soc"":92.7,""voltage"":24.760,""current"":0.442,""power"":10.94,""ocv"":24.784,""cell_v"":4.127,""charging"":false,""latch"":true,""pi_status"":""offline"",""uptime_s"":2111}"
2026-06-25T07:59:29.871981,92.6,24.76,0.461,11.44,0,"{""soc"":92.6,""voltage"":24.760,""current"":0.461,""power"":11.44,""ocv"":24.784,""cell_v"":4.127,""charging"":false,""latch"":true,""pi_status"":""offline"",""uptime_s"":2116}"
2026-06-25T07:59:34.876842,92.6,24.759,0.432,10.69,0,"{""soc"":92.6,""voltage"":24.759,""current"":0.432,""power"":10.69,""ocv"":24.782,""cell_v"":4.126,""charging"":false,""latch"":true,""pi_status"":""offline"",""uptime_s"":2121}"
2026-06-25T07:59:39.900066,92.6,24.758,0.494,12.25,0,"{""soc"":92.6,""voltage"":24.758,""current"":0.494,""power"":12.25,""ocv"":24.785,""cell_v"":4.126,""charging"":false,""latch"":true,""pi_status"":""offline"",""uptime_s"":2126}"
2026-06-25T07:59:44.921069,92.6,24.757,0.487,12.04,0,"{""soc"":92.6,""voltage"":24.757,""current"":0.487,""power"":12.04,""ocv"":24.783,""cell_v"":4.126,""charging"":false,""latch"":true,""pi_status"":""offline"",""uptime_s"":2131}"
2026-06-25T07:59:49.939697,92.6,24.756,0.53,13.09,0,"{""soc"":92.6,""voltage"":24.756,""current"":0.530,""power"":13.09,""ocv"":24.784,""cell_v"":4.126,""charging"":false,""latch"":true,""pi_status"":""offline"",""uptime_s"":2136}"
2026-06-25T07:59:54.946201,92.6,24.755,0.504,12.47,0,"{""soc"":92.6,""voltage"":24.755,""current"":0.504,""power"":12.47,""ocv"":24.782,""cell_v"":4.126,""charging"":false,""latch"":true,""pi_status"":""offline"",""uptime_s"":2141}"
2026-06-25T07:59:59.900970,92.6,24.754,0.442,10.94,0,"{""soc"":92.6,""voltage"":24.754,""current"":0.442,""power"":10.94,""ocv"":24.778,""cell_v"":4.126,""charging"":false,""latch"":true,""pi_status"":""offline"",""uptime_s"":2146}"
2026-06-25T08:00:05.389490,92.5,24.754,0.48,11.88,0,"{""soc"":92.5,""voltage"":24.754,""current"":0.480,""power"":11.88,""ocv"":24.779,""cell_v"":4.126,""charging"":false,""latch"":true,""pi_status"":""offline"",""uptime_s"":2151}"
2026-06-25T08:00:09.902435,92.5,24.753,0.479,11.86,0,"{""soc"":92.5,""voltage"":24.753,""current"":0.479,""power"":11.86,""ocv"":24.779,""cell_v"":4.126,""charging"":false,""latch"":true,""pi_status"":""offline"",""uptime_s"":2156}"
2026-06-25T08:00:15.050103,92.5,24.752,0.493,12.22,0,"{""soc"":92.5,""voltage"":24.752,""current"":0.493,""power"":12.22,""ocv"":24.778,""cell_v"":4.125,""charging"":false,""latch"":true,""pi_status"":""offline"",""uptime_s"":2161}"
2026-06-25T08:00:20.237068,92.5,24.751,0.515,12.75,0,"{""soc"":92.5,""voltage"":24.751,""current"":0.515,""power"":12.75,""ocv"":24.779,""cell_v"":4.125,""charging"":false,""latch"":true,""pi_status"":""offline"",""uptime_s"":2166}"
2026-06-25T08:00:25.090977,92.5,24.75,0.454,11.22,0,"{""soc"":92.5,""voltage"":24.750,""current"":0.454,""power"":11.22,""ocv"":24.775,""cell_v"":4.125,""charging"":false,""latch"":true,""pi_status"":""offline"",""uptime_s"":2171}"
2026-06-25T08:00:29.900421,92.5,24.749,0.5,12.36,0,"{""soc"":92.5,""voltage"":24.749,""current"":0.500,""power"":12.36,""ocv"":24.776,""cell_v"":4.125,""charging"":false,""latch"":true,""pi_status"":""offline"",""uptime_s"":2176}"
2026-06-25T08:00:34.918508,92.5,24.748,0.499,12.34,0,"{""soc"":92.5,""voltage"":24.748,""current"":0.499,""power"":12.34,""ocv"":24.775,""cell_v"":4.125,""charging"":false,""latch"":true,""pi_status"":""offline"",""uptime_s"":2181}"
2026-06-25T08:00:39.906441,92.4,24.748,0.436,10.8,0,"{""soc"":92.4,""voltage"":24.748,""current"":0.436,""power"":10.80,""ocv"":24.771,""cell_v"":4.125,""charging"":false,""latch"":true,""pi_status"":""offline"",""uptime_s"":2186}"
2026-06-25T08:00:44.922804,92.4,24.747,0.478,11.83,0,"{""soc"":92.4,""voltage"":24.747,""current"":0.478,""power"":11.83,""ocv"":24.773,""cell_v"":4.125,""charging"":false,""latch"":true,""pi_status"":""offline"",""uptime_s"":2191}"
2026-06-25T08:00:49.938090,92.4,24.746,0.448,11.08,0,"{""soc"":92.4,""voltage"":24.746,""current"":0.448,""power"":11.08,""ocv"":24.770,""cell_v"":4.124,""charging"":false,""latch"":true,""pi_status"":""offline"",""uptime_s"":2196}"
2026-06-25T08:00:55.053021,92.4,24.746,0.449,11.1,0,"{""soc"":92.4,""voltage"":24.746,""current"":0.449,""power"":11.10,""ocv"":24.770,""cell_v"":4.124,""charging"":false,""latch"":true,""pi_status"":""offline"",""uptime_s"":2201}"
2026-06-25T08:01:00.001393,92.4,24.745,0.529,13.07,0,"{""soc"":92.4,""voltage"":24.745,""current"":0.529,""power"":13.07,""ocv"":24.773,""cell_v"":4.124,""charging"":false,""latch"":true,""pi_status"":""offline"",""uptime_s"":2206}"
2026-06-25T08:01:04.985890,92.4,24.742,0.636,15.75,0,"{""soc"":92.4,""voltage"":24.742,""current"":0.636,""power"":15.75,""ocv"":24.776,""cell_v"":4.124,""charging"":false,""latch"":true,""pi_status"":""offline"",""uptime_s"":2211}"
2026-06-25T08:01:10.109376,92.4,24.742,0.435,10.76,0,"{""soc"":92.4,""voltage"":24.742,""current"":0.435,""power"":10.76,""ocv"":24.765,""cell_v"":4.124,""charging"":false,""latch"":true,""pi_status"":""offline"",""uptime_s"":2216}"
2026-06-25T08:01:14.936869,92.3,24.742,0.435,10.76,0,"{""soc"":92.3,""voltage"":24.742,""current"":0.435,""power"":10.76,""ocv"":24.765,""cell_v"":4.124,""charging"":false,""latch"":true,""pi_status"":""offline"",""uptime_s"":2221}"
2026-06-25T08:01:19.946876,92.3,24.741,0.435,10.76,0,"{""soc"":92.3,""voltage"":24.741,""current"":0.435,""power"":10.76,""ocv"":24.765,""cell_v"":4.124,""charging"":false,""latch"":true,""pi_status"":""offline"",""uptime_s"":2226}"
2026-06-25T08:01:25.295273,92.3,24.741,0.442,10.94,0,"{""soc"":92.3,""voltage"":24.741,""current"":0.442,""power"":10.94,""ocv"":24.765,""cell_v"":4.123,""charging"":false,""latch"":true,""pi_status"":""offline"",""uptime_s"":2231}"
2026-06-25T08:01:30.090486,92.3,24.74,0.437,10.83,0,"{""soc"":92.3,""voltage"":24.740,""current"":0.437,""power"":10.83,""ocv"":24.764,""cell_v"":4.123,""charging"":false,""latch"":true,""pi_status"":""offline"",""uptime_s"":2236}"
2026-06-25T08:01:34.993270,92.3,24.739,0.442,10.94,0,"{""soc"":92.3,""voltage"":24.739,""current"":0.442,""power"":10.94,""ocv"":24.763,""cell_v"":4.123,""charging"":false,""latch"":true,""pi_status"":""offline"",""uptime_s"":2241}"
2026-06-25T08:01:40.006889,92.3,24.739,0.434,10.73,0,"{""soc"":92.3,""voltage"":24.739,""current"":0.434,""power"":10.73,""ocv"":24.762,""cell_v"":4.123,""charging"":false,""latch"":true,""pi_status"":""offline"",""uptime_s"":2246}"
2026-06-25T08:01:45.163095,92.3,24.738,0.439,10.87,0,"{""soc"":92.3,""voltage"":24.738,""current"":0.439,""power"":10.87,""ocv"":24.762,""cell_v"":4.123,""charging"":false,""latch"":true,""pi_status"":""offline"",""uptime_s"":2251}"
2026-06-25T08:01:49.950033,92.3,24.737,0.437,10.83,0,"{""soc"":92.3,""voltage"":24.737,""current"":0.437,""power"":10.83,""ocv"":24.761,""cell_v"":4.123,""charging"":false,""latch"":true,""pi_status"":""offline"",""uptime_s"":2256}"
2026-06-25T08:01:55.065257,92.2,24.736,0.455,11.24,0,"{""soc"":92.2,""voltage"":24.736,""current"":0.455,""power"":11.24,""ocv"":24.761,""cell_v"":4.123,""charging"":false,""latch"":true,""pi_status"":""offline"",""uptime_s"":2261}"
2026-06-25T08:01:59.994182,92.2,24.735,0.437,10.8,0,"{""soc"":92.2,""voltage"":24.735,""current"":0.437,""power"":10.80,""ocv"":24.759,""cell_v"":4.123,""charging"":false,""latch"":true,""pi_status"":""offline"",""uptime_s"":2266}"
2026-06-25T08:02:05.432089,92.2,24.734,0.472,11.7,0,"{""soc"":92.2,""voltage"":24.734,""current"":0.472,""power"":11.70,""ocv"":24.760,""cell_v"":4.122,""charging"":false,""latch"":true,""pi_status"":""offline"",""uptime_s"":2271}"
2026-06-25T08:02:10.027901,92.2,24.734,0.428,10.6,0,"{""soc"":92.2,""voltage"":24.734,""current"":0.428,""power"":10.60,""ocv"":24.757,""cell_v"":4.122,""charging"":false,""latch"":true,""pi_status"":""offline"",""uptime_s"":2276}"
2026-06-25T08:02:15.068267,92.2,24.733,0.439,10.89,0,"{""soc"":92.2,""voltage"":24.733,""current"":0.439,""power"":10.89,""ocv"":24.756,""cell_v"":4.122,""charging"":false,""latch"":true,""pi_status"":""offline"",""uptime_s"":2281}"
2026-06-25T08:02:19.973855,92.2,24.732,0.574,14.17,0,"{""soc"":92.2,""voltage"":24.732,""current"":0.574,""power"":14.17,""ocv"":24.762,""cell_v"":4.122,""charging"":false,""latch"":true,""pi_status"":""offline"",""uptime_s"":2286}"
2026-06-25T08:02:25.306914,92.2,24.73,0.45,11.12,0,"{""soc"":92.2,""voltage"":24.730,""current"":0.450,""power"":11.12,""ocv"":24.754,""cell_v"":4.122,""charging"":false,""latch"":true,""pi_status"":""offline"",""uptime_s"":2291}"
2026-06-25T08:02:30.020888,92.1,24.728,0.45,11.15,0,"{""soc"":92.1,""voltage"":24.728,""current"":0.450,""power"":11.15,""ocv"":24.753,""cell_v"":4.121,""charging"":false,""latch"":true,""pi_status"":""offline"",""uptime_s"":2296}"
2026-06-25T08:02:35.002769,92.1,24.727,0.442,10.92,0,"{""soc"":92.1,""voltage"":24.727,""current"":0.442,""power"":10.92,""ocv"":24.751,""cell_v"":4.121,""charging"":false,""latch"":true,""pi_status"":""offline"",""uptime_s"":2301}"
2026-06-25T08:02:40.018916,92.1,24.727,0.443,10.96,0,"{""soc"":92.1,""voltage"":24.727,""current"":0.443,""power"":10.96,""ocv"":24.750,""cell_v"":4.121,""charging"":false,""latch"":true,""pi_status"":""offline"",""uptime_s"":2306}"
2026-06-25T08:02:45.043133,92.1,24.726,0.454,11.22,0,"{""soc"":92.1,""voltage"":24.726,""current"":0.454,""power"":11.22,""ocv"":24.750,""cell_v"":4.121,""charging"":false,""latch"":true,""pi_status"":""offline"",""uptime_s"":2311}"
2026-06-25T08:02:49.984000,92.1,24.725,0.438,10.83,0,"{""soc"":92.1,""voltage"":24.725,""current"":0.438,""power"":10.83,""ocv"":24.749,""cell_v"":4.121,""charging"":false,""latch"":true,""pi_status"":""offline"",""uptime_s"":2316}"
2026-06-25T08:02:55.210170,92.1,24.724,0.443,10.96,0,"{""soc"":92.1,""voltage"":24.724,""current"":0.443,""power"":10.96,""ocv"":24.748,""cell_v"":4.121,""charging"":false,""latch"":true,""pi_status"":""offline"",""uptime_s"":2321}"
2026-06-25T08:03:00.101430,92.1,24.724,0.448,11.08,0,"{""soc"":92.1,""voltage"":24.724,""current"":0.448,""power"":11.08,""ocv"":24.748,""cell_v"":4.121,""charging"":false,""latch"":true,""pi_status"":""offline"",""uptime_s"":2326}"
2026-06-25T08:03:05.236644,92.1,24.723,0.444,10.96,0,"{""soc"":92.1,""voltage"":24.723,""current"":0.444,""power"":10.96,""ocv"":24.747,""cell_v"":4.121,""charging"":false,""latch"":true,""pi_status"":""offline"",""uptime_s"":2331}"
2026-06-25T08:03:10.025348,92.0,24.723,0.444,10.96,0,"{""soc"":92.0,""voltage"":24.723,""current"":0.444,""power"":10.96,""ocv"":24.747,""cell_v"":4.120,""charging"":false,""latch"":true,""pi_status"":""offline"",""uptime_s"":2336}"
2026-06-25T08:03:15.068326,92.0,24.722,0.442,10.92,0,"{""soc"":92.0,""voltage"":24.722,""current"":0.442,""power"":10.92,""ocv"":24.746,""cell_v"":4.120,""charging"":false,""latch"":true,""pi_status"":""offline"",""uptime_s"":2341}"
2026-06-25T08:03:20.051988,92.0,24.721,0.439,10.87,0,"{""soc"":92.0,""voltage"":24.721,""current"":0.439,""power"":10.87,""ocv"":24.745,""cell_v"":4.120,""charging"":false,""latch"":true,""pi_status"":""offline"",""uptime_s"":2346}"
2026-06-25T08:03:25.081418,92.0,24.721,0.45,11.15,0,"{""soc"":92.0,""voltage"":24.721,""current"":0.450,""power"":11.15,""ocv"":24.745,""cell_v"":4.120,""charging"":false,""latch"":true,""pi_status"":""offline"",""uptime_s"":2351}"
2026-06-25T08:03:30.007529,92.0,24.72,0.44,10.87,0,"{""soc"":92.0,""voltage"":24.720,""current"":0.440,""power"":10.87,""ocv"":24.744,""cell_v"":4.120,""charging"":false,""latch"":true,""pi_status"":""offline"",""uptime_s"":2356}"
2026-06-25T08:03:35.149158,92.0,24.719,0.529,13.07,0,"{""soc"":92.0,""voltage"":24.719,""current"":0.529,""power"":13.07,""ocv"":24.747,""cell_v"":4.120,""charging"":false,""latch"":true,""pi_status"":""offline"",""uptime_s"":2361}"
2026-06-25T08:03:40.030550,92.0,24.717,0.543,13.39,0,"{""soc"":92.0,""voltage"":24.717,""current"":0.543,""power"":13.39,""ocv"":24.746,""cell_v"":4.119,""charging"":false,""latch"":true,""pi_status"":""offline"",""uptime_s"":2366}"
2026-06-25T08:03:45.069731,91.9,24.714,0.58,14.33,0,"{""soc"":91.9,""voltage"":24.714,""current"":0.580,""power"":14.33,""ocv"":24.746,""cell_v"":4.119,""charging"":false,""latch"":true,""pi_status"":""offline"",""uptime_s"":2371}"
2026-06-25T08:03:50.068377,91.9,24.712,0.569,14.05,0,"{""soc"":91.9,""voltage"":24.712,""current"":0.569,""power"":14.05,""ocv"":24.743,""cell_v"":4.119,""charging"":false,""latch"":true,""pi_status"":""offline"",""uptime_s"":2376}"
2026-06-25T08:03:55.080799,91.9,24.711,0.587,14.49,0,"{""soc"":91.9,""voltage"":24.711,""current"":0.587,""power"":14.49,""ocv"":24.742,""cell_v"":4.118,""charging"":false,""latch"":true,""pi_status"":""offline"",""uptime_s"":2381}"
2026-06-25T08:04:00.100380,91.9,24.709,0.575,14.19,0,"{""soc"":91.9,""voltage"":24.709,""current"":0.575,""power"":14.19,""ocv"":24.740,""cell_v"":4.118,""charging"":false,""latch"":true,""pi_status"":""offline"",""uptime_s"":2386}"
2026-06-25T08:04:06.645398,91.9,24.708,0.587,14.49,0,"{""soc"":91.9,""voltage"":24.708,""current"":0.587,""power"":14.49,""ocv"":24.740,""cell_v"":4.118,""charging"":false,""latch"":true,""pi_status"":""offline"",""uptime_s"":2391}"
2026-06-25T08:04:10.057425,91.9,24.707,0.545,13.44,0,"{""soc"":91.9,""voltage"":24.707,""current"":0.545,""power"":13.44,""ocv"":24.736,""cell_v"":4.118,""charging"":false,""latch"":true,""pi_status"":""offline"",""uptime_s"":2396}"
2026-06-25T08:04:15.081879,91.8,24.706,0.525,12.95,0,"{""soc"":91.8,""voltage"":24.706,""current"":0.525,""power"":12.95,""ocv"":24.734,""cell_v"":4.118,""charging"":false,""latch"":true,""pi_status"":""offline"",""uptime_s"":2401}"
2026-06-25T08:04:20.069214,91.8,24.705,0.536,13.25,0,"{""soc"":91.8,""voltage"":24.705,""current"":0.536,""power"":13.25,""ocv"":24.734,""cell_v"":4.118,""charging"":false,""latch"":true,""pi_status"":""offline"",""uptime_s"":2406}"
2026-06-25T08:04:25.085742,91.5,24.703,0.801,19.78,0,"{""soc"":91.5,""voltage"":24.703,""current"":0.801,""power"":19.78,""ocv"":24.746,""cell_v"":4.117,""charging"":false,""latch"":true,""pi_status"":""offline"",""uptime_s"":2411}"
2026-06-25T08:04:30.031496,91.5,24.701,0.467,11.54,0,"{""soc"":91.5,""voltage"":24.701,""current"":0.467,""power"":11.54,""ocv"":24.726,""cell_v"":4.117,""charging"":false,""latch"":true,""pi_status"":""offline"",""uptime_s"":2416}"
2026-06-25T08:04:35.042661,91.5,24.701,0.445,10.99,0,"{""soc"":91.5,""voltage"":24.701,""current"":0.445,""power"":10.99,""ocv"":24.725,""cell_v"":4.117,""charging"":false,""latch"":true,""pi_status"":""offline"",""uptime_s"":2421}"
2026-06-25T08:04:40.037343,91.2,24.701,0.437,10.78,0,"{""soc"":91.2,""voltage"":24.701,""current"":0.437,""power"":10.78,""ocv"":24.724,""cell_v"":4.117,""charging"":false,""latch"":true,""pi_status"":""offline"",""uptime_s"":2426}"
2026-06-25T08:04:45.052001,91.2,24.7,0.52,12.86,0,"{""soc"":91.2,""voltage"":24.700,""current"":0.520,""power"":12.86,""ocv"":24.728,""cell_v"":4.117,""charging"":false,""latch"":true,""pi_status"":""offline"",""uptime_s"":2431}"
2026-06-25T08:04:50.100438,91.2,24.7,0.437,10.8,0,"{""soc"":91.2,""voltage"":24.700,""current"":0.437,""power"":10.80,""ocv"":24.724,""cell_v"":4.117,""charging"":false,""latch"":true,""pi_status"":""offline"",""uptime_s"":2436}"
2026-06-25T08:04:55.187504,91.2,24.7,0.526,13.0,0,"{""soc"":91.2,""voltage"":24.700,""current"":0.526,""power"":13.00,""ocv"":24.728,""cell_v"":4.117,""charging"":false,""latch"":true,""pi_status"":""offline"",""uptime_s"":2441}"
2026-06-25T08:05:00.101042,91.2,24.699,0.457,11.28,0,"{""soc"":91.2,""voltage"":24.699,""current"":0.457,""power"":11.28,""ocv"":24.724,""cell_v"":4.117,""charging"":false,""latch"":true,""pi_status"":""offline"",""uptime_s"":2446}"
2026-06-25T08:05:05.050201,91.2,24.698,0.551,13.6,0,"{""soc"":91.2,""voltage"":24.698,""current"":0.551,""power"":13.60,""ocv"":24.727,""cell_v"":4.116,""charging"":false,""latch"":true,""pi_status"":""offline"",""uptime_s"":2451}"
2026-06-25T08:05:10.071624,91.1,24.697,0.434,10.71,0,"{""soc"":91.1,""voltage"":24.697,""current"":0.434,""power"":10.71,""ocv"":24.720,""cell_v"":4.116,""charging"":false,""latch"":true,""pi_status"":""offline"",""uptime_s"":2456}"
2026-06-25T08:05:15.060480,91.1,24.696,0.537,13.28,0,"{""soc"":91.1,""voltage"":24.696,""current"":0.537,""power"":13.28,""ocv"":24.725,""cell_v"":4.116,""charging"":false,""latch"":true,""pi_status"":""offline"",""uptime_s"":2461}"
2026-06-25T08:05:20.095823,91.1,24.695,0.447,11.03,0,"{""soc"":91.1,""voltage"":24.695,""current"":0.447,""power"":11.03,""ocv"":24.719,""cell_v"":4.116,""charging"":false,""latch"":true,""pi_status"":""offline"",""uptime_s"":2466}"
2026-06-25T08:05:25.192227,91.1,24.693,0.568,14.03,0,"{""soc"":91.1,""voltage"":24.693,""current"":0.568,""power"":14.03,""ocv"":24.723,""cell_v"":4.115,""charging"":false,""latch"":true,""pi_status"":""offline"",""uptime_s"":2471}"
2026-06-25T08:05:30.115544,91.1,24.693,0.454,11.19,0,"{""soc"":91.1,""voltage"":24.693,""current"":0.454,""power"":11.19,""ocv"":24.717,""cell_v"":4.115,""charging"":false,""latch"":true,""pi_status"":""offline"",""uptime_s"":2476}"
2026-06-25T08:05:35.141626,91.1,24.692,0.557,13.73,0,"{""soc"":91.1,""voltage"":24.692,""current"":0.557,""power"":13.73,""ocv"":24.722,""cell_v"":4.115,""charging"":false,""latch"":true,""pi_status"":""offline"",""uptime_s"":2481}"
2026-06-25T08:05:40.058273,91.1,24.692,0.46,11.35,0,"{""soc"":91.1,""voltage"":24.692,""current"":0.460,""power"":11.35,""ocv"":24.716,""cell_v"":4.115,""charging"":false,""latch"":true,""pi_status"":""offline"",""uptime_s"":2486}"
2026-06-25T08:05:45.068170,90.8,24.691,0.458,11.31,0,"{""soc"":90.8,""voltage"":24.691,""current"":0.458,""power"":11.31,""ocv"":24.715,""cell_v"":4.115,""charging"":false,""latch"":true,""pi_status"":""offline"",""uptime_s"":2491}"
2026-06-25T08:05:50.072762,90.8,24.69,0.464,11.44,0,"{""soc"":90.8,""voltage"":24.690,""current"":0.464,""power"":11.44,""ocv"":24.715,""cell_v"":4.115,""charging"":false,""latch"":true,""pi_status"":""offline"",""uptime_s"":2496}"
2026-06-25T08:05:55.190718,90.8,24.688,0.525,12.93,0,"{""soc"":90.8,""voltage"":24.688,""current"":0.525,""power"":12.93,""ocv"":24.716,""cell_v"":4.115,""charging"":false,""latch"":true,""pi_status"":""offline"",""uptime_s"":2501}"
2026-06-25T08:06:00.109734,90.8,24.687,0.448,11.05,0,"{""soc"":90.8,""voltage"":24.687,""current"":0.448,""power"":11.05,""ocv"":24.711,""cell_v"":4.114,""charging"":false,""latch"":true,""pi_status"":""offline"",""uptime_s"":2506}"
2026-06-25T08:06:05.337991,90.7,24.686,0.526,12.98,0,"{""soc"":90.7,""voltage"":24.686,""current"":0.526,""power"":12.98,""ocv"":24.715,""cell_v"":4.114,""charging"":false,""latch"":true,""pi_status"":""offline"",""uptime_s"":2511}"
2026-06-25T08:06:10.078405,90.7,24.685,0.461,11.38,0,"{""soc"":90.7,""voltage"":24.685,""current"":0.461,""power"":11.38,""ocv"":24.710,""cell_v"":4.114,""charging"":false,""latch"":true,""pi_status"":""offline"",""uptime_s"":2516}"
2026-06-25T08:06:15.094303,90.7,24.684,0.445,10.99,0,"{""soc"":90.7,""voltage"":24.684,""current"":0.445,""power"":10.99,""ocv"":24.708,""cell_v"":4.114,""charging"":false,""latch"":true,""pi_status"":""offline"",""uptime_s"":2521}"
2026-06-25T08:06:20.082884,90.7,24.683,0.469,11.58,0,"{""soc"":90.7,""voltage"":24.683,""current"":0.469,""power"":11.58,""ocv"":24.708,""cell_v"":4.114,""charging"":false,""latch"":true,""pi_status"":""offline"",""uptime_s"":2526}"
2026-06-25T08:06:25.296771,90.7,24.682,0.569,14.03,0,"{""soc"":90.7,""voltage"":24.682,""current"":0.569,""power"":14.03,""ocv"":24.713,""cell_v"":4.114,""charging"":false,""latch"":true,""pi_status"":""offline"",""uptime_s"":2531}"
2026-06-25T08:06:30.116051,90.7,24.682,0.437,10.78,0,"{""soc"":90.7,""voltage"":24.682,""current"":0.437,""power"":10.78,""ocv"":24.706,""cell_v"":4.114,""charging"":false,""latch"":true,""pi_status"":""offline"",""uptime_s"":2536}"
2026-06-25T08:06:35.150564,90.7,24.682,0.476,11.74,0,"{""soc"":90.7,""voltage"":24.682,""current"":0.476,""power"":11.74,""ocv"":24.708,""cell_v"":4.114,""charging"":false,""latch"":true,""pi_status"":""offline"",""uptime_s"":2541}"
2026-06-25T08:06:40.150137,90.6,24.681,0.553,13.64,0,"{""soc"":90.6,""voltage"":24.681,""current"":0.553,""power"":13.64,""ocv"":24.711,""cell_v"":4.114,""charging"":false,""latch"":true,""pi_status"":""offline"",""uptime_s"":2546}"
2026-06-25T08:06:45.178468,90.6,24.681,0.489,12.06,0,"{""soc"":90.6,""voltage"":24.681,""current"":0.489,""power"":12.06,""ocv"":24.707,""cell_v"":4.114,""charging"":false,""latch"":true,""pi_status"":""offline"",""uptime_s"":2551}"
2026-06-25T08:06:50.101738,90.6,24.68,0.455,11.24,0,"{""soc"":90.6,""voltage"":24.680,""current"":0.455,""power"":11.24,""ocv"":24.704,""cell_v"":4.113,""charging"":false,""latch"":true,""pi_status"":""offline"",""uptime_s"":2556}"
2026-06-25T08:06:55.200566,90.6,24.679,0.552,13.62,0,"{""soc"":90.6,""voltage"":24.679,""current"":0.552,""power"":13.62,""ocv"":24.708,""cell_v"":4.113,""charging"":false,""latch"":true,""pi_status"":""offline"",""uptime_s"":2561}"
2026-06-25T08:07:00.119244,90.6,24.678,0.521,12.86,0,"{""soc"":90.6,""voltage"":24.678,""current"":0.521,""power"":12.86,""ocv"":24.706,""cell_v"":4.113,""charging"":false,""latch"":true,""pi_status"":""offline"",""uptime_s"":2566}"
2026-06-25T08:07:05.269492,90.3,24.677,0.475,11.72,0,"{""soc"":90.3,""voltage"":24.677,""current"":0.475,""power"":11.72,""ocv"":24.703,""cell_v"":4.113,""charging"":false,""latch"":true,""pi_status"":""offline"",""uptime_s"":2571}"
2026-06-25T08:07:10.185731,90.3,24.675,0.622,15.31,0,"{""soc"":90.3,""voltage"":24.675,""current"":0.622,""power"":15.31,""ocv"":24.709,""cell_v"":4.113,""charging"":false,""latch"":true,""pi_status"":""offline"",""uptime_s"":2576}"
2026-06-25T08:07:15.179794,90.3,24.674,0.439,10.85,0,"{""soc"":90.3,""voltage"":24.674,""current"":0.439,""power"":10.85,""ocv"":24.698,""cell_v"":4.112,""charging"":false,""latch"":true,""pi_status"":""offline"",""uptime_s"":2582}"
2026-06-25T08:07:20.191876,90.3,24.673,0.437,10.8,0,"{""soc"":90.3,""voltage"":24.673,""current"":0.437,""power"":10.80,""ocv"":24.696,""cell_v"":4.112,""charging"":false,""latch"":true,""pi_status"":""offline"",""uptime_s"":2587}"
2026-06-25T08:07:25.206676,90.3,24.672,0.461,11.38,0,"{""soc"":90.3,""voltage"":24.672,""current"":0.461,""power"":11.38,""ocv"":24.697,""cell_v"":4.112,""charging"":false,""latch"":true,""pi_status"":""offline"",""uptime_s"":2592}"
2026-06-25T08:07:30.120009,90.3,24.672,0.442,10.89,0,"{""soc"":90.3,""voltage"":24.672,""current"":0.442,""power"":10.89,""ocv"":24.696,""cell_v"":4.112,""charging"":false,""latch"":true,""pi_status"":""offline"",""uptime_s"":2597}"
2026-06-25T08:07:35.140094,90.3,24.672,0.443,10.94,0,"{""soc"":90.3,""voltage"":24.672,""current"":0.443,""power"":10.94,""ocv"":24.696,""cell_v"":4.112,""charging"":false,""latch"":true,""pi_status"":""offline"",""uptime_s"":2602}"
2026-06-25T08:07:40.158659,90.2,24.671,0.439,10.85,0,"{""soc"":90.2,""voltage"":24.671,""current"":0.439,""power"":10.85,""ocv"":24.695,""cell_v"":4.112,""charging"":false,""latch"":true,""pi_status"":""offline"",""uptime_s"":2607}"
2026-06-25T08:07:45.177208,90.2,24.671,0.439,10.83,0,"{""soc"":90.2,""voltage"":24.671,""current"":0.439,""power"":10.83,""ocv"":24.695,""cell_v"":4.112,""charging"":false,""latch"":true,""pi_status"":""offline"",""uptime_s"":2612}"
2026-06-25T08:07:50.331692,90.2,24.671,0.442,10.92,0,"{""soc"":90.2,""voltage"":24.671,""current"":0.442,""power"":10.92,""ocv"":24.695,""cell_v"":4.112,""charging"":false,""latch"":true,""pi_status"":""offline"",""uptime_s"":2617}"
2026-06-25T08:07:55.211806,90.2,24.669,0.439,10.83,0,"{""soc"":90.2,""voltage"":24.669,""current"":0.439,""power"":10.83,""ocv"":24.693,""cell_v"":4.111,""charging"":false,""latch"":true,""pi_status"":""offline"",""uptime_s"":2622}"
2026-06-25T08:08:00.265375,90.2,24.669,0.443,10.94,0,"{""soc"":90.2,""voltage"":24.669,""current"":0.443,""power"":10.94,""ocv"":24.693,""cell_v"":4.111,""charging"":false,""latch"":true,""pi_status"":""offline"",""uptime_s"":2627}"
2026-06-25T08:08:05.242983,90.2,24.668,0.454,11.19,0,"{""soc"":90.2,""voltage"":24.668,""current"":0.454,""power"":11.19,""ocv"":24.692,""cell_v"":4.111,""charging"":false,""latch"":true,""pi_status"":""offline"",""uptime_s"":2632}"
2026-06-25T08:08:10.292740,90.2,24.667,0.515,12.73,0,"{""soc"":90.2,""voltage"":24.667,""current"":0.515,""power"":12.73,""ocv"":24.695,""cell_v"":4.111,""charging"":false,""latch"":true,""pi_status"":""offline"",""uptime_s"":2637}"
2026-06-25T08:08:15.188241,90.1,24.666,0.445,10.99,0,"{""soc"":90.1,""voltage"":24.666,""current"":0.445,""power"":10.99,""ocv"":24.690,""cell_v"":4.111,""charging"":false,""latch"":true,""pi_status"":""offline"",""uptime_s"":2642}"
2026-06-25T08:08:20.209176,90.1,24.665,0.641,15.82,0,"{""soc"":90.1,""voltage"":24.665,""current"":0.641,""power"":15.82,""ocv"":24.699,""cell_v"":4.111,""charging"":false,""latch"":true,""pi_status"":""offline"",""uptime_s"":2647}"
2026-06-25T08:08:25.325187,90.1,24.664,0.463,11.42,0,"{""soc"":90.1,""voltage"":24.664,""current"":0.463,""power"":11.42,""ocv"":24.689,""cell_v"":4.111,""charging"":false,""latch"":true,""pi_status"":""offline"",""uptime_s"":2652}"
2026-06-25T08:08:30.159217,90.1,24.663,0.446,10.99,0,"{""soc"":90.1,""voltage"":24.663,""current"":0.446,""power"":10.99,""ocv"":24.687,""cell_v"":4.111,""charging"":false,""latch"":true,""pi_status"":""offline"",""uptime_s"":2657}"
2026-06-25T08:08:35.250637,90.1,24.663,0.439,10.83,0,"{""soc"":90.1,""voltage"":24.663,""current"":0.439,""power"":10.83,""ocv"":24.687,""cell_v"":4.110,""charging"":false,""latch"":true,""pi_status"":""offline"",""uptime_s"":2662}"
2026-06-25T08:08:40.368637,90.1,24.663,0.44,10.85,0,"{""soc"":90.1,""voltage"":24.663,""current"":0.440,""power"":10.85,""ocv"":24.686,""cell_v"":4.110,""charging"":false,""latch"":true,""pi_status"":""offline"",""uptime_s"":2667}"
2026-06-25T08:08:45.279982,90.1,24.662,0.481,11.86,0,"{""soc"":90.1,""voltage"":24.662,""current"":0.481,""power"":11.86,""ocv"":24.688,""cell_v"":4.110,""charging"":false,""latch"":true,""pi_status"":""offline"",""uptime_s"":2672}"
2026-06-25T08:08:50.200615,90.0,24.659,0.598,14.74,0,"{""soc"":90.0,""voltage"":24.659,""current"":0.598,""power"":14.74,""ocv"":24.691,""cell_v"":4.110,""charging"":false,""latch"":true,""pi_status"":""offline"",""uptime_s"":2677}"
2026-06-25T08:08:55.431137,90.0,24.657,0.524,12.91,0,"{""soc"":90.0,""voltage"":24.657,""current"":0.524,""power"":12.91,""ocv"":24.685,""cell_v"":4.109,""charging"":false,""latch"":true,""pi_status"":""offline"",""uptime_s"":2682}"
2026-06-25T08:09:00.168833,90.0,24.656,0.497,12.22,0,"{""soc"":90.0,""voltage"":24.656,""current"":0.497,""power"":12.22,""ocv"":24.683,""cell_v"":4.109,""charging"":false,""latch"":true,""pi_status"":""offline"",""uptime_s"":2687}"
2026-06-25T08:09:05.174623,90.0,24.655,0.444,10.94,0,"{""soc"":90.0,""voltage"":24.655,""current"":0.444,""power"":10.94,""ocv"":24.679,""cell_v"":4.109,""charging"":false,""latch"":true,""pi_status"":""offline"",""uptime_s"":2692}"
2026-06-25T08:09:10.173446,90.0,24.654,0.527,13.02,0,"{""soc"":90.0,""voltage"":24.654,""current"":0.527,""power"":13.02,""ocv"":24.682,""cell_v"":4.109,""charging"":false,""latch"":true,""pi_status"":""offline"",""uptime_s"":2697}"
2026-06-25T08:09:15.187600,90.0,24.653,0.625,15.4,0,"{""soc"":90.0,""voltage"":24.653,""current"":0.625,""power"":15.40,""ocv"":24.686,""cell_v"":4.109,""charging"":false,""latch"":true,""pi_status"":""offline"",""uptime_s"":2702}"
2026-06-25T08:09:20.522578,90.0,24.652,0.455,11.22,0,"{""soc"":90.0,""voltage"":24.652,""current"":0.455,""power"":11.22,""ocv"":24.677,""cell_v"":4.109,""charging"":false,""latch"":true,""pi_status"":""offline"",""uptime_s"":2707}"
2026-06-25T08:09:25.353598,89.7,24.652,0.44,10.85,0,"{""soc"":89.7,""voltage"":24.652,""current"":0.440,""power"":10.85,""ocv"":24.676,""cell_v"":4.109,""charging"":false,""latch"":true,""pi_status"":""offline"",""uptime_s"":2712}"
2026-06-25T08:09:30.246319,89.7,24.652,0.44,10.87,0,"{""soc"":89.7,""voltage"":24.652,""current"":0.440,""power"":10.87,""ocv"":24.675,""cell_v"":4.109,""charging"":false,""latch"":true,""pi_status"":""offline"",""uptime_s"":2717}"
2026-06-25T08:09:35.261960,89.7,24.651,0.439,10.85,0,"{""soc"":89.7,""voltage"":24.651,""current"":0.439,""power"":10.85,""ocv"":24.675,""cell_v"":4.109,""charging"":false,""latch"":true,""pi_status"":""offline"",""uptime_s"":2722}"
2026-06-25T08:09:40.192673,89.6,24.651,0.438,10.78,0,"{""soc"":89.6,""voltage"":24.651,""current"":0.438,""power"":10.78,""ocv"":24.675,""cell_v"":4.109,""charging"":false,""latch"":true,""pi_status"":""offline"",""uptime_s"":2727}"
2026-06-25T08:09:45.188379,89.6,24.651,0.437,10.78,0,"{""soc"":89.6,""voltage"":24.651,""current"":0.437,""power"":10.78,""ocv"":24.674,""cell_v"":4.108,""charging"":false,""latch"":true,""pi_status"":""offline"",""uptime_s"":2732}"
2026-06-25T08:09:50.206717,89.6,24.65,0.437,10.76,0,"{""soc"":89.6,""voltage"":24.650,""current"":0.437,""power"":10.76,""ocv"":24.674,""cell_v"":4.108,""charging"":false,""latch"":true,""pi_status"":""offline"",""uptime_s"":2737}"
2026-06-25T08:09:55.319803,89.6,24.649,0.445,10.96,0,"{""soc"":89.6,""voltage"":24.649,""current"":0.445,""power"":10.96,""ocv"":24.673,""cell_v"":4.108,""charging"":false,""latch"":true,""pi_status"":""offline"",""uptime_s"":2742}"
2026-06-25T08:10:00.243377,89.6,24.647,0.454,11.17,0,"{""soc"":89.6,""voltage"":24.647,""current"":0.454,""power"":11.17,""ocv"":24.672,""cell_v"":4.108,""charging"":false,""latch"":true,""pi_status"":""offline"",""uptime_s"":2747}"
2026-06-25T08:10:05.257065,89.6,24.645,0.509,12.54,0,"{""soc"":89.6,""voltage"":24.645,""current"":0.509,""power"":12.54,""ocv"":24.673,""cell_v"":4.108,""charging"":false,""latch"":true,""pi_status"":""offline"",""uptime_s"":2752}"
2026-06-25T08:10:10.275073,89.6,24.644,0.439,10.83,0,"{""soc"":89.6,""voltage"":24.644,""current"":0.439,""power"":10.83,""ocv"":24.667,""cell_v"":4.107,""charging"":false,""latch"":true,""pi_status"":""offline"",""uptime_s"":2757}"
2026-06-25T08:10:15.503011,89.3,24.644,0.439,10.83,0,"{""soc"":89.3,""voltage"":24.644,""current"":0.439,""power"":10.83,""ocv"":24.667,""cell_v"":4.107,""charging"":false,""latch"":true,""pi_status"":""offline"",""uptime_s"":2762}"
2026-06-25T08:10:20.209870,89.3,24.643,0.442,10.89,0,"{""soc"":89.3,""voltage"":24.643,""current"":0.442,""power"":10.89,""ocv"":24.667,""cell_v"":4.107,""charging"":false,""latch"":true,""pi_status"":""offline"",""uptime_s"":2767}"
2026-06-25T08:10:25.467268,89.3,24.642,0.447,11.01,0,"{""soc"":89.3,""voltage"":24.642,""current"":0.447,""power"":11.01,""ocv"":24.666,""cell_v"":4.107,""charging"":false,""latch"":true,""pi_status"":""offline"",""uptime_s"":2772}"
2026-06-25T08:10:30.263646,89.3,24.642,0.438,10.8,0,"{""soc"":89.3,""voltage"":24.642,""current"":0.438,""power"":10.80,""ocv"":24.665,""cell_v"":4.107,""charging"":false,""latch"":true,""pi_status"":""offline"",""uptime_s"":2777}"
2026-06-25T08:10:35.272472,89.2,24.642,0.434,10.69,0,"{""soc"":89.2,""voltage"":24.642,""current"":0.434,""power"":10.69,""ocv"":24.665,""cell_v"":4.107,""charging"":false,""latch"":true,""pi_status"":""offline"",""uptime_s"":2782}"
2026-06-25T08:10:40.495830,89.2,24.642,0.433,10.67,0,"{""soc"":89.2,""voltage"":24.642,""current"":0.433,""power"":10.67,""ocv"":24.665,""cell_v"":4.107,""charging"":false,""latch"":true,""pi_status"":""offline"",""uptime_s"":2787}"
2026-06-25T08:10:45.299855,89.2,24.641,0.432,10.64,0,"{""soc"":89.2,""voltage"":24.641,""current"":0.432,""power"":10.64,""ocv"":24.664,""cell_v"":4.107,""charging"":false,""latch"":true,""pi_status"":""offline"",""uptime_s"":2792}"
2026-06-25T08:10:50.232686,89.2,24.641,0.424,10.44,0,"{""soc"":89.2,""voltage"":24.641,""current"":0.424,""power"":10.44,""ocv"":24.663,""cell_v"":4.107,""charging"":false,""latch"":true,""pi_status"":""offline"",""uptime_s"":2797}"
2026-06-25T08:10:55.327181,89.2,24.64,0.432,10.64,0,"{""soc"":89.2,""voltage"":24.640,""current"":0.432,""power"":10.64,""ocv"":24.663,""cell_v"":4.107,""charging"":false,""latch"":true,""pi_status"":""offline"",""uptime_s"":2802}"
2026-06-25T08:11:00.259544,89.2,24.639,0.437,10.76,0,"{""soc"":89.2,""voltage"":24.639,""current"":0.437,""power"":10.76,""ocv"":24.662,""cell_v"":4.106,""charging"":false,""latch"":true,""pi_status"":""offline"",""uptime_s"":2807}"
2026-06-25T08:11:05.290675,89.2,24.638,0.443,10.89,0,"{""soc"":89.2,""voltage"":24.638,""current"":0.443,""power"":10.89,""ocv"":24.662,""cell_v"":4.106,""charging"":false,""latch"":true,""pi_status"":""offline"",""uptime_s"":2812}"
2026-06-25T08:11:10.281894,89.1,24.637,0.454,11.19,0,"{""soc"":89.1,""voltage"":24.637,""current"":0.454,""power"":11.19,""ocv"":24.662,""cell_v"":4.106,""charging"":false,""latch"":true,""pi_status"":""offline"",""uptime_s"":2817}"
2026-06-25T08:11:15.328643,89.1,24.636,0.428,10.53,0,"{""soc"":89.1,""voltage"":24.636,""current"":0.428,""power"":10.53,""ocv"":24.659,""cell_v"":4.106,""charging"":false,""latch"":true,""pi_status"":""offline"",""uptime_s"":2822}"
2026-06-25T08:11:20.334473,89.1,24.635,0.425,10.48,0,"{""soc"":89.1,""voltage"":24.635,""current"":0.425,""power"":10.48,""ocv"":24.658,""cell_v"":4.106,""charging"":false,""latch"":true,""pi_status"":""offline"",""uptime_s"":2827}"
2026-06-25T08:11:25.330120,89.1,24.634,0.444,10.92,0,"{""soc"":89.1,""voltage"":24.634,""current"":0.444,""power"":10.92,""ocv"":24.658,""cell_v"":4.106,""charging"":false,""latch"":true,""pi_status"":""offline"",""uptime_s"":2832}"
2026-06-25T08:11:30.273282,89.1,24.633,0.435,10.71,0,"{""soc"":89.1,""voltage"":24.633,""current"":0.435,""power"":10.71,""ocv"":24.657,""cell_v"":4.106,""charging"":false,""latch"":true,""pi_status"":""offline"",""uptime_s"":2837}"
2026-06-25T08:11:35.265331,89.1,24.633,0.431,10.6,0,"{""soc"":89.1,""voltage"":24.633,""current"":0.431,""power"":10.60,""ocv"":24.656,""cell_v"":4.105,""charging"":false,""latch"":true,""pi_status"":""offline"",""uptime_s"":2842}"
2026-06-25T08:11:40.386992,89.1,24.632,0.431,10.62,0,"{""soc"":89.1,""voltage"":24.632,""current"":0.431,""power"":10.62,""ocv"":24.655,""cell_v"":4.105,""charging"":false,""latch"":true,""pi_status"":""offline"",""uptime_s"":2847}"
2026-06-25T08:11:45.301280,89.1,24.632,0.428,10.57,0,"{""soc"":89.1,""voltage"":24.632,""current"":0.428,""power"":10.57,""ocv"":24.655,""cell_v"":4.105,""charging"":false,""latch"":true,""pi_status"":""offline"",""uptime_s"":2852}"
2026-06-25T08:11:50.316932,89.0,24.631,0.431,10.6,0,"{""soc"":89.0,""voltage"":24.631,""current"":0.431,""power"":10.60,""ocv"":24.654,""cell_v"":4.105,""charging"":false,""latch"":true,""pi_status"":""offline"",""uptime_s"":2857}"
2026-06-25T08:11:55.339082,89.0,24.63,0.428,10.55,0,"{""soc"":89.0,""voltage"":24.630,""current"":0.428,""power"":10.55,""ocv"":24.653,""cell_v"":4.105,""charging"":false,""latch"":true,""pi_status"":""offline"",""uptime_s"":2862}"
2026-06-25T08:12:00.389653,89.0,24.628,0.439,10.83,0,"{""soc"":89.0,""voltage"":24.628,""current"":0.439,""power"":10.83,""ocv"":24.652,""cell_v"":4.105,""charging"":false,""latch"":true,""pi_status"":""offline"",""uptime_s"":2867}"
2026-06-25T08:12:05.279901,89.0,24.627,0.475,11.7,0,"{""soc"":89.0,""voltage"":24.627,""current"":0.475,""power"":11.70,""ocv"":24.652,""cell_v"":4.104,""charging"":false,""latch"":true,""pi_status"":""offline"",""uptime_s"":2872}"
2026-06-25T08:12:10.318102,89.0,24.626,0.446,10.96,0,"{""soc"":89.0,""voltage"":24.626,""current"":0.446,""power"":10.96,""ocv"":24.650,""cell_v"":4.104,""charging"":false,""latch"":true,""pi_status"":""offline"",""uptime_s"":2877}"
2026-06-25T08:12:15.441846,88.7,24.625,0.444,10.94,0,"{""soc"":88.7,""voltage"":24.625,""current"":0.444,""power"":10.94,""ocv"":24.649,""cell_v"":4.104,""charging"":false,""latch"":true,""pi_status"":""offline"",""uptime_s"":2882}"
2026-06-25T08:12:20.330467,88.7,24.624,0.439,10.83,0,"{""soc"":88.7,""voltage"":24.624,""current"":0.439,""power"":10.83,""ocv"":24.648,""cell_v"":4.104,""charging"":false,""latch"":true,""pi_status"":""offline"",""uptime_s"":2887}"
2026-06-25T08:12:25.441703,88.7,24.623,0.439,10.83,0,"{""soc"":88.7,""voltage"":24.623,""current"":0.439,""power"":10.83,""ocv"":24.647,""cell_v"":4.104,""charging"":false,""latch"":true,""pi_status"":""offline"",""uptime_s"":2892}"
2026-06-25T08:12:30.363056,88.7,24.623,0.445,10.96,0,"{""soc"":88.7,""voltage"":24.623,""current"":0.445,""power"":10.96,""ocv"":24.647,""cell_v"":4.104,""charging"":false,""latch"":true,""pi_status"":""offline"",""uptime_s"":2897}"
2026-06-25T08:12:35.283218,88.7,24.622,0.445,10.94,0,"{""soc"":88.7,""voltage"":24.622,""current"":0.445,""power"":10.94,""ocv"":24.646,""cell_v"":4.104,""charging"":false,""latch"":true,""pi_status"":""offline"",""uptime_s"":2902}"
2026-06-25T08:12:40.298803,88.7,24.621,0.446,10.96,0,"{""soc"":88.7,""voltage"":24.621,""current"":0.446,""power"":10.96,""ocv"":24.645,""cell_v"":4.104,""charging"":false,""latch"":true,""pi_status"":""offline"",""uptime_s"":2907}"
2026-06-25T08:12:45.309836,88.6,24.62,0.447,10.99,0,"{""soc"":88.6,""voltage"":24.620,""current"":0.447,""power"":10.99,""ocv"":24.644,""cell_v"":4.103,""charging"":false,""latch"":true,""pi_status"":""offline"",""uptime_s"":2912}"
2026-06-25T08:12:50.338128,88.6,24.619,0.439,10.8,0,"{""soc"":88.6,""voltage"":24.619,""current"":0.439,""power"":10.80,""ocv"":24.643,""cell_v"":4.103,""charging"":false,""latch"":true,""pi_status"":""offline"",""uptime_s"":2917}"
2026-06-25T08:12:55.354805,88.6,24.619,0.464,11.42,0,"{""soc"":88.6,""voltage"":24.619,""current"":0.464,""power"":11.42,""ocv"":24.644,""cell_v"":4.103,""charging"":false,""latch"":true,""pi_status"":""offline"",""uptime_s"":2922}"
2026-06-25T08:13:00.296859,88.6,24.618,0.502,12.34,0,"{""soc"":88.6,""voltage"":24.618,""current"":0.502,""power"":12.34,""ocv"":24.645,""cell_v"":4.103,""charging"":false,""latch"":true,""pi_status"":""offline"",""uptime_s"":2927}"
2026-06-25T08:13:05.289607,88.6,24.617,0.52,12.77,0,"{""soc"":88.6,""voltage"":24.617,""current"":0.520,""power"":12.77,""ocv"":24.645,""cell_v"":4.103,""charging"":false,""latch"":true,""pi_status"":""offline"",""uptime_s"":2932}"
2026-06-25T08:13:10.303743,88.6,24.616,0.426,10.46,0,"{""soc"":88.6,""voltage"":24.616,""current"":0.426,""power"":10.46,""ocv"":24.639,""cell_v"":4.103,""charging"":false,""latch"":true,""pi_status"":""offline"",""uptime_s"":2937}"
2026-06-25T08:13:15.329580,88.6,24.614,0.547,13.46,0,"{""soc"":88.6,""voltage"":24.614,""current"":0.547,""power"":13.46,""ocv"":24.644,""cell_v"":4.102,""charging"":false,""latch"":true,""pi_status"":""offline"",""uptime_s"":2942}"
2026-06-25T08:13:20.337189,88.5,24.613,0.481,11.83,0,"{""soc"":88.5,""voltage"":24.613,""current"":0.481,""power"":11.83,""ocv"":24.639,""cell_v"":4.102,""charging"":false,""latch"":true,""pi_status"":""offline"",""uptime_s"":2947}"
2026-06-25T08:13:25.446211,88.3,24.612,0.436,10.71,0,"{""soc"":88.3,""voltage"":24.612,""current"":0.436,""power"":10.71,""ocv"":24.635,""cell_v"":4.102,""charging"":false,""latch"":true,""pi_status"":""offline"",""uptime_s"":2952}"
2026-06-25T08:13:30.389191,88.3,24.611,0.487,11.97,0,"{""soc"":88.3,""voltage"":24.611,""current"":0.487,""power"":11.97,""ocv"":24.638,""cell_v"":4.102,""charging"":false,""latch"":true,""pi_status"":""offline"",""uptime_s"":2957}"
2026-06-25T08:13:35.388000,88.2,24.608,0.621,15.24,0,"{""soc"":88.2,""voltage"":24.608,""current"":0.621,""power"":15.24,""ocv"":24.642,""cell_v"":4.101,""charging"":false,""latch"":true,""pi_status"":""offline"",""uptime_s"":2962}"
2026-06-25T08:13:40.308873,88.2,24.607,0.432,10.64,0,"{""soc"":88.2,""voltage"":24.607,""current"":0.432,""power"":10.64,""ocv"":24.630,""cell_v"":4.101,""charging"":false,""latch"":true,""pi_status"":""offline"",""uptime_s"":2967}"
2026-06-25T08:13:45.349216,88.2,24.606,0.436,10.71,0,"{""soc"":88.2,""voltage"":24.606,""current"":0.436,""power"":10.71,""ocv"":24.630,""cell_v"":4.101,""charging"":false,""latch"":true,""pi_status"":""offline"",""uptime_s"":2972}"
2026-06-25T08:13:50.358608,88.0,24.605,0.496,12.2,0,"{""soc"":88.0,""voltage"":24.605,""current"":0.496,""power"":12.20,""ocv"":24.632,""cell_v"":4.101,""charging"":false,""latch"":true,""pi_status"":""offline"",""uptime_s"":2977}"
2026-06-25T08:13:55.460734,87.9,24.604,0.513,11.58,0,"{""soc"":87.9,""voltage"":24.604,""current"":0.513,""power"":11.58,""ocv"":24.631,""cell_v"":4.101,""charging"":false,""latch"":true,""pi_status"":""offline"",""uptime_s"":2982}"
2026-06-25T08:14:00.373138,87.9,24.604,0.483,11.9,0,"{""soc"":87.9,""voltage"":24.604,""current"":0.483,""power"":11.90,""ocv"":24.630,""cell_v"":4.101,""charging"":false,""latch"":true,""pi_status"":""offline"",""uptime_s"":2987}"
2026-06-25T08:14:05.382683,87.9,24.603,0.542,13.34,0,"{""soc"":87.9,""voltage"":24.603,""current"":0.542,""power"":13.34,""ocv"":24.632,""cell_v"":4.100,""charging"":false,""latch"":true,""pi_status"":""offline"",""uptime_s"":2992}"
2026-06-25T08:14:10.399466,87.9,24.601,0.461,11.38,0,"{""soc"":87.9,""voltage"":24.601,""current"":0.461,""power"":11.38,""ocv"":24.626,""cell_v"":4.100,""charging"":false,""latch"":true,""pi_status"":""offline"",""uptime_s"":2997}"
2026-06-25T08:14:15.358587,87.9,24.601,0.444,10.92,0,"{""soc"":87.9,""voltage"":24.601,""current"":0.444,""power"":10.92,""ocv"":24.625,""cell_v"":4.100,""charging"":false,""latch"":true,""pi_status"":""offline"",""uptime_s"":3002}"
2026-06-25T08:14:20.361151,87.9,24.601,0.45,11.08,0,"{""soc"":87.9,""voltage"":24.601,""current"":0.450,""power"":11.08,""ocv"":24.625,""cell_v"":4.100,""charging"":false,""latch"":true,""pi_status"":""offline"",""uptime_s"":3007}"
2026-06-25T08:14:25.486931,87.9,24.6,0.432,10.62,0,"{""soc"":87.9,""voltage"":24.600,""current"":0.432,""power"":10.62,""ocv"":24.623,""cell_v"":4.100,""charging"":false,""latch"":true,""pi_status"":""offline"",""uptime_s"":3012}"
2026-06-25T08:14:30.401044,87.8,24.599,0.547,13.46,0,"{""soc"":87.8,""voltage"":24.599,""current"":0.547,""power"":13.46,""ocv"":24.628,""cell_v"":4.100,""charging"":false,""latch"":true,""pi_status"":""offline"",""uptime_s"":3017}"
2026-06-25T08:14:35.395515,87.8,24.597,0.573,14.08,0,"{""soc"":87.8,""voltage"":24.597,""current"":0.573,""power"":14.08,""ocv"":24.628,""cell_v"":4.100,""charging"":false,""latch"":true,""pi_status"":""offline"",""uptime_s"":3022}"
2026-06-25T08:14:40.440139,87.8,24.595,0.436,10.73,0,"{""soc"":87.8,""voltage"":24.595,""current"":0.436,""power"":10.73,""ocv"":24.619,""cell_v"":4.099,""charging"":false,""latch"":true,""pi_status"":""offline"",""uptime_s"":3027}"
2026-06-25T08:14:45.357386,87.8,24.594,0.431,10.6,0,"{""soc"":87.8,""voltage"":24.594,""current"":0.431,""power"":10.60,""ocv"":24.618,""cell_v"":4.099,""charging"":false,""latch"":true,""pi_status"":""offline"",""uptime_s"":3032}"
2026-06-25T08:14:50.362648,87.8,24.594,0.434,10.69,0,"{""soc"":87.8,""voltage"":24.594,""current"":0.434,""power"":10.69,""ocv"":24.618,""cell_v"":4.099,""charging"":false,""latch"":true,""pi_status"":""offline"",""uptime_s"":3037}"
2026-06-25T08:14:55.469255,87.8,24.593,0.536,13.16,0,"{""soc"":87.8,""voltage"":24.593,""current"":0.536,""power"":13.16,""ocv"":24.622,""cell_v"":4.099,""charging"":false,""latch"":true,""pi_status"":""offline"",""uptime_s"":3042}"
2026-06-25T08:15:00.401465,87.8,24.591,0.444,10.92,0,"{""soc"":87.8,""voltage"":24.591,""current"":0.444,""power"":10.92,""ocv"":24.615,""cell_v"":4.099,""charging"":false,""latch"":true,""pi_status"":""offline"",""uptime_s"":3047}"
2026-06-25T08:15:05.402318,87.7,24.591,0.597,14.67,0,"{""soc"":87.7,""voltage"":24.591,""current"":0.597,""power"":14.67,""ocv"":24.623,""cell_v"":4.098,""charging"":false,""latch"":true,""pi_status"":""offline"",""uptime_s"":3052}"
2026-06-25T08:15:10.436771,87.7,24.59,0.442,10.87,0,"{""soc"":87.7,""voltage"":24.590,""current"":0.442,""power"":10.87,""ocv"":24.613,""cell_v"":4.098,""charging"":false,""latch"":true,""pi_status"":""offline"",""uptime_s"":3057}"
2026-06-25T08:15:15.360198,87.7,24.586,0.707,17.37,0,"{""soc"":87.7,""voltage"":24.586,""current"":0.707,""power"":17.37,""ocv"":24.624,""cell_v"":4.098,""charging"":false,""latch"":true,""pi_status"":""offline"",""uptime_s"":3062}"
2026-06-25T08:15:20.374030,87.7,24.587,0.444,10.92,0,"{""soc"":87.7,""voltage"":24.587,""current"":0.444,""power"":10.92,""ocv"":24.610,""cell_v"":4.098,""charging"":false,""latch"":true,""pi_status"":""offline"",""uptime_s"":3067}"
2026-06-25T08:15:25.464471,87.4,24.587,0.439,10.8,0,"{""soc"":87.4,""voltage"":24.587,""current"":0.439,""power"":10.80,""ocv"":24.611,""cell_v"":4.098,""charging"":false,""latch"":true,""pi_status"":""offline"",""uptime_s"":3072}"
2026-06-25T08:15:30.385344,87.4,24.586,0.439,10.8,0,"{""soc"":87.4,""voltage"":24.586,""current"":0.439,""power"":10.80,""ocv"":24.610,""cell_v"":4.098,""charging"":false,""latch"":true,""pi_status"":""offline"",""uptime_s"":3077}"
2026-06-25T08:15:35.400308,87.4,24.586,0.444,10.89,0,"{""soc"":87.4,""voltage"":24.586,""current"":0.444,""power"":10.89,""ocv"":24.610,""cell_v"":4.098,""charging"":false,""latch"":true,""pi_status"":""offline"",""uptime_s"":3082}"
2026-06-25T08:15:40.420661,87.4,24.582,0.444,10.92,0,"{""soc"":87.4,""voltage"":24.582,""current"":0.444,""power"":10.92,""ocv"":24.606,""cell_v"":4.097,""charging"":false,""latch"":true,""pi_status"":""offline"",""uptime_s"":3087}"
2026-06-25T08:15:45.430373,87.4,24.582,0.439,10.8,0,"{""soc"":87.4,""voltage"":24.582,""current"":0.439,""power"":10.80,""ocv"":24.605,""cell_v"":4.097,""charging"":false,""latch"":true,""pi_status"":""offline"",""uptime_s"":3092}"
2026-06-25T08:15:50.378314,87.3,24.581,0.48,11.79,0,"{""soc"":87.3,""voltage"":24.581,""current"":0.480,""power"":11.79,""ocv"":24.607,""cell_v"":4.097,""charging"":false,""latch"":true,""pi_status"":""offline"",""uptime_s"":3097}"
2026-06-25T08:15:55.478237,87.3,24.581,0.461,11.35,0,"{""soc"":87.3,""voltage"":24.581,""current"":0.461,""power"":11.35,""ocv"":24.606,""cell_v"":4.097,""charging"":false,""latch"":true,""pi_status"":""offline"",""uptime_s"":3102}"
2026-06-25T08:16:00.388010,87.3,24.581,0.45,11.08,0,"{""soc"":87.3,""voltage"":24.581,""current"":0.450,""power"":11.08,""ocv"":24.605,""cell_v"":4.097,""charging"":false,""latch"":true,""pi_status"":""offline"",""uptime_s"":3107}"
2026-06-25T08:16:05.419719,87.3,24.579,0.439,10.8,0,"{""soc"":87.3,""voltage"":24.579,""current"":0.439,""power"":10.80,""ocv"":24.603,""cell_v"":4.097,""charging"":false,""latch"":true,""pi_status"":""offline"",""uptime_s"":3112}"
2026-06-25T08:16:10.426038,87.3,24.575,1.372,33.65,0,"{""soc"":87.3,""voltage"":24.575,""current"":1.372,""power"":33.65,""ocv"":24.649,""cell_v"":4.096,""charging"":false,""latch"":true,""pi_status"":""offline"",""uptime_s"":3117}"
2026-06-25T08:16:15.538699,87.3,24.572,0.84,20.62,0,"{""soc"":87.3,""voltage"":24.572,""current"":0.840,""power"":20.62,""ocv"":24.617,""cell_v"":4.095,""charging"":false,""latch"":true,""pi_status"":""offline"",""uptime_s"":3122}"
2026-06-25T08:16:20.452576,87.2,24.57,0.677,16.64,0,"{""soc"":87.2,""voltage"":24.570,""current"":0.677,""power"":16.64,""ocv"":24.607,""cell_v"":4.095,""charging"":false,""latch"":true,""pi_status"":""offline"",""uptime_s"":3127}"
2026-06-25T08:16:25.470336,87.2,24.568,0.717,17.6,0,"{""soc"":87.2,""voltage"":24.568,""current"":0.717,""power"":17.60,""ocv"":24.607,""cell_v"":4.095,""charging"":false,""latch"":true,""pi_status"":""offline"",""uptime_s"":3132}"
2026-06-25T08:16:30.483388,87.2,24.568,0.439,10.8,0,"{""soc"":87.2,""voltage"":24.568,""current"":0.439,""power"":10.80,""ocv"":24.591,""cell_v"":4.095,""charging"":false,""latch"":true,""pi_status"":""offline"",""uptime_s"":3137}"
2026-06-25T08:16:35.412820,87.2,24.569,0.438,10.78,0,"{""soc"":87.2,""voltage"":24.569,""current"":0.438,""power"":10.78,""ocv"":24.592,""cell_v"":4.095,""charging"":false,""latch"":true,""pi_status"":""offline"",""uptime_s"":3142}"
2026-06-25T08:16:40.445362,86.9,24.569,0.439,10.8,0,"{""soc"":86.9,""voltage"":24.569,""current"":0.439,""power"":10.80,""ocv"":24.593,""cell_v"":4.095,""charging"":false,""latch"":true,""pi_status"":""offline"",""uptime_s"":3147}"
2026-06-25T08:16:45.449693,86.9,24.569,0.442,10.85,0,"{""soc"":86.9,""voltage"":24.569,""current"":0.442,""power"":10.85,""ocv"":24.593,""cell_v"":4.095,""charging"":false,""latch"":true,""pi_status"":""offline"",""uptime_s"":3152}"
2026-06-25T08:16:50.464374,86.9,24.57,0.44,10.83,0,"{""soc"":86.9,""voltage"":24.570,""current"":0.440,""power"":10.83,""ocv"":24.593,""cell_v"":4.095,""charging"":false,""latch"":true,""pi_status"":""offline"",""uptime_s"":3157}"
2026-06-25T08:16:55.495813,86.9,24.57,0.429,10.57,0,"{""soc"":86.9,""voltage"":24.570,""current"":0.429,""power"":10.57,""ocv"":24.593,""cell_v"":4.095,""charging"":false,""latch"":true,""pi_status"":""offline"",""uptime_s"":3162}"
2026-06-25T08:17:00.414002,86.9,24.57,0.434,10.67,0,"{""soc"":86.9,""voltage"":24.570,""current"":0.434,""power"":10.67,""ocv"":24.593,""cell_v"":4.095,""charging"":false,""latch"":true,""pi_status"":""offline"",""uptime_s"":3167}"
2026-06-25T08:17:05.413242,86.8,24.569,0.435,10.69,0,"{""soc"":86.8,""voltage"":24.569,""current"":0.435,""power"":10.69,""ocv"":24.593,""cell_v"":4.095,""charging"":false,""latch"":true,""pi_status"":""offline"",""uptime_s"":3172}"
2026-06-25T08:17:10.444155,86.8,24.569,0.442,10.85,0,"{""soc"":86.8,""voltage"":24.569,""current"":0.442,""power"":10.85,""ocv"":24.593,""cell_v"":4.095,""charging"":false,""latch"":true,""pi_status"":""offline"",""uptime_s"":3177}"
2026-06-25T08:17:15.474607,86.8,24.569,0.428,10.53,0,"{""soc"":86.8,""voltage"":24.569,""current"":0.428,""power"":10.53,""ocv"":24.592,""cell_v"":4.095,""charging"":false,""latch"":true,""pi_status"":""offline"",""uptime_s"":3182}"
2026-06-25T08:17:20.481935,86.8,24.568,0.424,10.39,0,"{""soc"":86.8,""voltage"":24.568,""current"":0.424,""power"":10.39,""ocv"":24.591,""cell_v"":4.095,""charging"":false,""latch"":true,""pi_status"":""offline"",""uptime_s"":3187}"
2026-06-25T08:17:25.718634,86.8,24.568,0.425,10.44,0,"{""soc"":86.8,""voltage"":24.568,""current"":0.425,""power"":10.44,""ocv"":24.591,""cell_v"":4.095,""charging"":false,""latch"":true,""pi_status"":""offline"",""uptime_s"":3192}"
2026-06-25T08:17:30.426844,86.8,24.567,0.437,10.71,0,"{""soc"":86.8,""voltage"":24.567,""current"":0.437,""power"":10.71,""ocv"":24.590,""cell_v"":4.094,""charging"":false,""latch"":true,""pi_status"":""offline"",""uptime_s"":3197}"
2026-06-25T08:17:35.511457,86.8,24.567,0.427,10.51,0,"{""soc"":86.8,""voltage"":24.567,""current"":0.427,""power"":10.51,""ocv"":24.590,""cell_v"":4.094,""charging"":false,""latch"":true,""pi_status"":""offline"",""uptime_s"":3202}"
2026-06-25T08:17:40.443316,86.8,24.566,0.423,10.39,0,"{""soc"":86.8,""voltage"":24.566,""current"":0.423,""power"":10.39,""ocv"":24.589,""cell_v"":4.094,""charging"":false,""latch"":true,""pi_status"":""offline"",""uptime_s"":3207}"
2026-06-25T08:17:45.450595,86.7,24.566,0.428,10.51,0,"{""soc"":86.7,""voltage"":24.566,""current"":0.428,""power"":10.51,""ocv"":24.589,""cell_v"":4.094,""charging"":false,""latch"":true,""pi_status"":""offline"",""uptime_s"":3212}"
2026-06-25T08:17:50.471970,86.7,24.565,0.433,10.62,0,"{""soc"":86.7,""voltage"":24.565,""current"":0.433,""power"":10.62,""ocv"":24.588,""cell_v"":4.094,""charging"":false,""latch"":true,""pi_status"":""offline"",""uptime_s"":3217}"
2026-06-25T08:17:55.590040,86.7,24.564,0.432,10.62,0,"{""soc"":86.7,""voltage"":24.564,""current"":0.432,""power"":10.62,""ocv"":24.587,""cell_v"":4.094,""charging"":false,""latch"":true,""pi_status"":""offline"",""uptime_s"":3222}"
2026-06-25T08:18:00.518972,86.7,24.563,0.435,10.67,0,"{""soc"":86.7,""voltage"":24.563,""current"":0.435,""power"":10.67,""ocv"":24.586,""cell_v"":4.094,""charging"":false,""latch"":true,""pi_status"":""offline"",""uptime_s"":3227}"
2026-06-25T08:18:05.546267,86.7,24.562,0.428,10.55,0,"{""soc"":86.7,""voltage"":24.562,""current"":0.428,""power"":10.55,""ocv"":24.585,""cell_v"":4.094,""charging"":false,""latch"":true,""pi_status"":""offline"",""uptime_s"":3232}"
2026-06-25T08:18:11.178272,86.7,24.562,0.428,10.55,0,"{""soc"":86.7,""voltage"":24.562,""current"":0.428,""power"":10.55,""ocv"":24.585,""cell_v"":4.094,""charging"":false,""latch"":true,""pi_status"":""offline"",""uptime_s"":3237}"
2026-06-25T08:18:15.449665,86.7,24.561,0.431,10.57,0,"{""soc"":86.7,""voltage"":24.561,""current"":0.431,""power"":10.57,""ocv"":24.584,""cell_v"":4.093,""charging"":false,""latch"":true,""pi_status"":""offline"",""uptime_s"":3242}"
2026-06-25T08:18:20.467266,86.7,24.559,0.448,10.99,0,"{""soc"":86.7,""voltage"":24.559,""current"":0.448,""power"":10.99,""ocv"":24.583,""cell_v"":4.093,""charging"":false,""latch"":true,""pi_status"":""offline"",""uptime_s"":3247}"
2026-06-25T08:18:25.592999,86.6,24.559,0.429,10.55,0,"{""soc"":86.6,""voltage"":24.559,""current"":0.429,""power"":10.55,""ocv"":24.582,""cell_v"":4.093,""charging"":false,""latch"":true,""pi_status"":""offline"",""uptime_s"":3252}"
2026-06-25T08:18:30.600419,86.6,24.558,0.434,10.64,0,"{""soc"":86.6,""voltage"":24.558,""current"":0.434,""power"":10.64,""ocv"":24.582,""cell_v"":4.093,""charging"":false,""latch"":true,""pi_status"":""offline"",""uptime_s"":3257}"
2026-06-25T08:18:35.525657,86.6,24.557,0.428,10.51,0,"{""soc"":86.6,""voltage"":24.557,""current"":0.428,""power"":10.51,""ocv"":24.580,""cell_v"":4.093,""charging"":false,""latch"":true,""pi_status"":""offline"",""uptime_s"":3262}"
2026-06-25T08:18:40.773139,86.6,24.556,0.427,10.48,0,"{""soc"":86.6,""voltage"":24.556,""current"":0.427,""power"":10.48,""ocv"":24.579,""cell_v"":4.093,""charging"":false,""latch"":true,""pi_status"":""offline"",""uptime_s"":3267}"
2026-06-25T08:18:45.483415,86.6,24.555,0.489,12.02,0,"{""soc"":86.6,""voltage"":24.555,""current"":0.489,""power"":12.02,""ocv"":24.581,""cell_v"":4.092,""charging"":false,""latch"":true,""pi_status"":""offline"",""uptime_s"":3272}"
2026-06-25T08:18:50.578606,86.6,24.555,0.428,10.53,0,"{""soc"":86.6,""voltage"":24.555,""current"":0.428,""power"":10.53,""ocv"":24.578,""cell_v"":4.092,""charging"":false,""latch"":true,""pi_status"":""offline"",""uptime_s"":3277}"
2026-06-25T08:18:55.604356,86.6,24.554,0.426,10.44,0,"{""soc"":86.6,""voltage"":24.554,""current"":0.426,""power"":10.44,""ocv"":24.577,""cell_v"":4.092,""charging"":false,""latch"":true,""pi_status"":""offline"",""uptime_s"":3282}"
2026-06-25T08:19:00.618252,86.6,24.554,0.428,10.53,0,"{""soc"":86.6,""voltage"":24.554,""current"":0.428,""power"":10.53,""ocv"":24.577,""cell_v"":4.092,""charging"":false,""latch"":true,""pi_status"":""offline"",""uptime_s"":3287}"
2026-06-25T08:19:05.625763,86.5,24.553,0.428,10.53,0,"{""soc"":86.5,""voltage"":24.553,""current"":0.428,""power"":10.53,""ocv"":24.576,""cell_v"":4.092,""charging"":false,""latch"":true,""pi_status"":""offline"",""uptime_s"":3292}"
2026-06-25T08:19:10.548767,86.5,24.553,0.427,10.48,0,"{""soc"":86.5,""voltage"":24.553,""current"":0.427,""power"":10.48,""ocv"":24.576,""cell_v"":4.092,""charging"":false,""latch"":true,""pi_status"":""offline"",""uptime_s"":3297}"
2026-06-25T08:19:15.660177,86.5,24.552,0.426,10.44,0,"{""soc"":86.5,""voltage"":24.552,""current"":0.426,""power"":10.44,""ocv"":24.575,""cell_v"":4.092,""charging"":false,""latch"":true,""pi_status"":""offline"",""uptime_s"":3302}"
2026-06-25T08:19:20.490563,86.5,24.551,0.433,10.62,0,"{""soc"":86.5,""voltage"":24.551,""current"":0.433,""power"":10.62,""ocv"":24.574,""cell_v"":4.092,""charging"":false,""latch"":true,""pi_status"":""offline"",""uptime_s"":3307}"
2026-06-25T08:19:25.701670,86.5,24.55,0.424,10.39,0,"{""soc"":86.5,""voltage"":24.550,""current"":0.424,""power"":10.39,""ocv"":24.573,""cell_v"":4.092,""charging"":false,""latch"":true,""pi_status"":""offline"",""uptime_s"":3312}"
2026-06-25T08:19:30.515280,86.5,24.548,0.509,12.5,0,"{""soc"":86.5,""voltage"":24.548,""current"":0.509,""power"":12.50,""ocv"":24.576,""cell_v"":4.091,""charging"":false,""latch"":true,""pi_status"":""offline"",""uptime_s"":3317}"
2026-06-25T08:19:35.562944,86.5,24.548,0.433,10.62,0,"{""soc"":86.5,""voltage"":24.548,""current"":0.433,""power"":10.62,""ocv"":24.571,""cell_v"":4.091,""charging"":false,""latch"":true,""pi_status"":""offline"",""uptime_s"":3322}"
2026-06-25T08:19:40.680549,86.4,24.547,0.426,10.46,0,"{""soc"":86.4,""voltage"":24.547,""current"":0.426,""power"":10.46,""ocv"":24.570,""cell_v"":4.091,""charging"":false,""latch"":true,""pi_status"":""offline"",""uptime_s"":3327}"
2026-06-25T08:19:45.595713,86.4,24.547,0.378,9.27,0,"{""soc"":86.4,""voltage"":24.547,""current"":0.378,""power"":9.27,""ocv"":24.567,""cell_v"":4.091,""charging"":false,""latch"":true,""pi_status"":""offline"",""uptime_s"":3332}"
2026-06-25T08:19:50.496559,86.4,24.547,0.376,9.22,0,"{""soc"":86.4,""voltage"":24.547,""current"":0.376,""power"":9.22,""ocv"":24.567,""cell_v"":4.091,""charging"":false,""latch"":true,""pi_status"":""offline"",""uptime_s"":3337}"
2026-06-25T08:19:55.612277,86.4,24.547,0.382,9.36,0,"{""soc"":86.4,""voltage"":24.547,""current"":0.382,""power"":9.36,""ocv"":24.567,""cell_v"":4.091,""charging"":false,""latch"":true,""pi_status"":""offline"",""uptime_s"":3342}"
2026-06-25T08:20:00.622180,86.4,24.547,0.38,9.34,0,"{""soc"":86.4,""voltage"":24.547,""current"":0.380,""power"":9.34,""ocv"":24.567,""cell_v"":4.091,""charging"":false,""latch"":true,""pi_status"":""offline"",""uptime_s"":3347}"
2026-06-25T08:20:05.533033,86.4,24.545,0.439,10.8,0,"{""soc"":86.4,""voltage"":24.545,""current"":0.439,""power"":10.80,""ocv"":24.569,""cell_v"":4.091,""charging"":false,""latch"":true,""pi_status"":""starting"",""uptime_s"":3352}"
2026-06-25T08:20:11.371223,86.4,24.544,0.439,10.76,0,"{""soc"":86.4,""voltage"":24.544,""current"":0.439,""power"":10.76,""ocv"":24.567,""cell_v"":4.091,""charging"":false,""latch"":true,""pi_status"":""starting"",""uptime_s"":3357}"
2026-06-25T08:20:15.588132,86.1,24.542,0.439,10.76,0,"{""soc"":86.1,""voltage"":24.542,""current"":0.439,""power"":10.76,""ocv"":24.565,""cell_v"":4.090,""charging"":false,""latch"":true,""pi_status"":""starting"",""uptime_s"":3362}"
2026-06-25T08:20:20.514506,86.1,24.541,0.44,10.8,0,"{""soc"":86.1,""voltage"":24.541,""current"":0.440,""power"":10.80,""ocv"":24.565,""cell_v"":4.090,""charging"":false,""latch"":true,""pi_status"":""starting"",""uptime_s"":3367}"
2026-06-25T08:20:25.707677,86.1,24.539,0.568,13.92,0,"{""soc"":86.1,""voltage"":24.539,""current"":0.568,""power"":13.92,""ocv"":24.569,""cell_v"":4.090,""charging"":false,""latch"":true,""pi_status"":""starting"",""uptime_s"":3372}"
2026-06-25T08:20:30.518085,86.0,24.537,0.537,13.21,0,"{""soc"":86.0,""voltage"":24.537,""current"":0.537,""power"":13.21,""ocv"":24.566,""cell_v"":4.089,""charging"":false,""latch"":true,""pi_status"":""starting"",""uptime_s"":3377}"
2026-06-25T08:20:35.563326,86.0,24.535,0.568,13.92,0,"{""soc"":86.0,""voltage"":24.535,""current"":0.568,""power"":13.92,""ocv"":24.565,""cell_v"":4.089,""charging"":false,""latch"":true,""pi_status"":""starting"",""uptime_s"":3382}"
2026-06-25T08:20:40.660680,86.0,24.533,0.585,14.35,0,"{""soc"":86.0,""voltage"":24.533,""current"":0.585,""power"":14.35,""ocv"":24.565,""cell_v"":4.089,""charging"":false,""latch"":true,""pi_status"":""ready"",""uptime_s"":3387}"
2026-06-25T08:20:45.698914,86.0,24.532,0.463,11.35,0,"{""soc"":86.0,""voltage"":24.532,""current"":0.463,""power"":11.35,""ocv"":24.557,""cell_v"":4.089,""charging"":false,""latch"":true,""pi_status"":""ready"",""uptime_s"":3392}"
2026-06-25T08:20:50.623869,86.0,24.532,0.443,10.85,0,"{""soc"":86.0,""voltage"":24.532,""current"":0.443,""power"":10.85,""ocv"":24.555,""cell_v"":4.089,""charging"":false,""latch"":true,""pi_status"":""ready"",""uptime_s"":3397}"
2026-06-25T08:20:55.532451,85.7,24.531,0.445,10.92,0,"{""soc"":85.7,""voltage"":24.531,""current"":0.445,""power"":10.92,""ocv"":24.555,""cell_v"":4.089,""charging"":false,""latch"":true,""pi_status"":""ready"",""uptime_s"":3402}"
2026-06-25T08:21:00.640418,85.7,24.531,0.443,10.87,0,"{""soc"":85.7,""voltage"":24.531,""current"":0.443,""power"":10.87,""ocv"":24.555,""cell_v"":4.089,""charging"":false,""latch"":true,""pi_status"":""ready"",""uptime_s"":3407}"
2026-06-25T08:21:05.549466,85.7,24.531,0.445,10.89,0,"{""soc"":85.7,""voltage"":24.531,""current"":0.445,""power"":10.89,""ocv"":24.555,""cell_v"":4.088,""charging"":false,""latch"":true,""pi_status"":""ready"",""uptime_s"":3412}"
2026-06-25T08:21:10.677911,85.7,24.528,0.602,14.74,0,"{""soc"":85.7,""voltage"":24.528,""current"":0.602,""power"":14.74,""ocv"":24.561,""cell_v"":4.088,""charging"":false,""latch"":true,""pi_status"":""ready"",""uptime_s"":3417}"
2026-06-25T08:21:15.592806,85.6,24.526,0.609,14.92,0,"{""soc"":85.6,""voltage"":24.526,""current"":0.609,""power"":14.92,""ocv"":24.559,""cell_v"":4.088,""charging"":false,""latch"":true,""pi_status"":""ready"",""uptime_s"":3422}"
2026-06-25T08:21:20.622307,85.6,24.523,0.636,15.61,0,"{""soc"":85.6,""voltage"":24.523,""current"":0.636,""power"":15.61,""ocv"":24.557,""cell_v"":4.087,""charging"":false,""latch"":true,""pi_status"":""ready"",""uptime_s"":3427}"
2026-06-25T08:21:25.631885,85.6,24.52,0.619,15.17,0,"{""soc"":85.6,""voltage"":24.520,""current"":0.619,""power"":15.17,""ocv"":24.553,""cell_v"":4.087,""charging"":false,""latch"":true,""pi_status"":""ready"",""uptime_s"":3432}"
2026-06-25T08:21:30.633058,85.6,24.518,0.601,14.72,0,"{""soc"":85.6,""voltage"":24.518,""current"":0.601,""power"":14.72,""ocv"":24.551,""cell_v"":4.086,""charging"":false,""latch"":true,""pi_status"":""ready"",""uptime_s"":3437}"
2026-06-25T08:21:35.651776,85.6,24.517,0.6,14.69,0,"{""soc"":85.6,""voltage"":24.517,""current"":0.600,""power"":14.69,""ocv"":24.549,""cell_v"":4.086,""charging"":false,""latch"":true,""pi_status"":""ready"",""uptime_s"":3442}"
2026-06-25T08:21:40.582176,85.5,24.516,0.436,10.71,0,"{""soc"":85.5,""voltage"":24.516,""current"":0.436,""power"":10.71,""ocv"":24.540,""cell_v"":4.086,""charging"":false,""latch"":true,""pi_status"":""ready"",""uptime_s"":3447}"
2026-06-25T08:21:45.676125,85.5,24.516,0.612,15.01,0,"{""soc"":85.5,""voltage"":24.516,""current"":0.612,""power"":15.01,""ocv"":24.549,""cell_v"":4.086,""charging"":false,""latch"":true,""pi_status"":""ready"",""uptime_s"":3452}"
2026-06-25T08:21:50.613684,85.5,24.515,0.601,14.74,0,"{""soc"":85.5,""voltage"":24.515,""current"":0.601,""power"":14.74,""ocv"":24.547,""cell_v"":4.086,""charging"":false,""latch"":true,""pi_status"":""ready"",""uptime_s"":3457}"
2026-06-25T08:21:55.617263,85.5,24.513,0.602,14.76,0,"{""soc"":85.5,""voltage"":24.513,""current"":0.602,""power"":14.76,""ocv"":24.546,""cell_v"":4.086,""charging"":false,""latch"":true,""pi_status"":""ready"",""uptime_s"":3462}"
2026-06-25T08:22:00.738630,85.5,24.511,0.616,15.08,0,"{""soc"":85.5,""voltage"":24.511,""current"":0.616,""power"":15.08,""ocv"":24.544,""cell_v"":4.085,""charging"":false,""latch"":true,""pi_status"":""ready"",""uptime_s"":3467}"
2026-06-25T08:22:05.654902,85.5,24.51,0.62,15.2,0,"{""soc"":85.5,""voltage"":24.510,""current"":0.620,""power"":15.20,""ocv"":24.543,""cell_v"":4.085,""charging"":false,""latch"":true,""pi_status"":""ready"",""uptime_s"":3472}"
2026-06-25T08:22:10.874545,85.4,24.509,0.922,22.57,0,"{""soc"":85.4,""voltage"":24.509,""current"":0.922,""power"":22.57,""ocv"":24.558,""cell_v"":4.085,""charging"":false,""latch"":true,""pi_status"":""ready"",""uptime_s"":3477}"
2026-06-25T08:22:15.606114,85.4,24.506,0.435,10.64,0,"{""soc"":85.4,""voltage"":24.506,""current"":0.435,""power"":10.64,""ocv"":24.530,""cell_v"":4.084,""charging"":false,""latch"":true,""pi_status"":""ready"",""uptime_s"":3482}"
2026-06-25T08:22:20.697962,85.4,24.499,1.172,28.66,0,"{""soc"":85.4,""voltage"":24.499,""current"":1.172,""power"":28.66,""ocv"":24.562,""cell_v"":4.083,""charging"":false,""latch"":true,""pi_status"":""ready"",""uptime_s"":3487}"
2026-06-25T08:22:25.744552,85.3,24.483,1.174,28.7,0,"{""soc"":85.3,""voltage"":24.483,""current"":1.174,""power"":28.70,""ocv"":24.546,""cell_v"":4.080,""charging"":false,""latch"":true,""pi_status"":""ready"",""uptime_s"":3492}"
2026-06-25T08:22:30.769344,85.3,24.48,0.438,10.71,0,"{""soc"":85.3,""voltage"":24.480,""current"":0.438,""power"":10.71,""ocv"":24.503,""cell_v"":4.080,""charging"":false,""latch"":true,""pi_status"":""ready"",""uptime_s"":3497}"
2026-06-25T08:22:35.659842,85.3,24.485,0.437,10.69,0,"{""soc"":85.3,""voltage"":24.485,""current"":0.437,""power"":10.69,""ocv"":24.508,""cell_v"":4.081,""charging"":false,""latch"":true,""pi_status"":""ready"",""uptime_s"":3502}"
2026-06-25T08:22:40.677229,85.3,24.488,0.547,13.41,0,"{""soc"":85.3,""voltage"":24.488,""current"":0.547,""power"":13.41,""ocv"":24.517,""cell_v"":4.081,""charging"":false,""latch"":true,""pi_status"":""ready"",""uptime_s"":3507}"
2026-06-25T08:22:45.691052,85.3,24.49,0.558,13.66,0,"{""soc"":85.3,""voltage"":24.490,""current"":0.558,""power"":13.66,""ocv"":24.520,""cell_v"":4.082,""charging"":false,""latch"":true,""pi_status"":""ready"",""uptime_s"":3512}"
2026-06-25T08:22:50.629578,85.3,24.492,0.589,14.42,0,"{""soc"":85.3,""voltage"":24.492,""current"":0.589,""power"":14.42,""ocv"":24.523,""cell_v"":4.082,""charging"":false,""latch"":true,""pi_status"":""ready"",""uptime_s"":3517}"
2026-06-25T08:22:55.632111,85.2,24.492,0.591,14.47,0,"{""soc"":85.2,""voltage"":24.492,""current"":0.591,""power"":14.47,""ocv"":24.523,""cell_v"":4.082,""charging"":false,""latch"":true,""pi_status"":""ready"",""uptime_s"":3522}"
2026-06-25T08:23:00.880586,85.2,24.491,0.591,14.49,0,"{""soc"":85.2,""voltage"":24.491,""current"":0.591,""power"":14.49,""ocv"":24.523,""cell_v"":4.082,""charging"":false,""latch"":true,""pi_status"":""ready"",""uptime_s"":3527}"
2026-06-25T08:23:05.876514,85.2,24.491,0.609,14.9,0,"{""soc"":85.2,""voltage"":24.491,""current"":0.609,""power"":14.90,""ocv"":24.524,""cell_v"":4.082,""charging"":false,""latch"":true,""pi_status"":""ready"",""uptime_s"":3532}"
2026-06-25T08:23:10.777580,85.2,24.49,0.588,14.4,0,"{""soc"":85.2,""voltage"":24.490,""current"":0.588,""power"":14.40,""ocv"":24.522,""cell_v"":4.082,""charging"":false,""latch"":true,""pi_status"":""ready"",""uptime_s"":3537}"
2026-06-25T08:23:15.793828,85.2,24.489,0.591,14.49,0,"{""soc"":85.2,""voltage"":24.489,""current"":0.591,""power"":14.49,""ocv"":24.521,""cell_v"":4.081,""charging"":false,""latch"":true,""pi_status"":""ready"",""uptime_s"":3542}"
2026-06-25T08:23:20.812670,85.1,24.489,0.444,10.87,0,"{""soc"":85.1,""voltage"":24.489,""current"":0.444,""power"":10.87,""ocv"":24.513,""cell_v"":4.082,""charging"":false,""latch"":true,""pi_status"":""ready"",""uptime_s"":3547}"
2026-06-25T08:23:25.640580,85.1,24.489,0.459,11.24,0,"{""soc"":85.1,""voltage"":24.489,""current"":0.459,""power"":11.24,""ocv"":24.514,""cell_v"":4.082,""charging"":false,""latch"":true,""pi_status"":""ready"",""uptime_s"":3552}"
2026-06-25T08:23:31.188080,84.8,24.491,0.438,10.71,0,"{""soc"":84.8,""voltage"":24.491,""current"":0.438,""power"":10.71,""ocv"":24.514,""cell_v"":4.082,""charging"":false,""latch"":true,""pi_status"":""ready"",""uptime_s"":3557}"
2026-06-25T08:23:35.691274,84.8,24.491,0.434,10.62,0,"{""soc"":84.8,""voltage"":24.491,""current"":0.434,""power"":10.62,""ocv"":24.515,""cell_v"":4.082,""charging"":false,""latch"":true,""pi_status"":""ready"",""uptime_s"":3562}"
2026-06-25T08:23:40.782450,84.8,24.491,0.469,11.47,0,"{""soc"":84.8,""voltage"":24.491,""current"":0.469,""power"":11.47,""ocv"":24.516,""cell_v"":4.082,""charging"":false,""latch"":true,""pi_status"":""ready"",""uptime_s"":3567}"
2026-06-25T08:23:45.909422,84.7,24.492,0.432,10.57,0,"{""soc"":84.7,""voltage"":24.492,""current"":0.432,""power"":10.57,""ocv"":24.515,""cell_v"":4.082,""charging"":false,""latch"":true,""pi_status"":""ready"",""uptime_s"":3572}"
2026-06-25T08:23:50.711517,84.7,24.492,0.533,13.05,0,"{""soc"":84.7,""voltage"":24.492,""current"":0.533,""power"":13.05,""ocv"":24.520,""cell_v"":4.082,""charging"":false,""latch"":true,""pi_status"":""ready"",""uptime_s"":3577}"
2026-06-25T08:23:55.658222,84.7,24.49,0.542,13.28,0,"{""soc"":84.7,""voltage"":24.490,""current"":0.542,""power"":13.28,""ocv"":24.519,""cell_v"":4.082,""charging"":false,""latch"":true,""pi_status"":""ready"",""uptime_s"":3582}"
2026-06-25T08:24:01.062638,84.7,24.489,0.545,13.34,0,"{""soc"":84.7,""voltage"":24.489,""current"":0.545,""power"":13.34,""ocv"":24.518,""cell_v"":4.081,""charging"":false,""latch"":true,""pi_status"":""ready"",""uptime_s"":3587}"
2026-06-25T08:24:05.663710,84.7,24.487,0.554,13.55,0,"{""soc"":84.7,""voltage"":24.487,""current"":0.554,""power"":13.55,""ocv"":24.517,""cell_v"":4.081,""charging"":false,""latch"":true,""pi_status"":""ready"",""uptime_s"":3592}"
2026-06-25T08:24:10.787906,84.7,24.486,0.543,13.28,0,"{""soc"":84.7,""voltage"":24.486,""current"":0.543,""power"":13.28,""ocv"":24.515,""cell_v"":4.081,""charging"":false,""latch"":true,""pi_status"":""ready"",""uptime_s"":3597}"
2026-06-25T08:24:15.713856,84.7,24.485,0.437,10.71,0,"{""soc"":84.7,""voltage"":24.485,""current"":0.437,""power"":10.71,""ocv"":24.508,""cell_v"":4.081,""charging"":false,""latch"":true,""pi_status"":""ready"",""uptime_s"":3602}"
2026-06-25T08:24:21.136670,84.6,24.484,0.537,13.18,0,"{""soc"":84.6,""voltage"":24.484,""current"":0.537,""power"":13.18,""ocv"":24.513,""cell_v"":4.081,""charging"":false,""latch"":true,""pi_status"":""ready"",""uptime_s"":3607}"
2026-06-25T08:24:25.727676,84.3,24.482,0.537,13.16,0,"{""soc"":84.3,""voltage"":24.482,""current"":0.537,""power"":13.16,""ocv"":24.511,""cell_v"":4.080,""charging"":false,""latch"":true,""pi_status"":""ready"",""uptime_s"":3612}"
2026-06-25T08:24:30.846511,84.3,24.481,0.537,13.18,0,"{""soc"":84.3,""voltage"":24.481,""current"":0.537,""power"":13.18,""ocv"":24.510,""cell_v"":4.080,""charging"":false,""latch"":true,""pi_status"":""ready"",""uptime_s"":3617}"
2026-06-25T08:24:35.697171,84.0,24.48,0.545,13.34,0,"{""soc"":84.0,""voltage"":24.480,""current"":0.545,""power"":13.34,""ocv"":24.509,""cell_v"":4.080,""charging"":false,""latch"":true,""pi_status"":""ready"",""uptime_s"":3622}"
2026-06-25T08:24:41.110715,84.0,24.479,0.547,13.41,0,"{""soc"":84.0,""voltage"":24.479,""current"":0.547,""power"":13.41,""ocv"":24.509,""cell_v"":4.080,""charging"":false,""latch"":true,""pi_status"":""ready"",""uptime_s"":3627}"
2026-06-25T08:24:45.836600,84.0,24.478,0.552,13.5,0,"{""soc"":84.0,""voltage"":24.478,""current"":0.552,""power"":13.50,""ocv"":24.508,""cell_v"":4.080,""charging"":false,""latch"":true,""pi_status"":""ready"",""uptime_s"":3632}"
2026-06-25T08:24:50.737047,84.0,24.477,0.548,13.44,0,"{""soc"":84.0,""voltage"":24.477,""current"":0.548,""power"":13.44,""ocv"":24.507,""cell_v"":4.080,""charging"":false,""latch"":true,""pi_status"":""ready"",""uptime_s"":3637}"
2026-06-25T08:24:55.971983,84.0,24.476,0.553,13.53,0,"{""soc"":84.0,""voltage"":24.476,""current"":0.553,""power"":13.53,""ocv"":24.506,""cell_v"":4.079,""charging"":false,""latch"":true,""pi_status"":""ready"",""uptime_s"":3642}"
2026-06-25T08:25:00.757631,83.9,24.475,0.545,13.32,0,"{""soc"":83.9,""voltage"":24.475,""current"":0.545,""power"":13.32,""ocv"":24.504,""cell_v"":4.079,""charging"":false,""latch"":true,""pi_status"":""ready"",""uptime_s"":3647}"
2026-06-25T08:25:05.669452,83.9,24.474,0.552,13.48,0,"{""soc"":83.9,""voltage"":24.474,""current"":0.552,""power"":13.48,""ocv"":24.504,""cell_v"":4.079,""charging"":false,""latch"":true,""pi_status"":""ready"",""uptime_s"":3652}"
2026-06-25T08:25:10.792914,83.9,24.473,0.554,13.53,0,"{""soc"":83.9,""voltage"":24.473,""current"":0.554,""power"":13.53,""ocv"":24.503,""cell_v"":4.079,""charging"":false,""latch"":true,""pi_status"":""ready"",""uptime_s"":3657}"
2026-06-25T08:25:15.800960,83.9,24.472,0.568,13.89,0,"{""soc"":83.9,""voltage"":24.472,""current"":0.568,""power"":13.89,""ocv"":24.503,""cell_v"":4.079,""charging"":false,""latch"":true,""pi_status"":""ready"",""uptime_s"":3662}"
2026-06-25T08:25:20.722884,83.9,24.471,0.554,13.55,0,"{""soc"":83.9,""voltage"":24.471,""current"":0.554,""power"":13.55,""ocv"":24.501,""cell_v"":4.078,""charging"":false,""latch"":true,""pi_status"":""ready"",""uptime_s"":3667}"
2026-06-25T08:25:25.836779,83.8,24.466,0.764,18.7,0,"{""soc"":83.8,""voltage"":24.466,""current"":0.764,""power"":18.70,""ocv"":24.507,""cell_v"":4.078,""charging"":false,""latch"":true,""pi_status"":""ready"",""uptime_s"":3672}"
2026-06-25T08:25:30.783607,83.8,24.462,0.818,20.03,0,"{""soc"":83.8,""voltage"":24.462,""current"":0.818,""power"":20.03,""ocv"":24.506,""cell_v"":4.077,""charging"":false,""latch"":true,""pi_status"":""ready"",""uptime_s"":3677}"
2026-06-25T08:25:35.693068,83.8,24.456,1.082,26.44,0,"{""soc"":83.8,""voltage"":24.456,""current"":1.082,""power"":26.44,""ocv"":24.514,""cell_v"":4.076,""charging"":false,""latch"":true,""pi_status"":""ready"",""uptime_s"":3682}"
2026-06-25T08:25:40.813277,83.8,24.45,0.962,23.53,0,"{""soc"":83.8,""voltage"":24.450,""current"":0.962,""power"":23.53,""ocv"":24.502,""cell_v"":4.075,""charging"":false,""latch"":true,""pi_status"":""ready"",""uptime_s"":3687}"
2026-06-25T08:25:45.919259,83.7,24.448,0.703,17.17,0,"{""soc"":83.7,""voltage"":24.448,""current"":0.703,""power"":17.17,""ocv"":24.486,""cell_v"":4.075,""charging"":false,""latch"":true,""pi_status"":""ready"",""uptime_s"":3692}"
2026-06-25T08:25:50.842986,83.7,24.447,0.804,19.66,0,"{""soc"":83.7,""voltage"":24.447,""current"":0.804,""power"":19.66,""ocv"":24.490,""cell_v"":4.074,""charging"":false,""latch"":true,""pi_status"":""ready"",""uptime_s"":3697}"
2026-06-25T08:25:55.764709,83.7,24.445,0.784,19.16,0,"{""soc"":83.7,""voltage"":24.445,""current"":0.784,""power"":19.16,""ocv"":24.487,""cell_v"":4.074,""charging"":false,""latch"":true,""pi_status"":""ready"",""uptime_s"":3702}"
2026-06-25T08:26:00.760664,83.7,24.44,1.088,26.55,0,"{""soc"":83.7,""voltage"":24.440,""current"":1.088,""power"":26.55,""ocv"":24.499,""cell_v"":4.073,""charging"":false,""latch"":true,""pi_status"":""ready"",""uptime_s"":3707}"
2026-06-25T08:26:06.000535,83.6,24.435,1.093,27.24,0,"{""soc"":83.6,""voltage"":24.435,""current"":1.093,""power"":27.24,""ocv"":24.494,""cell_v"":4.072,""charging"":false,""latch"":true,""pi_status"":""ready"",""uptime_s"":3712}"
2026-06-25T08:26:10.799382,83.6,24.431,1.085,26.48,0,"{""soc"":83.6,""voltage"":24.431,""current"":1.085,""power"":26.48,""ocv"":24.489,""cell_v"":4.072,""charging"":false,""latch"":true,""pi_status"":""ready"",""uptime_s"":3717}"
2026-06-25T08:26:15.744069,83.6,24.426,1.08,26.39,0,"{""soc"":83.6,""voltage"":24.426,""current"":1.080,""power"":26.39,""ocv"":24.484,""cell_v"":4.071,""charging"":false,""latch"":true,""pi_status"":""ready"",""uptime_s"":3722}"
2026-06-25T08:26:20.930157,83.6,24.431,0.466,11.4,0,"{""soc"":83.6,""voltage"":24.431,""current"":0.466,""power"":11.40,""ocv"":24.456,""cell_v"":4.072,""charging"":false,""latch"":true,""pi_status"":""ready"",""uptime_s"":3727}"
2026-06-25T08:26:25.863398,83.5,24.431,0.906,22.13,0,"{""soc"":83.5,""voltage"":24.431,""current"":0.906,""power"":22.13,""ocv"":24.480,""cell_v"":4.072,""charging"":false,""latch"":true,""pi_status"":""ready"",""uptime_s"":3732}"
2026-06-25T08:26:30.770002,83.5,24.426,1.125,27.47,0,"{""soc"":83.5,""voltage"":24.426,""current"":1.125,""power"":27.47,""ocv"":24.486,""cell_v"":4.071,""charging"":false,""latch"":true,""pi_status"":""ready"",""uptime_s"":3737}"
2026-06-25T08:26:35.779844,83.5,24.421,1.124,27.47,0,"{""soc"":83.5,""voltage"":24.421,""current"":1.124,""power"":27.47,""ocv"":24.481,""cell_v"":4.070,""charging"":false,""latch"":true,""pi_status"":""ready"",""uptime_s"":3742}"
2026-06-25T08:26:40.814685,83.4,24.417,1.117,27.24,0,"{""soc"":83.4,""voltage"":24.417,""current"":1.117,""power"":27.24,""ocv"":24.477,""cell_v"":4.069,""charging"":false,""latch"":true,""pi_status"":""ready"",""uptime_s"":3747}"
2026-06-25T08:26:45.728511,83.4,24.415,0.889,21.7,0,"{""soc"":83.4,""voltage"":24.415,""current"":0.889,""power"":21.70,""ocv"":24.463,""cell_v"":4.069,""charging"":false,""latch"":true,""pi_status"":""ready"",""uptime_s"":3752}"
2026-06-25T08:26:50.736322,83.4,24.411,1.555,37.9,0,"{""soc"":83.4,""voltage"":24.411,""current"":1.555,""power"":37.90,""ocv"":24.495,""cell_v"":4.069,""charging"":false,""latch"":true,""pi_status"":""ready"",""uptime_s"":3757}"
2026-06-25T08:26:55.880597,83.3,24.404,1.33,32.43,0,"{""soc"":83.3,""voltage"":24.404,""current"":1.330,""power"":32.43,""ocv"":24.475,""cell_v"":4.067,""charging"":false,""latch"":true,""pi_status"":""ready"",""uptime_s"":3762}"
2026-06-25T08:27:00.771127,83.3,24.399,1.097,25.13,0,"{""soc"":83.3,""voltage"":24.399,""current"":1.097,""power"":25.13,""ocv"":24.458,""cell_v"":4.066,""charging"":false,""latch"":true,""pi_status"":""ready"",""uptime_s"":3767}"
2026-06-25T08:27:05.807294,83.3,24.394,1.21,29.53,0,"{""soc"":83.3,""voltage"":24.394,""current"":1.210,""power"":29.53,""ocv"":24.459,""cell_v"":4.066,""charging"":false,""latch"":true,""pi_status"":""ready"",""uptime_s"":3772}"
2026-06-25T08:27:10.723526,83.2,24.388,1.489,36.28,0,"{""soc"":83.2,""voltage"":24.388,""current"":1.489,""power"":36.28,""ocv"":24.468,""cell_v"":4.065,""charging"":false,""latch"":true,""pi_status"":""ready"",""uptime_s"":3777}"
2026-06-25T08:27:15.823600,83.2,24.384,1.336,32.55,0,"{""soc"":83.2,""voltage"":24.384,""current"":1.336,""power"":32.55,""ocv"":24.456,""cell_v"":4.064,""charging"":false,""latch"":true,""pi_status"":""ready"",""uptime_s"":3782}"
2026-06-25T08:27:20.750999,83.1,24.38,1.176,28.68,0,"{""soc"":83.1,""voltage"":24.380,""current"":1.176,""power"":28.68,""ocv"":24.444,""cell_v"":4.063,""charging"":false,""latch"":true,""pi_status"":""ready"",""uptime_s"":3787}"
2026-06-25T08:27:25.757866,83.1,24.379,1.217,29.64,0,"{""soc"":83.1,""voltage"":24.379,""current"":1.217,""power"":29.64,""ocv"":24.444,""cell_v"":4.063,""charging"":false,""latch"":true,""pi_status"":""ready"",""uptime_s"":3792}"
2026-06-25T08:27:30.776125,83.1,24.376,1.165,28.43,0,"{""soc"":83.1,""voltage"":24.376,""current"":1.165,""power"":28.43,""ocv"":24.439,""cell_v"":4.063,""charging"":false,""latch"":true,""pi_status"":""ready"",""uptime_s"":3797}"
2026-06-25T08:27:35.788398,83.0,24.374,1.361,33.14,0,"{""soc"":83.0,""voltage"":24.374,""current"":1.361,""power"":33.14,""ocv"":24.447,""cell_v"":4.062,""charging"":false,""latch"":true,""pi_status"":""ready"",""uptime_s"":3802}"
2026-06-25T08:27:40.800032,83.0,24.373,1.38,33.6,0,"{""soc"":83.0,""voltage"":24.373,""current"":1.380,""power"":33.60,""ocv"":24.447,""cell_v"":4.062,""charging"":false,""latch"":true,""pi_status"":""ready"",""uptime_s"":3807}"
2026-06-25T08:27:45.743927,83.0,24.371,1.114,27.17,0,"{""soc"":83.0,""voltage"":24.371,""current"":1.114,""power"":27.17,""ocv"":24.431,""cell_v"":4.062,""charging"":false,""latch"":true,""pi_status"":""ready"",""uptime_s"":3812}"
2026-06-25T08:27:50.745740,82.9,24.368,0.85,20.71,0,"{""soc"":82.9,""voltage"":24.368,""current"":0.850,""power"":20.71,""ocv"":24.413,""cell_v"":4.061,""charging"":false,""latch"":true,""pi_status"":""ready"",""uptime_s"":3817}"
2026-06-25T08:27:55.764476,82.9,24.373,0.592,14.47,0,"{""soc"":82.9,""voltage"":24.373,""current"":0.592,""power"":14.47,""ocv"":24.405,""cell_v"":4.062,""charging"":false,""latch"":true,""pi_status"":""ready"",""uptime_s"":3822}"
2026-06-25T08:28:00.789304,82.9,24.378,0.601,14.65,0,"{""soc"":82.9,""voltage"":24.378,""current"":0.601,""power"":14.65,""ocv"":24.411,""cell_v"":4.063,""charging"":false,""latch"":true,""pi_status"":""ready"",""uptime_s"":3827}"
2026-06-25T08:28:05.905233,82.8,24.374,1.537,37.42,0,"{""soc"":82.8,""voltage"":24.374,""current"":1.537,""power"":37.42,""ocv"":24.456,""cell_v"":4.062,""charging"":false,""latch"":true,""pi_status"":""ready"",""uptime_s"":3832}"
2026-06-25T08:28:10.915642,82.8,24.373,0.808,19.71,0,"{""soc"":82.8,""voltage"":24.373,""current"":0.808,""power"":19.71,""ocv"":24.417,""cell_v"":4.062,""charging"":false,""latch"":true,""pi_status"":""ready"",""uptime_s"":3837}"
2026-06-25T08:28:15.855993,82.8,24.374,0.801,19.55,0,"{""soc"":82.8,""voltage"":24.374,""current"":0.801,""power"":19.55,""ocv"":24.417,""cell_v"":4.062,""charging"":false,""latch"":true,""pi_status"":""ready"",""uptime_s"":3842}"
2026-06-25T08:28:20.759630,82.8,24.377,0.537,13.11,0,"{""soc"":82.8,""voltage"":24.377,""current"":0.537,""power"":13.11,""ocv"":24.406,""cell_v"":4.063,""charging"":false,""latch"":true,""pi_status"":""ready"",""uptime_s"":3847}"
2026-06-25T08:28:25.762501,82.8,24.381,0.536,13.09,0,"{""soc"":82.8,""voltage"":24.381,""current"":0.536,""power"":13.09,""ocv"":24.410,""cell_v"":4.063,""charging"":false,""latch"":true,""pi_status"":""ready"",""uptime_s"":3852}"
2026-06-25T08:28:30.783862,82.3,24.384,0.606,14.76,0,"{""soc"":82.3,""voltage"":24.384,""current"":0.606,""power"":14.76,""ocv"":24.416,""cell_v"":4.064,""charging"":false,""latch"":true,""pi_status"":""ready"",""uptime_s"":3857}"
2026-06-25T08:28:35.800356,82.3,24.384,0.697,16.98,0,"{""soc"":82.3,""voltage"":24.384,""current"":0.697,""power"":16.98,""ocv"":24.422,""cell_v"":4.064,""charging"":false,""latch"":true,""pi_status"":""ready"",""uptime_s"":3862}"
2026-06-25T08:28:41.124689,82.3,24.383,0.775,18.91,0,"{""soc"":82.3,""voltage"":24.383,""current"":0.775,""power"":18.91,""ocv"":24.425,""cell_v"":4.064,""charging"":false,""latch"":true,""pi_status"":""ready"",""uptime_s"":3867}"
2026-06-25T08:28:45.837830,82.2,24.376,1.191,29.02,0,"{""soc"":82.2,""voltage"":24.376,""current"":1.191,""power"":29.02,""ocv"":24.440,""cell_v"":4.063,""charging"":false,""latch"":true,""pi_status"":""ready"",""uptime_s"":3872}"
2026-06-25T08:28:50.951665,82.2,24.369,1.308,31.84,0,"{""soc"":82.2,""voltage"":24.369,""current"":1.308,""power"":31.84,""ocv"":24.440,""cell_v"":4.062,""charging"":false,""latch"":true,""pi_status"":""ready"",""uptime_s"":3877}"
2026-06-25T08:28:55.784808,82.2,24.366,0.686,16.73,0,"{""soc"":82.2,""voltage"":24.366,""current"":0.686,""power"":16.73,""ocv"":24.403,""cell_v"":4.061,""charging"":false,""latch"":true,""pi_status"":""ready"",""uptime_s"":3882}"
2026-06-25T08:29:00.785375,82.1,24.367,0.792,19.29,0,"{""soc"":82.1,""voltage"":24.367,""current"":0.792,""power"":19.29,""ocv"":24.410,""cell_v"":4.061,""charging"":false,""latch"":true,""pi_status"":""ready"",""uptime_s"":3887}"
2026-06-25T08:29:05.900893,82.1,24.368,0.766,18.68,0,"{""soc"":82.1,""voltage"":24.368,""current"":0.766,""power"":18.68,""ocv"":24.409,""cell_v"":4.061,""charging"":false,""latch"":true,""pi_status"":""ready"",""uptime_s"":3892}"
2026-06-25T08:29:10.827201,82.1,24.369,0.538,13.14,0,"{""soc"":82.1,""voltage"":24.369,""current"":0.538,""power"":13.14,""ocv"":24.398,""cell_v"":4.061,""charging"":false,""latch"":true,""pi_status"":""ready"",""uptime_s"":3897}"
2026-06-25T08:29:15.849841,82.1,24.371,0.535,13.05,0,"{""soc"":82.1,""voltage"":24.371,""current"":0.535,""power"":13.05,""ocv"":24.400,""cell_v"":4.062,""charging"":false,""latch"":true,""pi_status"":""ready"",""uptime_s"":3902}"
2026-06-25T08:29:20.865643,82.1,24.372,0.614,14.99,0,"{""soc"":82.1,""voltage"":24.372,""current"":0.614,""power"":14.99,""ocv"":24.405,""cell_v"":4.062,""charging"":false,""latch"":true,""pi_status"":""ready"",""uptime_s"":3907}"
2026-06-25T08:29:25.871215,82.0,24.369,0.783,19.09,0,"{""soc"":82.0,""voltage"":24.369,""current"":0.783,""power"":19.09,""ocv"":24.411,""cell_v"":4.062,""charging"":false,""latch"":true,""pi_status"":""ready"",""uptime_s"":3912}"
2026-06-25T08:29:30.803553,82.0,24.367,0.932,22.71,0,"{""soc"":82.0,""voltage"":24.367,""current"":0.932,""power"":22.71,""ocv"":24.417,""cell_v"":4.061,""charging"":false,""latch"":true,""pi_status"":""ready"",""uptime_s"":3917}"
2026-06-25T08:29:36.439240,82.0,24.363,0.934,22.75,0,"{""soc"":82.0,""voltage"":24.363,""current"":0.934,""power"":22.75,""ocv"":24.413,""cell_v"":4.060,""charging"":false,""latch"":true,""pi_status"":""ready"",""uptime_s"":3922}"
2026-06-25T08:29:40.837964,82.0,24.36,1.3,31.63,0,"{""soc"":82.0,""voltage"":24.360,""current"":1.300,""power"":31.63,""ocv"":24.429,""cell_v"":4.060,""charging"":false,""latch"":true,""pi_status"":""ready"",""uptime_s"":3927}"
2026-06-25T08:29:45.855178,81.9,24.356,0.77,18.75,0,"{""soc"":81.9,""voltage"":24.356,""current"":0.770,""power"":18.75,""ocv"":24.397,""cell_v"":4.059,""charging"":false,""latch"":true,""pi_status"":""ready"",""uptime_s"":3932}"
2026-06-25T08:29:50.892756,81.9,24.356,0.774,18.84,0,"{""soc"":81.9,""voltage"":24.356,""current"":0.774,""power"":18.84,""ocv"":24.397,""cell_v"":4.059,""charging"":false,""latch"":true,""pi_status"":""ready"",""uptime_s"":3937}"
2026-06-25T08:29:56.421513,81.9,24.355,0.816,19.87,0,"{""soc"":81.9,""voltage"":24.355,""current"":0.816,""power"":19.87,""ocv"":24.399,""cell_v"":4.059,""charging"":false,""latch"":true,""pi_status"":""ready"",""uptime_s"":3942}"
2026-06-25T08:30:00.809057,81.9,24.354,0.821,20.03,0,"{""soc"":81.9,""voltage"":24.354,""current"":0.821,""power"":20.03,""ocv"":24.398,""cell_v"":4.059,""charging"":false,""latch"":true,""pi_status"":""ready"",""uptime_s"":3947}"
2026-06-25T08:30:05.945658,81.8,24.356,0.536,13.07,0,"{""soc"":81.8,""voltage"":24.356,""current"":0.536,""power"":13.07,""ocv"":24.385,""cell_v"":4.059,""charging"":false,""latch"":true,""pi_status"":""ready"",""uptime_s"":3952}"
2026-06-25T08:30:10.922917,81.8,24.359,0.533,12.98,0,"{""soc"":81.8,""voltage"":24.359,""current"":0.533,""power"":12.98,""ocv"":24.387,""cell_v"":4.060,""charging"":false,""latch"":true,""pi_status"":""ready"",""uptime_s"":3957}"
2026-06-25T08:30:15.950589,81.8,24.359,0.601,14.58,0,"{""soc"":81.8,""voltage"":24.359,""current"":0.601,""power"":14.58,""ocv"":24.391,""cell_v"":4.060,""charging"":false,""latch"":true,""pi_status"":""ready"",""uptime_s"":3962}"
2026-06-25T08:30:20.860497,81.8,24.358,0.82,19.98,0,"{""soc"":81.8,""voltage"":24.358,""current"":0.820,""power"":19.98,""ocv"":24.402,""cell_v"":4.060,""charging"":false,""latch"":true,""pi_status"":""ready"",""uptime_s"":3967}"
2026-06-25T08:30:25.895976,81.8,24.356,0.534,13.02,0,"{""soc"":81.8,""voltage"":24.356,""current"":0.534,""power"":13.02,""ocv"":24.384,""cell_v"":4.059,""charging"":false,""latch"":true,""pi_status"":""ready"",""uptime_s"":3972}"
2026-06-25T08:30:30.908231,81.7,24.356,0.547,13.34,0,"{""soc"":81.7,""voltage"":24.356,""current"":0.547,""power"":13.34,""ocv"":24.386,""cell_v"":4.059,""charging"":false,""latch"":true,""pi_status"":""ready"",""uptime_s"":3977}"
2026-06-25T08:30:35.941702,81.3,24.358,0.38,9.27,0,"{""soc"":81.3,""voltage"":24.358,""current"":0.380,""power"":9.27,""ocv"":24.378,""cell_v"":4.060,""charging"":false,""latch"":true,""pi_status"":""ready"",""uptime_s"":3982}"
2026-06-25T08:30:40.848145,81.3,24.361,0.384,9.34,0,"{""soc"":81.3,""voltage"":24.361,""current"":0.384,""power"":9.34,""ocv"":24.381,""cell_v"":4.060,""charging"":false,""latch"":true,""pi_status"":""ready"",""uptime_s"":3987}"
2026-06-25T08:30:45.847705,81.3,24.363,0.393,9.57,0,"{""soc"":81.3,""voltage"":24.363,""current"":0.393,""power"":9.57,""ocv"":24.384,""cell_v"":4.060,""charging"":false,""latch"":true,""pi_status"":""offline"",""uptime_s"":3992}"
2026-06-25T08:30:51.169010,81.3,24.362,0.439,10.69,0,"{""soc"":81.3,""voltage"":24.362,""current"":0.439,""power"":10.69,""ocv"":24.386,""cell_v"":4.060,""charging"":false,""latch"":true,""pi_status"":""starting"",""uptime_s"":3997}"
2026-06-25T08:30:55.880332,81.3,24.363,0.442,10.76,0,"{""soc"":81.3,""voltage"":24.363,""current"":0.442,""power"":10.76,""ocv"":24.386,""cell_v"":4.060,""charging"":false,""latch"":true,""pi_status"":""starting"",""uptime_s"":4002}"
2026-06-25T08:31:01.020487,81.0,24.363,0.439,10.69,0,"{""soc"":81.0,""voltage"":24.363,""current"":0.439,""power"":10.69,""ocv"":24.386,""cell_v"":4.060,""charging"":false,""latch"":true,""pi_status"":""starting"",""uptime_s"":4007}"
2026-06-25T08:31:06.047831,80.9,24.363,0.57,13.92,0,"{""soc"":80.9,""voltage"":24.363,""current"":0.570,""power"":13.92,""ocv"":24.394,""cell_v"":4.060,""charging"":false,""latch"":true,""pi_status"":""starting"",""uptime_s"":4012}"
2026-06-25T08:31:10.847736,80.9,24.362,0.482,11.74,0,"{""soc"":80.9,""voltage"":24.362,""current"":0.482,""power"":11.74,""ocv"":24.388,""cell_v"":4.060,""charging"":false,""latch"":true,""pi_status"":""starting"",""uptime_s"":4017}"
2026-06-25T08:31:15.885564,80.9,24.361,0.449,10.94,0,"{""soc"":80.9,""voltage"":24.361,""current"":0.449,""power"":10.94,""ocv"":24.385,""cell_v"":4.060,""charging"":false,""latch"":true,""pi_status"":""starting"",""uptime_s"":4022}"
2026-06-25T08:31:20.881821,80.9,24.361,0.446,10.87,0,"{""soc"":80.9,""voltage"":24.361,""current"":0.446,""power"":10.87,""ocv"":24.385,""cell_v"":4.060,""charging"":false,""latch"":true,""pi_status"":""starting"",""uptime_s"":4027}"
2026-06-25T08:31:26.016351,80.9,24.36,0.509,12.38,0,"{""soc"":80.9,""voltage"":24.360,""current"":0.509,""power"":12.38,""ocv"":24.388,""cell_v"":4.060,""charging"":false,""latch"":true,""pi_status"":""starting"",""uptime_s"":4032}"
2026-06-25T08:31:30.918339,80.6,24.36,0.443,10.8,0,"{""soc"":80.6,""voltage"":24.360,""current"":0.443,""power"":10.80,""ocv"":24.384,""cell_v"":4.060,""charging"":false,""latch"":true,""pi_status"":""starting"",""uptime_s"":4037}"
2026-06-25T08:31:36.026499,80.6,24.36,0.449,10.92,0,"{""soc"":80.6,""voltage"":24.360,""current"":0.449,""power"":10.92,""ocv"":24.384,""cell_v"":4.060,""charging"":false,""latch"":true,""pi_status"":""starting"",""uptime_s"":4042}"
2026-06-25T08:31:42.076606,80.6,24.359,0.514,12.5,0,"{""soc"":80.6,""voltage"":24.359,""current"":0.514,""power"":12.50,""ocv"":24.387,""cell_v"":4.060,""charging"":false,""latch"":true,""pi_status"":""starting"",""uptime_s"":4047}"
2026-06-25T08:31:53.859111,80.6,24.359,0.465,11.31,0,"{""soc"":80.6,""voltage"":24.359,""current"":0.465,""power"":11.31,""ocv"":24.384,""cell_v"":4.060,""charging"":false,""latch"":true,""pi_status"":""starting"",""uptime_s"":4052}"
2026-06-25T08:31:53.870719,80.5,24.358,0.449,10.92,0,"{""soc"":80.5,""voltage"":24.358,""current"":0.449,""power"":10.92,""ocv"":24.382,""cell_v"":4.060,""charging"":false,""latch"":true,""pi_status"":""starting"",""uptime_s"":4057}"
2026-06-25T08:31:56.534777,80.5,24.357,0.523,12.73,0,"{""soc"":80.5,""voltage"":24.357,""current"":0.523,""power"":12.73,""ocv"":24.385,""cell_v"":4.059,""charging"":false,""latch"":true,""pi_status"":""starting"",""uptime_s"":4062}"
2026-06-25T08:32:00.941042,80.5,24.356,0.438,10.67,0,"{""soc"":80.5,""voltage"":24.356,""current"":0.438,""power"":10.67,""ocv"":24.380,""cell_v"":4.059,""charging"":false,""latch"":true,""pi_status"":""starting"",""uptime_s"":4067}"
2026-06-25T08:32:06.261106,80.5,24.356,0.457,11.12,0,"{""soc"":80.5,""voltage"":24.356,""current"":0.457,""power"":11.12,""ocv"":24.380,""cell_v"":4.059,""charging"":false,""latch"":true,""pi_status"":""starting"",""uptime_s"":4072}"
2026-06-25T08:32:10.967684,80.5,24.354,0.538,13.11,0,"{""soc"":80.5,""voltage"":24.354,""current"":0.538,""power"":13.11,""ocv"":24.383,""cell_v"":4.059,""charging"":false,""latch"":true,""pi_status"":""starting"",""uptime_s"":4077}"
2026-06-25T08:32:15.962635,80.5,24.354,0.44,10.76,0,"{""soc"":80.5,""voltage"":24.354,""current"":0.440,""power"":10.76,""ocv"":24.377,""cell_v"":4.059,""charging"":false,""latch"":true,""pi_status"":""starting"",""uptime_s"":4082}"
2026-06-25T08:32:20.890581,80.5,24.353,0.445,10.83,0,"{""soc"":80.5,""voltage"":24.353,""current"":0.445,""power"":10.83,""ocv"":24.377,""cell_v"":4.059,""charging"":false,""latch"":true,""pi_status"":""starting"",""uptime_s"":4087}"
2026-06-25T08:32:25.992020,80.4,24.352,0.536,13.07,0,"{""soc"":80.4,""voltage"":24.352,""current"":0.536,""power"":13.07,""ocv"":24.381,""cell_v"":4.059,""charging"":false,""latch"":true,""pi_status"":""starting"",""uptime_s"":4092}"
2026-06-25T08:32:30.908444,80.4,24.352,0.445,10.83,0,"{""soc"":80.4,""voltage"":24.352,""current"":0.445,""power"":10.83,""ocv"":24.376,""cell_v"":4.059,""charging"":false,""latch"":true,""pi_status"":""starting"",""uptime_s"":4097}"
2026-06-25T08:32:35.925317,80.4,24.351,0.455,11.08,0,"{""soc"":80.4,""voltage"":24.351,""current"":0.455,""power"":11.08,""ocv"":24.376,""cell_v"":4.059,""charging"":false,""latch"":true,""pi_status"":""starting"",""uptime_s"":4102}"
2026-06-25T08:32:41.164794,80.4,24.351,0.439,10.69,0,"{""soc"":80.4,""voltage"":24.351,""current"":0.439,""power"":10.69,""ocv"":24.374,""cell_v"":4.058,""charging"":false,""latch"":true,""pi_status"":""starting"",""uptime_s"":4107}"
2026-06-25T08:32:45.973827,80.4,24.351,0.444,10.8,0,"{""soc"":80.4,""voltage"":24.351,""current"":0.444,""power"":10.80,""ocv"":24.374,""cell_v"":4.058,""charging"":false,""latch"":true,""pi_status"":""starting"",""uptime_s"":4112}"
2026-06-25T08:32:51.011853,80.1,24.351,0.391,9.52,0,"{""soc"":80.1,""voltage"":24.351,""current"":0.391,""power"":9.52,""ocv"":24.372,""cell_v"":4.058,""charging"":false,""latch"":true,""pi_status"":""offline"",""uptime_s"":4117}"
2026-06-25T08:32:56.107862,80.1,24.351,0.382,9.29,0,"{""soc"":80.1,""voltage"":24.351,""current"":0.382,""power"":9.29,""ocv"":24.371,""cell_v"":4.058,""charging"":false,""latch"":true,""pi_status"":""offline"",""uptime_s"":4122}"
2026-06-25T08:33:01.364143,80.1,24.351,0.382,9.29,0,"{""soc"":80.1,""voltage"":24.351,""current"":0.382,""power"":9.29,""ocv"":24.371,""cell_v"":4.058,""charging"":false,""latch"":true,""pi_status"":""offline"",""uptime_s"":4127}"
2026-06-25T08:33:06.244403,80.1,24.351,0.391,9.52,0,"{""soc"":80.1,""voltage"":24.351,""current"":0.391,""power"":9.52,""ocv"":24.372,""cell_v"":4.058,""charging"":false,""latch"":true,""pi_status"":""offline"",""uptime_s"":4132}"
2026-06-25T08:33:10.961847,80.1,24.35,0.377,9.18,0,"{""soc"":80.1,""voltage"":24.350,""current"":0.377,""power"":9.18,""ocv"":24.371,""cell_v"":4.058,""charging"":false,""latch"":true,""pi_status"":""offline"",""uptime_s"":4137}"
2026-06-25T08:33:16.069503,80.1,24.35,0.38,9.25,0,"{""soc"":80.1,""voltage"":24.350,""current"":0.380,""power"":9.25,""ocv"":24.371,""cell_v"":4.058,""charging"":false,""latch"":true,""pi_status"":""offline"",""uptime_s"":4142}"
2026-06-25T08:33:21.184699,80.1,24.35,0.374,9.09,0,"{""soc"":80.1,""voltage"":24.350,""current"":0.374,""power"":9.09,""ocv"":24.370,""cell_v"":4.058,""charging"":false,""latch"":true,""pi_status"":""offline"",""uptime_s"":4147}"
2026-06-25T08:33:26.015904,80.1,24.349,0.379,9.22,0,"{""soc"":80.1,""voltage"":24.349,""current"":0.379,""power"":9.22,""ocv"":24.370,""cell_v"":4.058,""charging"":false,""latch"":true,""pi_status"":""offline"",""uptime_s"":4152}"
2026-06-25T08:33:31.052782,80.0,24.349,0.376,9.16,0,"{""soc"":80.0,""voltage"":24.349,""current"":0.376,""power"":9.16,""ocv"":24.369,""cell_v"":4.058,""charging"":false,""latch"":true,""pi_status"":""offline"",""uptime_s"":4157}"
2026-06-25T08:33:36.166676,80.0,24.349,0.378,9.2,0,"{""soc"":80.0,""voltage"":24.349,""current"":0.378,""power"":9.20,""ocv"":24.369,""cell_v"":4.058,""charging"":false,""latch"":true,""pi_status"":""offline"",""uptime_s"":4162}"
2026-06-25T08:33:40.968586,80.0,24.348,0.381,9.27,0,"{""soc"":80.0,""voltage"":24.348,""current"":0.381,""power"":9.27,""ocv"":24.368,""cell_v"":4.058,""charging"":false,""latch"":true,""pi_status"":""offline"",""uptime_s"":4167}"
2026-06-25T08:33:45.972449,80.0,24.347,0.38,9.25,0,"{""soc"":80.0,""voltage"":24.347,""current"":0.380,""power"":9.25,""ocv"":24.367,""cell_v"":4.058,""charging"":false,""latch"":true,""pi_status"":""starting"",""uptime_s"":4172}"
2026-06-25T08:33:50.999792,80.0,24.346,0.432,10.51,0,"{""soc"":80.0,""voltage"":24.346,""current"":0.432,""power"":10.51,""ocv"":24.369,""cell_v"":4.058,""charging"":false,""latch"":true,""pi_status"":""starting"",""uptime_s"":4177}"
2026-06-25T08:33:56.004087,80.0,24.344,0.434,10.57,0,"{""soc"":80.0,""voltage"":24.344,""current"":0.434,""power"":10.57,""ocv"":24.368,""cell_v"":4.057,""charging"":false,""latch"":true,""pi_status"":""starting"",""uptime_s"":4182}"
2026-06-25T08:34:01.025488,80.0,24.343,0.554,13.46,0,"{""soc"":80.0,""voltage"":24.343,""current"":0.554,""power"":13.46,""ocv"":24.373,""cell_v"":4.057,""charging"":false,""latch"":true,""pi_status"":""starting"",""uptime_s"":4187}"
2026-06-25T08:34:06.038121,80.0,24.342,0.445,10.8,0,"{""soc"":80.0,""voltage"":24.342,""current"":0.445,""power"":10.80,""ocv"":24.366,""cell_v"":4.057,""charging"":false,""latch"":true,""pi_status"":""starting"",""uptime_s"":4192}"
2026-06-25T08:34:11.063824,79.9,24.34,0.445,10.83,0,"{""soc"":79.9,""voltage"":24.340,""current"":0.445,""power"":10.83,""ocv"":24.364,""cell_v"":4.057,""charging"":false,""latch"":true,""pi_status"":""starting"",""uptime_s"":4197}"
2026-06-25T08:34:15.989989,79.9,24.339,0.447,10.87,0,"{""soc"":79.9,""voltage"":24.339,""current"":0.447,""power"":10.87,""ocv"":24.363,""cell_v"":4.057,""charging"":false,""latch"":true,""pi_status"":""starting"",""uptime_s"":4202}"
2026-06-25T08:34:21.325390,79.9,24.338,0.446,10.87,0,"{""soc"":79.9,""voltage"":24.338,""current"":0.446,""power"":10.87,""ocv"":24.362,""cell_v"":4.056,""charging"":false,""latch"":true,""pi_status"":""starting"",""uptime_s"":4207}"
2026-06-25T08:34:26.115562,79.9,24.337,0.439,10.69,0,"{""soc"":79.9,""voltage"":24.337,""current"":0.439,""power"":10.69,""ocv"":24.361,""cell_v"":4.056,""charging"":false,""latch"":true,""pi_status"":""starting"",""uptime_s"":4212}"
2026-06-25T08:34:31.038418,79.9,24.336,0.437,10.64,0,"{""soc"":79.9,""voltage"":24.336,""current"":0.437,""power"":10.64,""ocv"":24.359,""cell_v"":4.056,""charging"":false,""latch"":true,""pi_status"":""starting"",""uptime_s"":4217}"
2026-06-25T08:34:35.962430,79.9,24.335,0.44,10.71,0,"{""soc"":79.9,""voltage"":24.335,""current"":0.440,""power"":10.71,""ocv"":24.359,""cell_v"":4.056,""charging"":false,""latch"":true,""pi_status"":""starting"",""uptime_s"":4222}"
2026-06-25T08:34:40.960642,79.9,24.334,0.444,10.8,0,"{""soc"":79.9,""voltage"":24.334,""current"":0.444,""power"":10.80,""ocv"":24.358,""cell_v"":4.056,""charging"":false,""latch"":true,""pi_status"":""starting"",""uptime_s"":4227}"
2026-06-25T08:34:46.074027,79.8,24.333,0.454,11.03,0,"{""soc"":79.8,""voltage"":24.333,""current"":0.454,""power"":11.03,""ocv"":24.358,""cell_v"":4.056,""charging"":false,""latch"":true,""pi_status"":""starting"",""uptime_s"":4232}"
2026-06-25T08:34:51.002927,79.8,24.332,0.45,10.96,0,"{""soc"":79.8,""voltage"":24.332,""current"":0.450,""power"":10.96,""ocv"":24.357,""cell_v"":4.055,""charging"":false,""latch"":true,""pi_status"":""starting"",""uptime_s"":4237}"
2026-06-25T08:34:56.142393,79.8,24.332,0.44,10.73,0,"{""soc"":79.8,""voltage"":24.332,""current"":0.440,""power"":10.73,""ocv"":24.355,""cell_v"":4.055,""charging"":false,""latch"":true,""pi_status"":""starting"",""uptime_s"":4242}"
2026-06-25T08:35:01.130864,79.8,24.331,0.439,10.71,0,"{""soc"":79.8,""voltage"":24.331,""current"":0.439,""power"":10.71,""ocv"":24.355,""cell_v"":4.055,""charging"":false,""latch"":true,""pi_status"":""starting"",""uptime_s"":4247}"
2026-06-25T08:35:05.970975,79.8,24.33,0.493,11.97,0,"{""soc"":79.8,""voltage"":24.330,""current"":0.493,""power"":11.97,""ocv"":24.356,""cell_v"":4.055,""charging"":false,""latch"":true,""pi_status"":""starting"",""uptime_s"":4252}"
2026-06-25T08:35:10.998203,79.8,24.329,0.446,10.85,0,"{""soc"":79.8,""voltage"":24.329,""current"":0.446,""power"":10.85,""ocv"":24.353,""cell_v"":4.055,""charging"":false,""latch"":true,""pi_status"":""starting"",""uptime_s"":4257}"
2026-06-25T08:35:15.979426,79.8,24.329,0.439,10.71,0,"{""soc"":79.8,""voltage"":24.329,""current"":0.439,""power"":10.71,""ocv"":24.352,""cell_v"":4.055,""charging"":false,""latch"":true,""pi_status"":""starting"",""uptime_s"":4262}"
2026-06-25T08:35:21.223711,79.8,24.327,0.524,12.75,0,"{""soc"":79.8,""voltage"":24.327,""current"":0.524,""power"":12.75,""ocv"":24.355,""cell_v"":4.055,""charging"":false,""latch"":true,""pi_status"":""starting"",""uptime_s"":4267}"
2026-06-25T08:35:26.358669,79.7,24.327,0.514,12.5,0,"{""soc"":79.7,""voltage"":24.327,""current"":0.514,""power"":12.50,""ocv"":24.354,""cell_v"":4.054,""charging"":false,""latch"":true,""pi_status"":""starting"",""uptime_s"":4272}"
2026-06-25T08:35:31.167465,79.7,24.326,0.428,10.41,0,"{""soc"":79.7,""voltage"":24.326,""current"":0.428,""power"":10.41,""ocv"":24.349,""cell_v"":4.054,""charging"":false,""latch"":true,""pi_status"":""starting"",""uptime_s"":4277}"
2026-06-25T08:35:36.065253,79.7,24.325,0.39,9.5,0,"{""soc"":79.7,""voltage"":24.325,""current"":0.390,""power"":9.50,""ocv"":24.346,""cell_v"":4.054,""charging"":false,""latch"":true,""pi_status"":""offline"",""uptime_s"":4282}"
2026-06-25T08:35:41.172519,79.7,24.325,0.388,9.43,0,"{""soc"":79.7,""voltage"":24.325,""current"":0.388,""power"":9.43,""ocv"":24.346,""cell_v"":4.054,""charging"":false,""latch"":true,""pi_status"":""offline"",""uptime_s"":4287}"
2026-06-25T08:35:46.119506,79.7,24.325,0.394,9.57,0,"{""soc"":79.7,""voltage"":24.325,""current"":0.394,""power"":9.57,""ocv"":24.347,""cell_v"":4.054,""charging"":false,""latch"":true,""pi_status"":""offline"",""uptime_s"":4292}"
2026-06-25T08:35:51.117720,79.7,24.325,0.394,9.59,0,"{""soc"":79.7,""voltage"":24.325,""current"":0.394,""power"":9.59,""ocv"":24.346,""cell_v"":4.054,""charging"":false,""latch"":true,""pi_status"":""offline"",""uptime_s"":4297}"
2026-06-25T08:35:56.029893,79.7,24.325,0.4,9.73,0,"{""soc"":79.7,""voltage"":24.325,""current"":0.400,""power"":9.73,""ocv"":24.346,""cell_v"":4.054,""charging"":false,""latch"":true,""pi_status"":""offline"",""uptime_s"":4302}"
2026-06-25T08:36:01.132813,79.7,24.324,0.396,9.64,0,"{""soc"":79.7,""voltage"":24.324,""current"":0.396,""power"":9.64,""ocv"":24.345,""cell_v"":4.054,""charging"":false,""latch"":true,""pi_status"":""offline"",""uptime_s"":4307}"
2026-06-25T08:36:06.400264,79.6,24.324,0.38,9.22,0,"{""soc"":79.6,""voltage"":24.324,""current"":0.380,""power"":9.22,""ocv"":24.344,""cell_v"":4.054,""charging"":false,""latch"":true,""pi_status"":""offline"",""uptime_s"":4312}"
2026-06-25T08:36:11.006896,79.6,24.323,0.38,9.22,0,"{""soc"":79.6,""voltage"":24.323,""current"":0.380,""power"":9.22,""ocv"":24.344,""cell_v"":4.054,""charging"":false,""latch"":true,""pi_status"":""offline"",""uptime_s"":4317}"
2026-06-25T08:36:16.629858,79.6,24.322,0.466,11.33,0,"{""soc"":79.6,""voltage"":24.322,""current"":0.466,""power"":11.33,""ocv"":24.347,""cell_v"":4.054,""charging"":false,""latch"":true,""pi_status"":""offline"",""uptime_s"":4322}"
2026-06-25T08:36:21.121881,79.6,24.319,0.451,10.99,0,"{""soc"":79.6,""voltage"":24.319,""current"":0.451,""power"":10.99,""ocv"":24.343,""cell_v"":4.053,""charging"":false,""latch"":true,""pi_status"":""starting"",""uptime_s"":4327}"
2026-06-25T08:36:26.121339,79.6,24.318,0.521,12.66,0,"{""soc"":79.6,""voltage"":24.318,""current"":0.521,""power"":12.66,""ocv"":24.346,""cell_v"":4.053,""charging"":false,""latch"":true,""pi_status"":""starting"",""uptime_s"":4332}"
2026-06-25T08:36:31.052726,79.6,24.318,0.436,10.6,0,"{""soc"":79.6,""voltage"":24.318,""current"":0.436,""power"":10.60,""ocv"":24.341,""cell_v"":4.053,""charging"":false,""latch"":true,""pi_status"":""starting"",""uptime_s"":4337}"
2026-06-25T08:36:36.070512,79.6,24.317,0.591,14.35,0,"{""soc"":79.6,""voltage"":24.317,""current"":0.591,""power"":14.35,""ocv"":24.348,""cell_v"":4.053,""charging"":false,""latch"":true,""pi_status"":""starting"",""uptime_s"":4342}"
2026-06-25T08:36:41.216052,79.6,24.316,0.443,10.78,0,"{""soc"":79.6,""voltage"":24.316,""current"":0.443,""power"":10.78,""ocv"":24.340,""cell_v"":4.053,""charging"":false,""latch"":true,""pi_status"":""starting"",""uptime_s"":4347}"
2026-06-25T08:36:46.089867,79.5,24.313,0.581,14.12,0,"{""soc"":79.5,""voltage"":24.313,""current"":0.581,""power"":14.12,""ocv"":24.345,""cell_v"":4.052,""charging"":false,""latch"":true,""pi_status"":""starting"",""uptime_s"":4352}"
2026-06-25T08:36:51.211345,79.5,24.311,0.483,11.76,0,"{""soc"":79.5,""voltage"":24.311,""current"":0.483,""power"":11.76,""ocv"":24.337,""cell_v"":4.052,""charging"":false,""latch"":true,""pi_status"":""ready"",""uptime_s"":4357}"
2026-06-25T08:36:56.265586,79.5,24.309,0.634,15.38,0,"{""soc"":79.5,""voltage"":24.309,""current"":0.634,""power"":15.38,""ocv"":24.343,""cell_v"":4.052,""charging"":false,""latch"":true,""pi_status"":""ready"",""uptime_s"":4362}"
2026-06-25T08:37:01.178776,79.5,24.308,0.45,10.94,0,"{""soc"":79.5,""voltage"":24.308,""current"":0.450,""power"":10.94,""ocv"":24.332,""cell_v"":4.051,""charging"":false,""latch"":true,""pi_status"":""ready"",""uptime_s"":4367}"
2026-06-25T08:37:06.364653,79.5,24.307,0.494,12.02,0,"{""soc"":79.5,""voltage"":24.307,""current"":0.494,""power"":12.02,""ocv"":24.334,""cell_v"":4.051,""charging"":false,""latch"":true,""pi_status"":""ready"",""uptime_s"":4372}"
2026-06-25T08:37:11.080007,79.2,24.307,0.454,11.03,0,"{""soc"":79.2,""voltage"":24.307,""current"":0.454,""power"":11.03,""ocv"":24.332,""cell_v"":4.051,""charging"":false,""latch"":true,""pi_status"":""ready"",""uptime_s"":4377}"
2026-06-25T08:37:16.117791,79.2,24.307,0.466,11.31,0,"{""soc"":79.2,""voltage"":24.307,""current"":0.466,""power"":11.31,""ocv"":24.332,""cell_v"":4.051,""charging"":false,""latch"":true,""pi_status"":""ready"",""uptime_s"":4382}"
2026-06-25T08:37:21.255626,79.2,24.306,0.451,10.99,0,"{""soc"":79.2,""voltage"":24.306,""current"":0.451,""power"":10.99,""ocv"":24.331,""cell_v"":4.051,""charging"":false,""latch"":true,""pi_status"":""ready"",""uptime_s"":4387}"
2026-06-25T08:37:26.068104,79.2,24.306,0.499,12.11,0,"{""soc"":79.2,""voltage"":24.306,""current"":0.499,""power"":12.11,""ocv"":24.332,""cell_v"":4.051,""charging"":false,""latch"":true,""pi_status"":""ready"",""uptime_s"":4392}"
2026-06-25T08:37:31.148921,79.1,24.305,0.468,11.35,0,"{""soc"":79.1,""voltage"":24.305,""current"":0.468,""power"":11.35,""ocv"":24.330,""cell_v"":4.051,""charging"":false,""latch"":true,""pi_status"":""ready"",""uptime_s"":4397}"
2026-06-25T08:37:36.598008,79.1,24.304,0.479,11.63,0,"{""soc"":79.1,""voltage"":24.304,""current"":0.479,""power"":11.63,""ocv"":24.330,""cell_v"":4.051,""charging"":false,""latch"":true,""pi_status"":""ready"",""uptime_s"":4402}"
2026-06-25T08:37:41.217623,79.1,24.304,0.507,12.06,0,"{""soc"":79.1,""voltage"":24.304,""current"":0.507,""power"":12.06,""ocv"":24.331,""cell_v"":4.051,""charging"":false,""latch"":true,""pi_status"":""ready"",""uptime_s"":4407}"
2026-06-25T08:37:46.207217,79.1,24.303,0.456,11.05,0,"{""soc"":79.1,""voltage"":24.303,""current"":0.456,""power"":11.05,""ocv"":24.328,""cell_v"":4.051,""charging"":false,""latch"":true,""pi_status"":""ready"",""uptime_s"":4412}"
2026-06-25T08:37:51.137383,79.1,24.303,0.449,10.92,0,"{""soc"":79.1,""voltage"":24.303,""current"":0.449,""power"":10.92,""ocv"":24.327,""cell_v"":4.050,""charging"":false,""latch"":true,""pi_status"":""ready"",""uptime_s"":4417}"
2026-06-25T08:37:56.146948,79.1,24.301,0.663,16.09,0,"{""soc"":79.1,""voltage"":24.301,""current"":0.663,""power"":16.09,""ocv"":24.337,""cell_v"":4.050,""charging"":false,""latch"":true,""pi_status"":""ready"",""uptime_s"":4422}"
2026-06-25T08:38:01.166994,79.1,24.298,0.645,15.68,0,"{""soc"":79.1,""voltage"":24.298,""current"":0.645,""power"":15.68,""ocv"":24.333,""cell_v"":4.050,""charging"":false,""latch"":true,""pi_status"":""ready"",""uptime_s"":4427}"
2026-06-25T08:38:06.370174,79.0,24.295,0.662,16.07,0,"{""soc"":79.0,""voltage"":24.295,""current"":0.662,""power"":16.07,""ocv"":24.331,""cell_v"":4.049,""charging"":false,""latch"":true,""pi_status"":""ready"",""uptime_s"":4432}"
2026-06-25T08:38:11.208513,79.0,24.292,0.81,19.66,0,"{""soc"":79.0,""voltage"":24.292,""current"":0.810,""power"":19.66,""ocv"":24.336,""cell_v"":4.049,""charging"":false,""latch"":true,""pi_status"":""ready"",""uptime_s"":4437}"
2026-06-25T08:38:16.319766,79.0,24.288,0.847,20.55,0,"{""soc"":79.0,""voltage"":24.288,""current"":0.847,""power"":20.55,""ocv"":24.333,""cell_v"":4.048,""charging"":false,""latch"":true,""pi_status"":""ready"",""uptime_s"":4442}"
2026-06-25T08:38:21.338809,79.0,24.283,0.872,21.17,0,"{""soc"":79.0,""voltage"":24.283,""current"":0.872,""power"":21.17,""ocv"":24.330,""cell_v"":4.047,""charging"":false,""latch"":true,""pi_status"":""ready"",""uptime_s"":4447}"
2026-06-25T08:38:26.135068,78.9,24.279,0.854,20.74,0,"{""soc"":78.9,""voltage"":24.279,""current"":0.854,""power"":20.74,""ocv"":24.325,""cell_v"":4.047,""charging"":false,""latch"":true,""pi_status"":""ready"",""uptime_s"":4452}"
2026-06-25T08:38:31.086704,78.9,24.276,0.756,18.36,0,"{""soc"":78.9,""voltage"":24.276,""current"":0.756,""power"":18.36,""ocv"":24.317,""cell_v"":4.046,""charging"":false,""latch"":true,""pi_status"":""ready"",""uptime_s"":4457}"
2026-06-25T08:38:36.098954,78.9,24.274,0.799,19.41,0,"{""soc"":78.9,""voltage"":24.274,""current"":0.799,""power"":19.41,""ocv"":24.317,""cell_v"":4.046,""charging"":false,""latch"":true,""pi_status"":""ready"",""uptime_s"":4462}"
2026-06-25T08:38:41.099742,78.9,24.271,0.851,20.62,0,"{""soc"":78.9,""voltage"":24.271,""current"":0.851,""power"":20.62,""ocv"":24.317,""cell_v"":4.045,""charging"":false,""latch"":true,""pi_status"":""ready"",""uptime_s"":4467}"
2026-06-25T08:38:46.117913,78.8,24.268,0.823,19.96,0,"{""soc"":78.8,""voltage"":24.268,""current"":0.823,""power"":19.96,""ocv"":24.313,""cell_v"":4.045,""charging"":false,""latch"":true,""pi_status"":""ready"",""uptime_s"":4472}"
2026-06-25T08:38:51.122455,78.8,24.266,0.868,21.03,0,"{""soc"":78.8,""voltage"":24.266,""current"":0.868,""power"":21.03,""ocv"":24.313,""cell_v"":4.044,""charging"":false,""latch"":true,""pi_status"":""ready"",""uptime_s"":4477}"
2026-06-25T08:38:56.149237,78.8,24.264,0.823,19.96,0,"{""soc"":78.8,""voltage"":24.264,""current"":0.823,""power"":19.96,""ocv"":24.309,""cell_v"":4.044,""charging"":false,""latch"":true,""pi_status"":""ready"",""uptime_s"":4482}"
2026-06-25T08:39:01.172713,78.8,24.263,0.826,20.03,0,"{""soc"":78.8,""voltage"":24.263,""current"":0.826,""power"":20.03,""ocv"":24.307,""cell_v"":4.044,""charging"":false,""latch"":true,""pi_status"":""ready"",""uptime_s"":4487}"
2026-06-25T08:39:06.109672,78.7,24.261,0.823,19.96,0,"{""soc"":78.7,""voltage"":24.261,""current"":0.823,""power"":19.96,""ocv"":24.305,""cell_v"":4.044,""charging"":false,""latch"":true,""pi_status"":""ready"",""uptime_s"":4492}"
2026-06-25T08:39:11.119443,78.7,24.26,0.816,19.78,0,"{""soc"":78.7,""voltage"":24.260,""current"":0.816,""power"":19.78,""ocv"":24.303,""cell_v"":4.043,""charging"":false,""latch"":true,""pi_status"":""ready"",""uptime_s"":4497}"
2026-06-25T08:39:16.135152,78.7,24.259,0.592,14.37,0,"{""soc"":78.7,""voltage"":24.259,""current"":0.592,""power"":14.37,""ocv"":24.291,""cell_v"":4.043,""charging"":false,""latch"":true,""pi_status"":""ready"",""uptime_s"":4502}"
2026-06-25T08:39:21.156950,78.7,24.259,0.602,14.63,0,"{""soc"":78.7,""voltage"":24.259,""current"":0.602,""power"":14.63,""ocv"":24.292,""cell_v"":4.043,""charging"":false,""latch"":true,""pi_status"":""ready"",""uptime_s"":4507}"
2026-06-25T08:39:26.150011,78.7,24.261,0.595,14.44,0,"{""soc"":78.7,""voltage"":24.261,""current"":0.595,""power"":14.44,""ocv"":24.293,""cell_v"":4.043,""charging"":false,""latch"":true,""pi_status"":""ready"",""uptime_s"":4512}"
2026-06-25T08:39:31.181474,78.6,24.261,0.667,16.16,0,"{""soc"":78.6,""voltage"":24.261,""current"":0.667,""power"":16.16,""ocv"":24.297,""cell_v"":4.043,""charging"":false,""latch"":true,""pi_status"":""ready"",""uptime_s"":4517}"
2026-06-25T08:39:36.214558,78.6,24.261,0.537,13.07,0,"{""soc"":78.6,""voltage"":24.261,""current"":0.537,""power"":13.07,""ocv"":24.290,""cell_v"":4.044,""charging"":false,""latch"":true,""pi_status"":""ready"",""uptime_s"":4522}"
2026-06-25T08:39:41.200463,78.6,24.262,0.543,13.18,0,"{""soc"":78.6,""voltage"":24.262,""current"":0.543,""power"":13.18,""ocv"":24.291,""cell_v"":4.044,""charging"":false,""latch"":true,""pi_status"":""ready"",""uptime_s"":4527}"
2026-06-25T08:39:46.149396,78.6,24.262,0.553,13.41,0,"{""soc"":78.6,""voltage"":24.262,""current"":0.553,""power"":13.41,""ocv"":24.292,""cell_v"":4.044,""charging"":false,""latch"":true,""pi_status"":""ready"",""uptime_s"":4532}"
2026-06-25T08:39:51.336577,78.6,24.262,0.597,14.49,0,"{""soc"":78.6,""voltage"":24.262,""current"":0.597,""power"":14.49,""ocv"":24.294,""cell_v"":4.044,""charging"":false,""latch"":true,""pi_status"":""ready"",""uptime_s"":4537}"
2026-06-25T08:39:56.160562,78.6,24.26,0.71,17.23,0,"{""soc"":78.6,""voltage"":24.260,""current"":0.710,""power"":17.23,""ocv"":24.299,""cell_v"":4.043,""charging"":false,""latch"":true,""pi_status"":""ready"",""uptime_s"":4542}"
2026-06-25T08:40:01.184373,78.5,24.258,0.766,18.59,0,"{""soc"":78.5,""voltage"":24.258,""current"":0.766,""power"":18.59,""ocv"":24.299,""cell_v"":4.043,""charging"":false,""latch"":true,""pi_status"":""ready"",""uptime_s"":4547}"
2026-06-25T08:40:06.304948,78.5,24.254,0.807,19.57,0,"{""soc"":78.5,""voltage"":24.254,""current"":0.807,""power"":19.57,""ocv"":24.298,""cell_v"":4.042,""charging"":false,""latch"":true,""pi_status"":""ready"",""uptime_s"":4552}"
2026-06-25T08:40:11.204279,78.5,24.252,0.754,18.29,0,"{""soc"":78.5,""voltage"":24.252,""current"":0.754,""power"":18.29,""ocv"":24.292,""cell_v"":4.042,""charging"":false,""latch"":true,""pi_status"":""ready"",""uptime_s"":4557}"
2026-06-25T08:40:20.024067,78.5,24.249,0.79,19.16,0,"{""soc"":78.5,""voltage"":24.249,""current"":0.790,""power"":19.16,""ocv"":24.292,""cell_v"":4.041,""charging"":false,""latch"":true,""pi_status"":""ready"",""uptime_s"":4562}"
2026-06-25T08:40:21.266709,78.4,24.245,0.76,18.42,0,"{""soc"":78.4,""voltage"":24.245,""current"":0.760,""power"":18.42,""ocv"":24.286,""cell_v"":4.041,""charging"":false,""latch"":true,""pi_status"":""ready"",""uptime_s"":4567}"
2026-06-25T08:40:26.183675,78.4,24.244,0.768,18.61,0,"{""soc"":78.4,""voltage"":24.244,""current"":0.768,""power"":18.61,""ocv"":24.285,""cell_v"":4.041,""charging"":false,""latch"":true,""pi_status"":""ready"",""uptime_s"":4572}"
2026-06-25T08:40:31.507643,78.4,24.242,0.81,19.66,0,"{""soc"":78.4,""voltage"":24.242,""current"":0.810,""power"":19.66,""ocv"":24.286,""cell_v"":4.040,""charging"":false,""latch"":true,""pi_status"":""ready"",""uptime_s"":4577}"
2026-06-25T08:40:36.201299,78.4,24.241,0.755,18.31,0,"{""soc"":78.4,""voltage"":24.241,""current"":0.755,""power"":18.31,""ocv"":24.282,""cell_v"":4.040,""charging"":false,""latch"":true,""pi_status"":""ready"",""uptime_s"":4583}"
2026-06-25T08:40:41.202355,78.3,24.24,0.756,18.33,0,"{""soc"":78.3,""voltage"":24.240,""current"":0.756,""power"":18.33,""ocv"":24.280,""cell_v"":4.040,""charging"":false,""latch"":true,""pi_status"":""ready"",""uptime_s"":4588}"
2026-06-25T08:40:46.160859,78.3,24.238,0.834,20.19,0,"{""soc"":78.3,""voltage"":24.238,""current"":0.834,""power"":20.19,""ocv"":24.283,""cell_v"":4.040,""charging"":false,""latch"":true,""pi_status"":""ready"",""uptime_s"":4593}"
2026-06-25T08:40:51.163197,78.3,24.236,0.761,18.45,0,"{""soc"":78.3,""voltage"":24.236,""current"":0.761,""power"":18.45,""ocv"":24.277,""cell_v"":4.039,""charging"":false,""latch"":true,""pi_status"":""ready"",""uptime_s"":4598}"
2026-06-25T08:40:56.188953,78.3,24.237,0.391,9.5,0,"{""soc"":78.3,""voltage"":24.237,""current"":0.391,""power"":9.50,""ocv"":24.258,""cell_v"":4.039,""charging"":false,""latch"":true,""pi_status"":""offline"",""uptime_s"":4603}"
2026-06-25T08:41:01.305613,78.3,24.239,0.578,14.01,0,"{""soc"":78.3,""voltage"":24.239,""current"":0.578,""power"":14.01,""ocv"":24.271,""cell_v"":4.040,""charging"":false,""latch"":true,""pi_status"":""starting"",""uptime_s"":4608}"
2026-06-25T08:41:06.211507,78.3,24.241,0.443,10.73,0,"{""soc"":78.3,""voltage"":24.241,""current"":0.443,""power"":10.73,""ocv"":24.265,""cell_v"":4.040,""charging"":false,""latch"":true,""pi_status"":""starting"",""uptime_s"":4613}"
2026-06-25T08:41:11.243495,78.2,24.242,0.445,10.51,0,"{""soc"":78.2,""voltage"":24.242,""current"":0.445,""power"":10.51,""ocv"":24.266,""cell_v"":4.040,""charging"":false,""latch"":true,""pi_status"":""starting"",""uptime_s"":4618}"
2026-06-25T08:41:16.226993,78.2,24.244,0.437,10.6,0,"{""soc"":78.2,""voltage"":24.244,""current"":0.437,""power"":10.60,""ocv"":24.267,""cell_v"":4.041,""charging"":false,""latch"":true,""pi_status"":""starting"",""uptime_s"":4623}"
2026-06-25T08:41:21.582120,77.9,24.243,0.458,11.1,0,"{""soc"":77.9,""voltage"":24.243,""current"":0.458,""power"":11.10,""ocv"":24.268,""cell_v"":4.041,""charging"":false,""latch"":true,""pi_status"":""starting"",""uptime_s"":4628}"
2026-06-25T08:41:26.912782,77.9,24.243,0.603,14.63,0,"{""soc"":77.9,""voltage"":24.243,""current"":0.603,""power"":14.63,""ocv"":24.276,""cell_v"":4.041,""charging"":false,""latch"":true,""pi_status"":""starting"",""uptime_s"":4633}"
2026-06-25T08:41:31.623195,77.9,24.242,0.558,13.5,0,"{""soc"":77.9,""voltage"":24.242,""current"":0.558,""power"":13.50,""ocv"":24.272,""cell_v"":4.040,""charging"":false,""latch"":true,""pi_status"":""starting"",""uptime_s"":4638}"
2026-06-25T08:41:39.389822,77.9,24.241,0.565,13.69,0,"{""soc"":77.9,""voltage"":24.241,""current"":0.565,""power"":13.69,""ocv"":24.272,""cell_v"":4.040,""charging"":false,""latch"":true,""pi_status"":""ready"",""uptime_s"":4643}"
2026-06-25T08:41:43.083579,77.9,24.24,0.504,12.2,0,"{""soc"":77.9,""voltage"":24.240,""current"":0.504,""power"":12.20,""ocv"":24.267,""cell_v"":4.040,""charging"":false,""latch"":true,""pi_status"":""ready"",""uptime_s"":4648}"
2026-06-25T08:41:46.869977,77.8,24.24,0.451,10.96,0,"{""soc"":77.8,""voltage"":24.240,""current"":0.451,""power"":10.96,""ocv"":24.265,""cell_v"":4.040,""charging"":false,""latch"":true,""pi_status"":""ready"",""uptime_s"":4653}"
2026-06-25T08:41:51.759136,77.8,24.239,0.616,14.92,0,"{""soc"":77.8,""voltage"":24.239,""current"":0.616,""power"":14.92,""ocv"":24.272,""cell_v"":4.040,""charging"":false,""latch"":true,""pi_status"":""ready"",""uptime_s"":4658}"
2026-06-25T08:41:56.499165,77.8,24.238,0.567,13.73,0,"{""soc"":77.8,""voltage"":24.238,""current"":0.567,""power"":13.73,""ocv"":24.269,""cell_v"":4.040,""charging"":false,""latch"":true,""pi_status"":""ready"",""uptime_s"":4663}"
2026-06-25T08:42:02.404306,77.8,24.237,0.448,10.85,0,"{""soc"":77.8,""voltage"":24.237,""current"":0.448,""power"":10.85,""ocv"":24.261,""cell_v"":4.040,""charging"":false,""latch"":true,""pi_status"":""ready"",""uptime_s"":4668}"
2026-06-25T08:42:07.757012,77.8,24.237,0.653,15.82,0,"{""soc"":77.8,""voltage"":24.237,""current"":0.653,""power"":15.82,""ocv"":24.272,""cell_v"":4.040,""charging"":false,""latch"":true,""pi_status"":""ready"",""uptime_s"":4673}"
2026-06-25T08:42:11.458860,77.8,24.235,0.602,14.63,0,"{""soc"":77.8,""voltage"":24.235,""current"":0.602,""power"":14.63,""ocv"":24.268,""cell_v"":4.039,""charging"":false,""latch"":true,""pi_status"":""ready"",""uptime_s"":4678}"
2026-06-25T08:42:16.233226,77.7,24.233,0.616,14.92,0,"{""soc"":77.7,""voltage"":24.233,""current"":0.616,""power"":14.92,""ocv"":24.266,""cell_v"":4.039,""charging"":false,""latch"":true,""pi_status"":""ready"",""uptime_s"":4683}"
2026-06-25T08:42:21.268941,77.7,24.231,0.703,16.07,0,"{""soc"":77.7,""voltage"":24.231,""current"":0.703,""power"":16.07,""ocv"":24.269,""cell_v"":4.038,""charging"":false,""latch"":true,""pi_status"":""ready"",""uptime_s"":4688}"
2026-06-25T08:42:26.695916,77.7,24.229,0.66,15.98,0,"{""soc"":77.7,""voltage"":24.229,""current"":0.660,""power"":15.98,""ocv"":24.265,""cell_v"":4.038,""charging"":false,""latch"":true,""pi_status"":""ready"",""uptime_s"":4693}"
2026-06-25T08:42:34.283041,77.7,24.228,0.631,15.27,0,"{""soc"":77.7,""voltage"":24.228,""current"":0.631,""power"":15.27,""ocv"":24.262,""cell_v"":4.038,""charging"":false,""latch"":true,""pi_status"":""ready"",""uptime_s"":4698}"
2026-06-25T08:42:36.716943,77.7,24.225,0.719,17.42,0,"{""soc"":77.7,""voltage"":24.225,""current"":0.719,""power"":17.42,""ocv"":24.264,""cell_v"":4.038,""charging"":false,""latch"":true,""pi_status"":""ready"",""uptime_s"":4703}"
2026-06-25T08:42:41.436120,77.6,24.221,0.877,21.22,0,"{""soc"":77.6,""voltage"":24.221,""current"":0.877,""power"":21.22,""ocv"":24.268,""cell_v"":4.037,""charging"":false,""latch"":true,""pi_status"":""ready"",""uptime_s"":4708}"
2026-06-25T08:42:47.365313,77.6,24.217,0.839,20.3,0,"{""soc"":77.6,""voltage"":24.217,""current"":0.839,""power"":20.30,""ocv"":24.262,""cell_v"":4.036,""charging"":false,""latch"":true,""pi_status"":""ready"",""uptime_s"":4713}"
2026-06-25T08:43:15.346394,77.6,24.212,0.848,20.51,0,"{""soc"":77.6,""voltage"":24.212,""current"":0.848,""power"":20.51,""ocv"":24.258,""cell_v"":4.035,""charging"":false,""latch"":true,""pi_status"":""ready"",""uptime_s"":4718}"
2026-06-25T08:43:15.361718,77.6,24.209,0.623,15.08,0,"{""soc"":77.6,""voltage"":24.209,""current"":0.623,""power"":15.08,""ocv"":24.242,""cell_v"":4.035,""charging"":false,""latch"":true,""pi_status"":""ready"",""uptime_s"":4723}"
2026-06-25T08:43:15.373687,77.5,24.205,0.881,21.31,0,"{""soc"":77.5,""voltage"":24.205,""current"":0.881,""power"":21.31,""ocv"":24.252,""cell_v"":4.034,""charging"":false,""latch"":true,""pi_status"":""ready"",""uptime_s"":4728}"
2026-06-25T08:43:15.386539,77.5,24.202,0.821,19.89,0,"{""soc"":77.5,""voltage"":24.202,""current"":0.821,""power"":19.89,""ocv"":24.246,""cell_v"":4.034,""charging"":false,""latch"":true,""pi_status"":""ready"",""uptime_s"":4733}"
2026-06-25T08:43:16.565612,77.5,24.196,1.578,38.13,0,"{""soc"":77.5,""voltage"":24.196,""current"":1.578,""power"":38.13,""ocv"":24.281,""cell_v"":4.033,""charging"":false,""latch"":true,""pi_status"":""ready"",""uptime_s"":4738}"
2026-06-25T08:43:16.578803,77.5,24.19,1.664,40.17,0,"{""soc"":77.5,""voltage"":24.190,""current"":1.664,""power"":40.17,""ocv"":24.279,""cell_v"":4.032,""charging"":false,""latch"":true,""pi_status"":""ready"",""uptime_s"":4743}"
2026-06-25T08:43:21.390348,77.4,24.187,1.044,25.22,0,"{""soc"":77.4,""voltage"":24.187,""current"":1.044,""power"":25.22,""ocv"":24.243,""cell_v"":4.031,""charging"":false,""latch"":true,""pi_status"":""ready"",""uptime_s"":4748}"
2026-06-25T08:43:26.382092,77.4,24.18,1.251,30.21,0,"{""soc"":77.4,""voltage"":24.180,""current"":1.251,""power"":30.21,""ocv"":24.247,""cell_v"":4.030,""charging"":false,""latch"":true,""pi_status"":""ready"",""uptime_s"":4753}"
2026-06-25T08:43:31.327035,77.3,24.174,1.197,28.91,0,"{""soc"":77.3,""voltage"":24.174,""current"":1.197,""power"":28.91,""ocv"":24.238,""cell_v"":4.029,""charging"":false,""latch"":true,""pi_status"":""ready"",""uptime_s"":4758}"
2026-06-25T08:43:37.258725,77.3,24.169,1.202,29.05,0,"{""soc"":77.3,""voltage"":24.169,""current"":1.202,""power"":29.05,""ocv"":24.234,""cell_v"":4.028,""charging"":false,""latch"":true,""pi_status"":""ready"",""uptime_s"":4763}"
2026-06-25T08:43:45.231427,77.3,24.165,1.23,29.69,0,"{""soc"":77.3,""voltage"":24.165,""current"":1.230,""power"":29.69,""ocv"":24.231,""cell_v"":4.028,""charging"":false,""latch"":true,""pi_status"":""ready"",""uptime_s"":4768}"
2026-06-25T08:43:46.375390,77.2,24.161,1.435,34.63,0,"{""soc"":77.2,""voltage"":24.161,""current"":1.435,""power"":34.63,""ocv"":24.239,""cell_v"":4.027,""charging"":false,""latch"":true,""pi_status"":""ready"",""uptime_s"":4773}"
2026-06-25T08:43:51.400557,77.2,24.157,1.304,31.47,0,"{""soc"":77.2,""voltage"":24.157,""current"":1.304,""power"":31.47,""ocv"":24.227,""cell_v"":4.026,""charging"":false,""latch"":true,""pi_status"":""ready"",""uptime_s"":4778}"
2026-06-25T08:43:56.403340,77.1,24.153,1.481,35.73,0,"{""soc"":77.1,""voltage"":24.153,""current"":1.481,""power"":35.73,""ocv"":24.233,""cell_v"":4.026,""charging"":false,""latch"":true,""pi_status"":""ready"",""uptime_s"":4783}"
2026-06-25T08:44:01.423531,77.1,24.151,0.823,19.87,0,"{""soc"":77.1,""voltage"":24.151,""current"":0.823,""power"":19.87,""ocv"":24.195,""cell_v"":4.025,""charging"":false,""latch"":true,""pi_status"":""ready"",""uptime_s"":4788}"
2026-06-25T08:44:06.551596,77.1,24.156,0.62,14.99,0,"{""soc"":77.1,""voltage"":24.156,""current"":0.620,""power"":14.99,""ocv"":24.190,""cell_v"":4.026,""charging"":false,""latch"":true,""pi_status"":""ready"",""uptime_s"":4793}"
2026-06-25T08:44:11.334405,77.1,24.161,0.79,19.09,0,"{""soc"":77.1,""voltage"":24.161,""current"":0.790,""power"":19.09,""ocv"":24.203,""cell_v"":4.027,""charging"":false,""latch"":true,""pi_status"":""ready"",""uptime_s"":4798}"
2026-06-25T08:44:16.558120,77.0,24.155,1.265,30.56,0,"{""soc"":77.0,""voltage"":24.155,""current"":1.265,""power"":30.56,""ocv"":24.223,""cell_v"":4.026,""charging"":false,""latch"":true,""pi_status"":""ready"",""uptime_s"":4803}"
2026-06-25T08:44:21.912138,77.0,24.15,1.338,32.27,0,"{""soc"":77.0,""voltage"":24.150,""current"":1.338,""power"":32.27,""ocv"":24.222,""cell_v"":4.025,""charging"":false,""latch"":true,""pi_status"":""ready"",""uptime_s"":4808}"
2026-06-25T08:44:28.761923,77.0,24.154,0.552,13.34,0,"{""soc"":77.0,""voltage"":24.154,""current"":0.552,""power"":13.34,""ocv"":24.184,""cell_v"":4.026,""charging"":false,""latch"":true,""pi_status"":""ready"",""uptime_s"":4813}"
2026-06-25T08:44:31.336748,77.0,24.157,0.851,20.55,0,"{""soc"":77.0,""voltage"":24.157,""current"":0.851,""power"":20.55,""ocv"":24.203,""cell_v"":4.026,""charging"":false,""latch"":true,""pi_status"":""ready"",""uptime_s"":4818}"
2026-06-25T08:44:36.333250,76.9,24.16,0.755,18.26,0,"{""soc"":76.9,""voltage"":24.160,""current"":0.755,""power"":18.26,""ocv"":24.200,""cell_v"":4.027,""charging"":false,""latch"":true,""pi_status"":""ready"",""uptime_s"":4823}"
2026-06-25T08:44:41.366590,76.9,24.159,1.005,24.28,0,"{""soc"":76.9,""voltage"":24.159,""current"":1.005,""power"":24.28,""ocv"":24.213,""cell_v"":4.026,""charging"":false,""latch"":true,""pi_status"":""ready"",""uptime_s"":4828}"
2026-06-25T08:44:46.280997,76.9,24.157,1.002,24.17,0,"{""soc"":76.9,""voltage"":24.157,""current"":1.002,""power"":24.17,""ocv"":24.210,""cell_v"":4.026,""charging"":false,""latch"":true,""pi_status"":""ready"",""uptime_s"":4833}"
2026-06-25T08:44:51.378599,76.8,24.154,0.991,23.92,0,"{""soc"":76.8,""voltage"":24.154,""current"":0.991,""power"":23.92,""ocv"":24.207,""cell_v"":4.026,""charging"":false,""latch"":true,""pi_status"":""ready"",""uptime_s"":4838}"
2026-06-25T08:44:56.618165,76.8,24.155,0.614,14.85,0,"{""soc"":76.8,""voltage"":24.155,""current"":0.614,""power"":14.85,""ocv"":24.188,""cell_v"":4.026,""charging"":false,""latch"":true,""pi_status"":""ready"",""uptime_s"":4843}"
2026-06-25T08:45:01.333427,76.8,24.157,0.635,15.36,0,"{""soc"":76.8,""voltage"":24.157,""current"":0.635,""power"":15.36,""ocv"":24.192,""cell_v"":4.026,""charging"":false,""latch"":true,""pi_status"":""ready"",""uptime_s"":4848}"
2026-06-25T08:45:06.334337,76.8,24.158,0.719,17.35,0,"{""soc"":76.8,""voltage"":24.158,""current"":0.719,""power"":17.35,""ocv"":24.197,""cell_v"":4.026,""charging"":false,""latch"":true,""pi_status"":""ready"",""uptime_s"":4853}"
2026-06-25T08:45:11.453901,76.8,24.157,0.879,21.22,0,"{""soc"":76.8,""voltage"":24.157,""current"":0.879,""power"":21.22,""ocv"":24.205,""cell_v"":4.026,""charging"":false,""latch"":true,""pi_status"":""ready"",""uptime_s"":4858}"
2026-06-25T08:45:16.495072,76.7,24.154,0.992,23.94,0,"{""soc"":76.7,""voltage"":24.154,""current"":0.992,""power"":23.94,""ocv"":24.207,""cell_v"":4.026,""charging"":false,""latch"":true,""pi_status"":""ready"",""uptime_s"":4863}"
2026-06-25T08:45:21.298942,76.7,24.15,1.002,24.17,0,"{""soc"":76.7,""voltage"":24.150,""current"":1.002,""power"":24.17,""ocv"":24.204,""cell_v"":4.025,""charging"":false,""latch"":true,""pi_status"":""ready"",""uptime_s"":4868}"
2026-06-25T08:45:26.535992,76.7,24.147,1.009,24.33,0,"{""soc"":76.7,""voltage"":24.147,""current"":1.009,""power"":24.33,""ocv"":24.201,""cell_v"":4.024,""charging"":false,""latch"":true,""pi_status"":""ready"",""uptime_s"":4873}"
2026-06-25T08:45:31.431418,76.6,24.144,0.999,24.1,0,"{""soc"":76.6,""voltage"":24.144,""current"":0.999,""power"":24.10,""ocv"":24.197,""cell_v"":4.024,""charging"":false,""latch"":true,""pi_status"":""ready"",""uptime_s"":4878}"
2026-06-25T08:45:36.427725,76.6,24.141,0.992,23.94,0,"{""soc"":76.6,""voltage"":24.141,""current"":0.992,""power"":23.94,""ocv"":24.194,""cell_v"":4.023,""charging"":false,""latch"":true,""pi_status"":""ready"",""uptime_s"":4883}"
2026-06-25T08:45:41.366739,76.6,24.142,0.66,15.91,0,"{""soc"":76.6,""voltage"":24.142,""current"":0.660,""power"":15.91,""ocv"":24.178,""cell_v"":4.024,""charging"":false,""latch"":true,""pi_status"":""ready"",""uptime_s"":4888}"
2026-06-25T08:45:46.387920,76.6,24.144,0.601,14.51,0,"{""soc"":76.6,""voltage"":24.144,""current"":0.601,""power"":14.51,""ocv"":24.176,""cell_v"":4.024,""charging"":false,""latch"":true,""pi_status"":""ready"",""uptime_s"":4893}"
2026-06-25T08:45:51.513702,76.6,24.145,0.672,16.23,0,"{""soc"":76.6,""voltage"":24.145,""current"":0.672,""power"":16.23,""ocv"":24.182,""cell_v"":4.024,""charging"":false,""latch"":true,""pi_status"":""ready"",""uptime_s"":4898}"
2026-06-25T08:45:56.533027,76.5,24.145,0.828,19.98,0,"{""soc"":76.5,""voltage"":24.145,""current"":0.828,""power"":19.98,""ocv"":24.190,""cell_v"":4.024,""charging"":false,""latch"":true,""pi_status"":""ready"",""uptime_s"":4903}"
2026-06-25T08:46:01.336480,76.5,24.142,1.002,24.15,0,"{""soc"":76.5,""voltage"":24.142,""current"":1.002,""power"":24.15,""ocv"":24.196,""cell_v"":4.024,""charging"":false,""latch"":true,""pi_status"":""ready"",""uptime_s"":4908}"
2026-06-25T08:46:06.432118,76.5,24.138,0.999,24.1,0,"{""soc"":76.5,""voltage"":24.138,""current"":0.999,""power"":24.10,""ocv"":24.191,""cell_v"":4.023,""charging"":false,""latch"":true,""pi_status"":""ready"",""uptime_s"":4913}"
2026-06-25T08:46:11.377929,76.5,24.134,1.003,24.22,0,"{""soc"":76.5,""voltage"":24.134,""current"":1.003,""power"":24.22,""ocv"":24.188,""cell_v"":4.022,""charging"":false,""latch"":true,""pi_status"":""ready"",""uptime_s"":4918}"
2026-06-25T08:46:16.497804,76.4,24.132,0.614,14.85,0,"{""soc"":76.4,""voltage"":24.132,""current"":0.614,""power"":14.85,""ocv"":24.165,""cell_v"":4.022,""charging"":false,""latch"":true,""pi_status"":""ready"",""uptime_s"":4923}"
2026-06-25T08:46:21.518692,76.4,24.134,0.634,15.34,0,"{""soc"":76.4,""voltage"":24.134,""current"":0.634,""power"":15.34,""ocv"":24.168,""cell_v"":4.022,""charging"":false,""latch"":true,""pi_status"":""ready"",""uptime_s"":4928}"
2026-06-25T08:46:26.632935,76.4,24.135,0.71,17.12,0,"{""soc"":76.4,""voltage"":24.135,""current"":0.710,""power"":17.12,""ocv"":24.173,""cell_v"":4.023,""charging"":false,""latch"":true,""pi_status"":""ready"",""uptime_s"":4933}"
2026-06-25T08:46:31.326981,76.4,24.134,0.878,21.17,0,"{""soc"":76.4,""voltage"":24.134,""current"":0.878,""power"":21.17,""ocv"":24.182,""cell_v"":4.022,""charging"":false,""latch"":true,""pi_status"":""ready"",""uptime_s"":4938}"
2026-06-25T08:46:36.333391,76.3,24.13,1.005,24.26,0,"{""soc"":76.3,""voltage"":24.130,""current"":1.005,""power"":24.26,""ocv"":24.184,""cell_v"":4.022,""charging"":false,""latch"":true,""pi_status"":""ready"",""uptime_s"":4943}"
2026-06-25T08:46:41.383366,76.3,24.132,0.634,15.31,0,"{""soc"":76.3,""voltage"":24.132,""current"":0.634,""power"":15.31,""ocv"":24.166,""cell_v"":4.022,""charging"":false,""latch"":true,""pi_status"":""ready"",""uptime_s"":4948}"
2026-06-25T08:46:46.375044,76.3,24.133,0.628,15.15,0,"{""soc"":76.3,""voltage"":24.133,""current"":0.628,""power"":15.15,""ocv"":24.167,""cell_v"":4.022,""charging"":false,""latch"":true,""pi_status"":""ready"",""uptime_s"":4953}"
2026-06-25T08:46:51.398190,76.3,24.134,0.624,15.08,0,"{""soc"":76.3,""voltage"":24.134,""current"":0.624,""power"":15.08,""ocv"":24.168,""cell_v"":4.022,""charging"":false,""latch"":true,""pi_status"":""ready"",""uptime_s"":4958}"
2026-06-25T08:46:56.515839,76.3,24.133,0.732,17.69,0,"{""soc"":76.3,""voltage"":24.133,""current"":0.732,""power"":17.69,""ocv"":24.173,""cell_v"":4.022,""charging"":false,""latch"":true,""pi_status"":""ready"",""uptime_s"":4963}"
2026-06-25T08:47:01.355032,76.2,24.13,0.883,21.29,0,"{""soc"":76.2,""voltage"":24.130,""current"":0.883,""power"":21.29,""ocv"":24.178,""cell_v"":4.022,""charging"":false,""latch"":true,""pi_status"":""ready"",""uptime_s"":4968}"
2026-06-25T08:47:06.442486,76.2,24.122,1.471,35.43,0,"{""soc"":76.2,""voltage"":24.122,""current"":1.471,""power"":35.43,""ocv"":24.201,""cell_v"":4.020,""charging"":false,""latch"":true,""pi_status"":""ready"",""uptime_s"":4973}"
2026-06-25T08:47:11.472905,76.2,24.114,1.414,34.03,0,"{""soc"":76.2,""voltage"":24.114,""current"":1.414,""power"":34.03,""ocv"":24.190,""cell_v"":4.019,""charging"":false,""latch"":true,""pi_status"":""ready"",""uptime_s"":4978}"
2026-06-25T08:47:16.377987,76.1,24.107,1.139,27.42,0,"{""soc"":76.1,""voltage"":24.107,""current"":1.139,""power"":27.42,""ocv"":24.169,""cell_v"":4.018,""charging"":false,""latch"":true,""pi_status"":""ready"",""uptime_s"":4983}"
2026-06-25T08:47:21.397637,76.1,24.101,1.245,30.01,0,"{""soc"":76.1,""voltage"":24.101,""current"":1.245,""power"":30.01,""ocv"":24.168,""cell_v"":4.017,""charging"":false,""latch"":true,""pi_status"":""ready"",""uptime_s"":4988}"
2026-06-25T08:47:26.426259,76.1,24.102,0.81,19.52,0,"{""soc"":76.1,""voltage"":24.102,""current"":0.810,""power"":19.52,""ocv"":24.145,""cell_v"":4.017,""charging"":false,""latch"":true,""pi_status"":""ready"",""uptime_s"":4993}"
2026-06-25T08:47:31.439505,76.0,24.103,0.807,19.45,0,"{""soc"":76.0,""voltage"":24.103,""current"":0.807,""power"":19.45,""ocv"":24.146,""cell_v"":4.017,""charging"":false,""latch"":true,""pi_status"":""ready"",""uptime_s"":4998}"
2026-06-25T08:47:36.367487,76.0,24.104,0.894,21.54,0,"{""soc"":76.0,""voltage"":24.104,""current"":0.894,""power"":21.54,""ocv"":24.152,""cell_v"":4.017,""charging"":false,""latch"":true,""pi_status"":""ready"",""uptime_s"":5003}"
2026-06-25T08:47:41.593231,76.0,24.103,0.805,19.41,0,"{""soc"":76.0,""voltage"":24.103,""current"":0.805,""power"":19.41,""ocv"":24.147,""cell_v"":4.017,""charging"":false,""latch"":true,""pi_status"":""ready"",""uptime_s"":5008}"
2026-06-25T08:47:46.385344,76.0,24.101,0.9,21.68,0,"{""soc"":76.0,""voltage"":24.101,""current"":0.900,""power"":21.68,""ocv"":24.150,""cell_v"":4.017,""charging"":false,""latch"":true,""pi_status"":""ready"",""uptime_s"":5013}"
2026-06-25T08:47:51.629550,75.9,24.103,0.801,19.29,0,"{""soc"":75.9,""voltage"":24.103,""current"":0.801,""power"":19.29,""ocv"":24.146,""cell_v"":4.017,""charging"":false,""latch"":true,""pi_status"":""ready"",""uptime_s"":5018}"
2026-06-25T08:47:56.523459,75.9,24.103,0.813,19.57,0,"{""soc"":75.9,""voltage"":24.103,""current"":0.813,""power"":19.57,""ocv"":24.147,""cell_v"":4.017,""charging"":false,""latch"":true,""pi_status"":""ready"",""uptime_s"":5023}"
2026-06-25T08:48:01.442710,75.9,24.103,0.689,16.64,0,"{""soc"":75.9,""voltage"":24.103,""current"":0.689,""power"":16.64,""ocv"":24.140,""cell_v"":4.017,""charging"":false,""latch"":true,""pi_status"":""ready"",""uptime_s"":5028}"
2026-06-25T08:48:06.383337,75.9,24.103,0.715,17.23,0,"{""soc"":75.9,""voltage"":24.103,""current"":0.715,""power"":17.23,""ocv"":24.142,""cell_v"":4.017,""charging"":false,""latch"":true,""pi_status"":""ready"",""uptime_s"":5033}"
2026-06-25T08:48:11.480787,75.9,24.103,0.774,18.65,0,"{""soc"":75.9,""voltage"":24.103,""current"":0.774,""power"":18.65,""ocv"":24.145,""cell_v"":4.017,""charging"":false,""latch"":true,""pi_status"":""ready"",""uptime_s"":5038}"
2026-06-25T08:48:16.392550,75.8,24.104,0.591,14.26,0,"{""soc"":75.8,""voltage"":24.104,""current"":0.591,""power"":14.26,""ocv"":24.136,""cell_v"":4.017,""charging"":false,""latch"":true,""pi_status"":""ready"",""uptime_s"":5043}"
2026-06-25T08:48:21.434589,75.8,24.105,0.608,14.65,0,"{""soc"":75.8,""voltage"":24.105,""current"":0.608,""power"":14.65,""ocv"":24.137,""cell_v"":4.017,""charging"":false,""latch"":true,""pi_status"":""ready"",""uptime_s"":5048}"
2026-06-25T08:48:26.433476,75.8,24.105,0.542,13.07,0,"{""soc"":75.8,""voltage"":24.105,""current"":0.542,""power"":13.07,""ocv"":24.134,""cell_v"":4.018,""charging"":false,""latch"":true,""pi_status"":""ready"",""uptime_s"":5053}"
2026-06-25T08:48:31.558938,75.8,24.106,0.544,13.11,0,"{""soc"":75.8,""voltage"":24.106,""current"":0.544,""power"":13.11,""ocv"":24.136,""cell_v"":4.018,""charging"":false,""latch"":true,""pi_status"":""ready"",""uptime_s"":5058}"
2026-06-25T08:48:36.482386,75.8,24.107,0.595,14.35,0,"{""soc"":75.8,""voltage"":24.107,""current"":0.595,""power"":14.35,""ocv"":24.139,""cell_v"":4.018,""charging"":false,""latch"":true,""pi_status"":""ready"",""uptime_s"":5063}"
2026-06-25T08:48:41.469947,75.7,24.108,0.595,14.83,0,"{""soc"":75.7,""voltage"":24.108,""current"":0.595,""power"":14.83,""ocv"":24.140,""cell_v"":4.018,""charging"":false,""latch"":true,""pi_status"":""ready"",""uptime_s"":5068}"
2026-06-25T08:48:46.706895,75.7,24.107,0.605,14.58,0,"{""soc"":75.7,""voltage"":24.107,""current"":0.605,""power"":14.58,""ocv"":24.139,""cell_v"":4.018,""charging"":false,""latch"":true,""pi_status"":""ready"",""uptime_s"":5073}"
2026-06-25T08:48:51.501600,75.7,24.106,0.594,14.31,0,"{""soc"":75.7,""voltage"":24.106,""current"":0.594,""power"":14.31,""ocv"":24.138,""cell_v"":4.018,""charging"":false,""latch"":true,""pi_status"":""ready"",""uptime_s"":5078}"
2026-06-25T08:48:56.520246,75.7,24.101,1.474,35.45,0,"{""soc"":75.7,""voltage"":24.101,""current"":1.474,""power"":35.45,""ocv"":24.180,""cell_v"":4.017,""charging"":false,""latch"":true,""pi_status"":""ready"",""uptime_s"":5083}"
2026-06-25T08:49:01.470981,75.6,24.091,1.271,30.56,0,"{""soc"":75.6,""voltage"":24.091,""current"":1.271,""power"":30.56,""ocv"":24.160,""cell_v"":4.015,""charging"":false,""latch"":true,""pi_status"":""ready"",""uptime_s"":5088}"
2026-06-25T08:49:06.492380,75.6,24.083,1.271,30.56,0,"{""soc"":75.6,""voltage"":24.083,""current"":1.271,""power"":30.56,""ocv"":24.151,""cell_v"":4.014,""charging"":false,""latch"":true,""pi_status"":""ready"",""uptime_s"":5093}"
2026-06-25T08:49:11.578610,75.6,24.077,1.176,28.27,0,"{""soc"":75.6,""voltage"":24.077,""current"":1.176,""power"":28.27,""ocv"":24.140,""cell_v"":4.013,""charging"":false,""latch"":true,""pi_status"":""ready"",""uptime_s"":5098}"
2026-06-25T08:49:16.521901,75.5,24.07,1.252,30.08,0,"{""soc"":75.5,""voltage"":24.070,""current"":1.252,""power"":30.08,""ocv"":24.137,""cell_v"":4.012,""charging"":false,""latch"":true,""pi_status"":""ready"",""uptime_s"":5103}"
2026-06-25T08:49:21.532222,75.5,24.064,1.31,31.49,0,"{""soc"":75.5,""voltage"":24.064,""current"":1.310,""power"":31.49,""ocv"":24.134,""cell_v"":4.011,""charging"":false,""latch"":true,""pi_status"":""ready"",""uptime_s"":5108}"
2026-06-25T08:49:26.657489,75.5,24.06,1.163,27.95,0,"{""soc"":75.5,""voltage"":24.060,""current"":1.163,""power"":27.95,""ocv"":24.123,""cell_v"":4.010,""charging"":false,""latch"":true,""pi_status"":""ready"",""uptime_s"":5113}"
2026-06-25T08:49:31.467278,75.4,24.055,1.177,28.31,0,"{""soc"":75.4,""voltage"":24.055,""current"":1.177,""power"":28.31,""ocv"":24.118,""cell_v"":4.009,""charging"":false,""latch"":true,""pi_status"":""ready"",""uptime_s"":5118}"
2026-06-25T08:49:36.571588,75.4,24.051,1.385,33.3,0,"{""soc"":75.4,""voltage"":24.051,""current"":1.385,""power"":33.30,""ocv"":24.126,""cell_v"":4.009,""charging"":false,""latch"":true,""pi_status"":""ready"",""uptime_s"":5123}"
2026-06-25T08:49:41.606305,75.4,24.054,0.602,14.51,0,"{""soc"":75.4,""voltage"":24.054,""current"":0.602,""power"":14.51,""ocv"":24.086,""cell_v"":4.009,""charging"":false,""latch"":true,""pi_status"":""ready"",""uptime_s"":5128}"
2026-06-25T08:49:46.494221,75.3,24.059,0.642,15.45,0,"{""soc"":75.3,""voltage"":24.059,""current"":0.642,""power"":15.45,""ocv"":24.094,""cell_v"":4.010,""charging"":false,""latch"":true,""pi_status"":""ready"",""uptime_s"":5133}"
2026-06-25T08:49:51.431108,75.3,24.062,0.701,16.89,0,"{""soc"":75.3,""voltage"":24.062,""current"":0.701,""power"":16.89,""ocv"":24.100,""cell_v"":4.010,""charging"":false,""latch"":true,""pi_status"":""ready"",""uptime_s"":5138}"
2026-06-25T08:49:56.559872,75.3,24.063,0.721,17.33,0,"{""soc"":75.3,""voltage"":24.063,""current"":0.721,""power"":17.33,""ocv"":24.102,""cell_v"":4.010,""charging"":false,""latch"":true,""pi_status"":""ready"",""uptime_s"":5143}"
2026-06-25T08:50:01.463238,75.3,24.063,0.806,19.39,0,"{""soc"":75.3,""voltage"":24.063,""current"":0.806,""power"":19.39,""ocv"":24.107,""cell_v"":4.011,""charging"":false,""latch"":true,""pi_status"":""ready"",""uptime_s"":5148}"
2026-06-25T08:50:06.483807,75.2,24.062,0.847,20.35,0,"{""soc"":75.2,""voltage"":24.062,""current"":0.847,""power"":20.35,""ocv"":24.108,""cell_v"":4.010,""charging"":false,""latch"":true,""pi_status"":""ready"",""uptime_s"":5153}"
2026-06-25T08:50:11.805744,75.2,24.065,0.542,13.05,0,"{""soc"":75.2,""voltage"":24.065,""current"":0.542,""power"":13.05,""ocv"":24.095,""cell_v"":4.011,""charging"":false,""latch"":true,""pi_status"":""ready"",""uptime_s"":5158}"
2026-06-25T08:50:16.635427,75.2,24.068,0.554,13.34,0,"{""soc"":75.2,""voltage"":24.068,""current"":0.554,""power"":13.34,""ocv"":24.098,""cell_v"":4.011,""charging"":false,""latch"":true,""pi_status"":""ready"",""uptime_s"":5163}"
2026-06-25T08:50:21.940403,75.2,24.071,0.438,10.55,0,"{""soc"":75.2,""voltage"":24.071,""current"":0.438,""power"":10.55,""ocv"":24.094,""cell_v"":4.012,""charging"":false,""latch"":true,""pi_status"":""ready"",""uptime_s"":5168}"
2026-06-25T08:50:26.736882,74.8,24.073,0.486,11.7,0,"{""soc"":74.8,""voltage"":24.073,""current"":0.486,""power"":11.70,""ocv"":24.099,""cell_v"":4.012,""charging"":false,""latch"":true,""pi_status"":""ready"",""uptime_s"":5173}"
2026-06-25T08:50:31.473070,74.8,24.074,0.602,14.51,0,"{""soc"":74.8,""voltage"":24.074,""current"":0.602,""power"":14.51,""ocv"":24.106,""cell_v"":4.012,""charging"":false,""latch"":true,""pi_status"":""ready"",""uptime_s"":5178}"
2026-06-25T08:50:36.794845,74.7,24.072,0.773,18.59,0,"{""soc"":74.7,""voltage"":24.072,""current"":0.773,""power"":18.59,""ocv"":24.114,""cell_v"":4.012,""charging"":false,""latch"":true,""pi_status"":""ready"",""uptime_s"":5183}"
2026-06-25T08:50:41.496208,74.7,24.071,0.69,16.64,0,"{""soc"":74.7,""voltage"":24.071,""current"":0.690,""power"":16.64,""ocv"":24.108,""cell_v"":4.012,""charging"":false,""latch"":true,""pi_status"":""ready"",""uptime_s"":5188}"
2026-06-25T08:50:46.526144,74.7,24.069,0.888,21.33,0,"{""soc"":74.7,""voltage"":24.069,""current"":0.888,""power"":21.33,""ocv"":24.117,""cell_v"":4.012,""charging"":false,""latch"":true,""pi_status"":""ready"",""uptime_s"":5193}"
2026-06-25T08:50:51.553609,74.7,24.062,1.441,34.61,0,"{""soc"":74.7,""voltage"":24.062,""current"":1.441,""power"":34.61,""ocv"":24.139,""cell_v"":4.010,""charging"":false,""latch"":true,""pi_status"":""ready"",""uptime_s"":5198}"
2026-06-25T08:50:56.466336,74.6,24.054,1.165,27.99,0,"{""soc"":74.6,""voltage"":24.054,""current"":1.165,""power"":27.99,""ocv"":24.116,""cell_v"":4.009,""charging"":false,""latch"":true,""pi_status"":""ready"",""uptime_s"":5203}"
2026-06-25T08:51:01.467167,74.6,24.046,1.259,30.24,0,"{""soc"":74.6,""voltage"":24.046,""current"":1.259,""power"":30.24,""ocv"":24.114,""cell_v"":4.008,""charging"":false,""latch"":true,""pi_status"":""ready"",""uptime_s"":5208}"
2026-06-25T08:51:06.504294,74.6,24.04,0.893,21.45,0,"{""soc"":74.6,""voltage"":24.040,""current"":0.893,""power"":21.45,""ocv"":24.088,""cell_v"":4.007,""charging"":false,""latch"":true,""pi_status"":""ready"",""uptime_s"":5213}"
2026-06-25T08:51:11.502028,74.5,24.04,0.619,14.9,0,"{""soc"":74.5,""voltage"":24.040,""current"":0.619,""power"":14.90,""ocv"":24.074,""cell_v"":4.007,""charging"":false,""latch"":true,""pi_status"":""ready"",""uptime_s"":5218}"
2026-06-25T08:51:16.623390,74.5,24.043,0.665,16.0,0,"{""soc"":74.5,""voltage"":24.043,""current"":0.665,""power"":16.00,""ocv"":24.079,""cell_v"":4.007,""charging"":false,""latch"":true,""pi_status"":""ready"",""uptime_s"":5223}"
2026-06-25T08:51:21.546850,74.5,24.045,0.72,17.3,0,"{""soc"":74.5,""voltage"":24.045,""current"":0.720,""power"":17.30,""ocv"":24.083,""cell_v"":4.007,""charging"":false,""latch"":true,""pi_status"":""ready"",""uptime_s"":5228}"
2026-06-25T08:51:26.554996,74.5,24.045,0.786,18.88,0,"{""soc"":74.5,""voltage"":24.045,""current"":0.786,""power"":18.88,""ocv"":24.087,""cell_v"":4.007,""charging"":false,""latch"":true,""pi_status"":""ready"",""uptime_s"":5233}"
2026-06-25T08:51:31.486745,74.4,24.044,0.82,19.73,0,"{""soc"":74.4,""voltage"":24.044,""current"":0.820,""power"":19.73,""ocv"":24.088,""cell_v"":4.007,""charging"":false,""latch"":true,""pi_status"":""ready"",""uptime_s"":5238}"
2026-06-25T08:51:36.508197,74.4,24.042,0.83,19.98,0,"{""soc"":74.4,""voltage"":24.042,""current"":0.830,""power"":19.98,""ocv"":24.087,""cell_v"":4.007,""charging"":false,""latch"":true,""pi_status"":""ready"",""uptime_s"":5243}"
2026-06-25T08:51:41.628752,74.4,24.041,0.829,19.91,0,"{""soc"":74.4,""voltage"":24.041,""current"":0.829,""power"":19.91,""ocv"":24.086,""cell_v"":4.007,""charging"":false,""latch"":true,""pi_status"":""ready"",""uptime_s"":5248}"
2026-06-25T08:51:46.746175,74.4,24.04,0.829,19.94,0,"{""soc"":74.4,""voltage"":24.040,""current"":0.829,""power"":19.94,""ocv"":24.084,""cell_v"":4.007,""charging"":false,""latch"":true,""pi_status"":""ready"",""uptime_s"":5253}"
2026-06-25T08:51:51.872428,74.3,24.038,0.831,19.98,0,"{""soc"":74.3,""voltage"":24.038,""current"":0.831,""power"":19.98,""ocv"":24.082,""cell_v"":4.006,""charging"":false,""latch"":true,""pi_status"":""ready"",""uptime_s"":5258}"
2026-06-25T08:51:56.561608,74.3,24.036,0.827,19.87,0,"{""soc"":74.3,""voltage"":24.036,""current"":0.827,""power"":19.87,""ocv"":24.081,""cell_v"":4.006,""charging"":false,""latch"":true,""pi_status"":""ready"",""uptime_s"":5263}"
2026-06-25T08:52:01.579652,74.3,24.035,0.857,20.6,0,"{""soc"":74.3,""voltage"":24.035,""current"":0.857,""power"":20.60,""ocv"":24.081,""cell_v"":4.006,""charging"":false,""latch"":true,""pi_status"":""ready"",""uptime_s"":5268}"
2026-06-25T08:52:06.587563,74.3,24.034,0.841,20.23,0,"{""soc"":74.3,""voltage"":24.034,""current"":0.841,""power"":20.23,""ocv"":24.079,""cell_v"":4.006,""charging"":false,""latch"":true,""pi_status"":""ready"",""uptime_s"":5273}"
2026-06-25T08:52:11.513087,74.2,24.032,0.827,19.87,0,"{""soc"":74.2,""voltage"":24.032,""current"":0.827,""power"":19.87,""ocv"":24.077,""cell_v"":4.005,""charging"":false,""latch"":true,""pi_status"":""ready"",""uptime_s"":5278}"
2026-06-25T08:52:16.536348,74.2,24.03,0.897,21.56,0,"{""soc"":74.2,""voltage"":24.030,""current"":0.897,""power"":21.56,""ocv"":24.079,""cell_v"":4.005,""charging"":false,""latch"":true,""pi_status"":""ready"",""uptime_s"":5283}"
2026-06-25T08:52:21.542079,74.2,24.029,0.829,19.91,0,"{""soc"":74.2,""voltage"":24.029,""current"":0.829,""power"":19.91,""ocv"":24.073,""cell_v"":4.005,""charging"":false,""latch"":true,""pi_status"":""ready"",""uptime_s"":5288}"
2026-06-25T08:52:26.577918,74.2,24.027,0.821,19.73,0,"{""soc"":74.2,""voltage"":24.027,""current"":0.821,""power"":19.73,""ocv"":24.072,""cell_v"":4.005,""charging"":false,""latch"":true,""pi_status"":""ready"",""uptime_s"":5293}"
2026-06-25T08:52:31.578641,74.1,24.028,0.608,14.63,0,"{""soc"":74.1,""voltage"":24.028,""current"":0.608,""power"":14.63,""ocv"":24.060,""cell_v"":4.005,""charging"":false,""latch"":true,""pi_status"":""ready"",""uptime_s"":5298}"
2026-06-25T08:52:36.616889,74.1,24.029,0.623,14.97,0,"{""soc"":74.1,""voltage"":24.029,""current"":0.623,""power"":14.97,""ocv"":24.062,""cell_v"":4.005,""charging"":false,""latch"":true,""pi_status"":""ready"",""uptime_s"":5303}"
2026-06-25T08:52:41.597916,74.1,24.03,0.641,15.43,0,"{""soc"":74.1,""voltage"":24.030,""current"":0.641,""power"":15.43,""ocv"":24.064,""cell_v"":4.005,""charging"":false,""latch"":true,""pi_status"":""ready"",""uptime_s"":5308}"
2026-06-25T08:52:46.528717,74.1,24.03,0.71,17.07,0,"{""soc"":74.1,""voltage"":24.030,""current"":0.710,""power"":17.07,""ocv"":24.068,""cell_v"":4.005,""charging"":false,""latch"":true,""pi_status"":""ready"",""uptime_s"":5313}"
2026-06-25T08:52:51.541886,74.1,24.028,0.839,20.14,0,"{""soc"":74.1,""voltage"":24.028,""current"":0.839,""power"":20.14,""ocv"":24.073,""cell_v"":4.005,""charging"":false,""latch"":true,""pi_status"":""ready"",""uptime_s"":5318}"
2026-06-25T08:52:56.556226,74.0,24.025,0.831,19.98,0,"{""soc"":74.0,""voltage"":24.025,""current"":0.831,""power"":19.98,""ocv"":24.070,""cell_v"":4.004,""charging"":false,""latch"":true,""pi_status"":""ready"",""uptime_s"":5323}"
2026-06-25T08:53:01.573732,74.0,24.023,0.831,19.96,0,"{""soc"":74.0,""voltage"":24.023,""current"":0.831,""power"":19.96,""ocv"":24.068,""cell_v"":4.004,""charging"":false,""latch"":true,""pi_status"":""ready"",""uptime_s"":5328}"
2026-06-25T08:53:06.616348,74.0,24.021,0.834,20.03,0,"{""soc"":74.0,""voltage"":24.021,""current"":0.834,""power"":20.03,""ocv"":24.066,""cell_v"":4.003,""charging"":false,""latch"":true,""pi_status"":""ready"",""uptime_s"":5333}"
2026-06-25T08:53:11.627436,74.0,24.019,0.841,20.21,0,"{""soc"":74.0,""voltage"":24.019,""current"":0.841,""power"":20.21,""ocv"":24.064,""cell_v"":4.003,""charging"":false,""latch"":true,""pi_status"":""ready"",""uptime_s"":5338}"
2026-06-25T08:53:16.549914,74.0,24.02,0.612,14.69,0,"{""soc"":74.0,""voltage"":24.020,""current"":0.612,""power"":14.69,""ocv"":24.053,""cell_v"":4.003,""charging"":false,""latch"":true,""pi_status"":""ready"",""uptime_s"":5343}"
2026-06-25T08:53:21.561060,73.9,24.019,0.677,15.08,0,"{""soc"":73.9,""voltage"":24.019,""current"":0.677,""power"":15.08,""ocv"":24.055,""cell_v"":4.003,""charging"":false,""latch"":true,""pi_status"":""ready"",""uptime_s"":5348}"
2026-06-25T08:53:26.576872,73.9,24.019,0.666,16.0,0,"{""soc"":73.9,""voltage"":24.019,""current"":0.666,""power"":16.00,""ocv"":24.055,""cell_v"":4.003,""charging"":false,""latch"":true,""pi_status"":""ready"",""uptime_s"":5353}"
2026-06-25T08:53:31.580446,73.9,24.018,0.758,18.2,0,"{""soc"":73.9,""voltage"":24.018,""current"":0.758,""power"":18.20,""ocv"":24.059,""cell_v"":4.003,""charging"":false,""latch"":true,""pi_status"":""ready"",""uptime_s"":5358}"
2026-06-25T08:53:36.589091,73.9,24.017,0.72,17.3,0,"{""soc"":73.9,""voltage"":24.017,""current"":0.720,""power"":17.30,""ocv"":24.056,""cell_v"":4.003,""charging"":false,""latch"":true,""pi_status"":""ready"",""uptime_s"":5363}"
2026-06-25T08:53:41.618209,73.9,24.018,0.547,13.16,0,"{""soc"":73.9,""voltage"":24.018,""current"":0.547,""power"":13.16,""ocv"":24.047,""cell_v"":4.003,""charging"":false,""latch"":true,""pi_status"":""ready"",""uptime_s"":5368}"
2026-06-25T08:53:46.623536,73.8,24.018,0.556,13.37,0,"{""soc"":73.8,""voltage"":24.018,""current"":0.556,""power"":13.37,""ocv"":24.048,""cell_v"":4.003,""charging"":false,""latch"":true,""pi_status"":""ready"",""uptime_s"":5373}"
2026-06-25T08:53:51.575077,73.8,24.018,0.579,13.92,0,"{""soc"":73.8,""voltage"":24.018,""current"":0.579,""power"":13.92,""ocv"":24.050,""cell_v"":4.003,""charging"":false,""latch"":true,""pi_status"":""ready"",""uptime_s"":5378}"
2026-06-25T08:53:56.570180,73.8,24.017,0.693,16.64,0,"{""soc"":73.8,""voltage"":24.017,""current"":0.693,""power"":16.64,""ocv"":24.054,""cell_v"":4.003,""charging"":false,""latch"":true,""pi_status"":""ready"",""uptime_s"":5383}"
2026-06-25T08:54:01.604760,73.8,24.015,0.799,19.2,0,"{""soc"":73.8,""voltage"":24.015,""current"":0.799,""power"":19.20,""ocv"":24.058,""cell_v"":4.002,""charging"":false,""latch"":true,""pi_status"":""ready"",""uptime_s"":5388}"
2026-06-25T08:54:06.610056,73.8,24.012,0.842,20.21,0,"{""soc"":73.8,""voltage"":24.012,""current"":0.842,""power"":20.21,""ocv"":24.057,""cell_v"":4.002,""charging"":false,""latch"":true,""pi_status"":""ready"",""uptime_s"":5393}"
2026-06-25T08:54:11.616990,73.7,24.009,0.805,19.32,0,"{""soc"":73.7,""voltage"":24.009,""current"":0.805,""power"":19.32,""ocv"":24.053,""cell_v"":4.002,""charging"":false,""latch"":true,""pi_status"":""ready"",""uptime_s"":5398}"
2026-06-25T08:54:16.666349,73.7,24.008,0.739,17.72,0,"{""soc"":73.7,""voltage"":24.008,""current"":0.739,""power"":17.72,""ocv"":24.048,""cell_v"":4.001,""charging"":false,""latch"":true,""pi_status"":""ready"",""uptime_s"":5403}"
2026-06-25T08:54:21.667143,73.7,24.004,0.947,22.71,0,"{""soc"":73.7,""voltage"":24.004,""current"":0.947,""power"":22.71,""ocv"":24.055,""cell_v"":4.001,""charging"":false,""latch"":true,""pi_status"":""ready"",""uptime_s"":5408}"
2026-06-25T08:54:26.800384,73.7,23.998,0.991,23.76,0,"{""soc"":73.7,""voltage"":23.998,""current"":0.991,""power"":23.76,""ocv"":24.051,""cell_v"":4.000,""charging"":false,""latch"":true,""pi_status"":""ready"",""uptime_s"":5413}"
2026-06-25T08:54:31.611421,73.6,23.993,1.099,26.34,0,"{""soc"":73.6,""voltage"":23.993,""current"":1.099,""power"":26.34,""ocv"":24.052,""cell_v"":3.999,""charging"":false,""latch"":true,""pi_status"":""ready"",""uptime_s"":5418}"
2026-06-25T08:54:36.626129,73.6,23.99,1.122,26.89,0,"{""soc"":73.6,""voltage"":23.990,""current"":1.122,""power"":26.89,""ocv"":24.051,""cell_v"":3.998,""charging"":false,""latch"":true,""pi_status"":""ready"",""uptime_s"":5423}"
2026-06-25T08:54:41.613600,73.6,23.987,1.01,24.19,0,"{""soc"":73.6,""voltage"":23.987,""current"":1.010,""power"":24.19,""ocv"":24.041,""cell_v"":3.998,""charging"":false,""latch"":true,""pi_status"":""ready"",""uptime_s"":5428}"
2026-06-25T08:54:46.633638,73.5,23.985,0.956,22.91,0,"{""soc"":73.5,""voltage"":23.985,""current"":0.956,""power"":22.91,""ocv"":24.036,""cell_v"":3.997,""charging"":false,""latch"":true,""pi_status"":""ready"",""uptime_s"":5433}"
2026-06-25T08:54:51.646764,73.5,23.982,0.979,23.48,0,"{""soc"":73.5,""voltage"":23.982,""current"":0.979,""power"":23.48,""ocv"":24.035,""cell_v"":3.997,""charging"":false,""latch"":true,""pi_status"":""ready"",""uptime_s"":5438}"
2026-06-25T08:54:56.591185,73.5,23.98,0.951,22.82,0,"{""soc"":73.5,""voltage"":23.980,""current"":0.951,""power"":22.82,""ocv"":24.031,""cell_v"":3.997,""charging"":false,""latch"":true,""pi_status"":""ready"",""uptime_s"":5443}"
2026-06-25T08:55:01.593420,73.5,23.979,0.693,16.62,0,"{""soc"":73.5,""voltage"":23.979,""current"":0.693,""power"":16.62,""ocv"":24.016,""cell_v"":3.997,""charging"":false,""latch"":true,""pi_status"":""ready"",""uptime_s"":5448}"
2026-06-25T08:55:06.600150,73.4,23.98,0.679,16.32,0,"{""soc"":73.4,""voltage"":23.980,""current"":0.679,""power"":16.32,""ocv"":24.017,""cell_v"":3.997,""charging"":false,""latch"":true,""pi_status"":""ready"",""uptime_s"":5453}"
2026-06-25T08:55:11.641674,73.4,23.98,0.787,18.88,0,"{""soc"":73.4,""voltage"":23.980,""current"":0.787,""power"":18.88,""ocv"":24.023,""cell_v"":3.997,""charging"":false,""latch"":true,""pi_status"":""ready"",""uptime_s"":5458}"
2026-06-25T08:55:16.651419,73.4,23.981,0.542,12.98,0,"{""soc"":73.4,""voltage"":23.981,""current"":0.542,""power"":12.98,""ocv"":24.010,""cell_v"":3.997,""charging"":false,""latch"":true,""pi_status"":""ready"",""uptime_s"":5463}"
2026-06-25T08:55:21.678390,73.4,23.983,0.558,13.39,0,"{""soc"":73.4,""voltage"":23.983,""current"":0.558,""power"":13.39,""ocv"":24.013,""cell_v"":3.997,""charging"":false,""latch"":true,""pi_status"":""ready"",""uptime_s"":5468}"
2026-06-25T08:55:26.602118,73.4,23.986,0.547,13.11,0,"{""soc"":73.4,""voltage"":23.986,""current"":0.547,""power"":13.11,""ocv"":24.015,""cell_v"":3.998,""charging"":false,""latch"":true,""pi_status"":""ready"",""uptime_s"":5473}"
2026-06-25T08:55:31.623885,73.3,23.987,0.542,12.98,0,"{""soc"":73.3,""voltage"":23.987,""current"":0.542,""power"":12.98,""ocv"":24.016,""cell_v"":3.998,""charging"":false,""latch"":true,""pi_status"":""ready"",""uptime_s"":5478}"
2026-06-25T08:55:36.614374,73.3,23.989,0.543,13.0,0,"{""soc"":73.3,""voltage"":23.989,""current"":0.543,""power"":13.00,""ocv"":24.018,""cell_v"":3.998,""charging"":false,""latch"":true,""pi_status"":""ready"",""uptime_s"":5483}"
2026-06-25T08:55:41.658439,73.3,23.983,1.012,24.24,0,"{""soc"":73.3,""voltage"":23.983,""current"":1.012,""power"":24.24,""ocv"":24.037,""cell_v"":3.997,""charging"":false,""latch"":true,""pi_status"":""ready"",""uptime_s"":5488}"
2026-06-25T08:55:46.669330,73.3,23.981,0.74,17.72,0,"{""soc"":73.3,""voltage"":23.981,""current"":0.740,""power"":17.72,""ocv"":24.021,""cell_v"":3.997,""charging"":false,""latch"":true,""pi_status"":""ready"",""uptime_s"":5493}"
2026-06-25T08:55:51.694002,73.2,23.981,0.552,13.25,0,"{""soc"":73.2,""voltage"":23.981,""current"":0.552,""power"":13.25,""ocv"":24.011,""cell_v"":3.997,""charging"":false,""latch"":true,""pi_status"":""ready"",""uptime_s"":5498}"
2026-06-25T08:55:56.692925,73.2,23.983,0.676,16.2,0,"{""soc"":73.2,""voltage"":23.983,""current"":0.676,""power"":16.20,""ocv"":24.019,""cell_v"":3.997,""charging"":false,""latch"":true,""pi_status"":""ready"",""uptime_s"":5503}"
2026-06-25T08:56:01.698950,73.2,23.98,0.845,20.26,0,"{""soc"":73.2,""voltage"":23.980,""current"":0.845,""power"":20.26,""ocv"":24.026,""cell_v"":3.997,""charging"":false,""latch"":true,""pi_status"":""ready"",""uptime_s"":5508}"
2026-06-25T08:56:06.635273,73.2,23.977,0.753,18.06,0,"{""soc"":73.2,""voltage"":23.977,""current"":0.753,""power"":18.06,""ocv"":24.017,""cell_v"":3.996,""charging"":false,""latch"":true,""pi_status"":""ready"",""uptime_s"":5513}"
2026-06-25T08:56:11.651971,73.2,23.972,0.933,22.34,0,"{""soc"":73.2,""voltage"":23.972,""current"":0.933,""power"":22.34,""ocv"":24.022,""cell_v"":3.995,""charging"":false,""latch"":true,""pi_status"":""ready"",""uptime_s"":5518}"
2026-06-25T08:56:16.654492,73.1,23.97,0.747,17.9,0,"{""soc"":73.1,""voltage"":23.970,""current"":0.747,""power"":17.90,""ocv"":24.010,""cell_v"":3.995,""charging"":false,""latch"":true,""pi_status"":""ready"",""uptime_s"":5523}"
2026-06-25T08:56:21.682737,73.1,23.971,0.66,15.82,0,"{""soc"":73.1,""voltage"":23.971,""current"":0.660,""power"":15.82,""ocv"":24.006,""cell_v"":3.995,""charging"":false,""latch"":true,""pi_status"":""ready"",""uptime_s"":5528}"
2026-06-25T08:56:26.718252,73.1,23.969,0.797,19.09,0,"{""soc"":73.1,""voltage"":23.969,""current"":0.797,""power"":19.09,""ocv"":24.011,""cell_v"":3.995,""charging"":false,""latch"":true,""pi_status"":""ready"",""uptime_s"":5533}"
2026-06-25T08:56:31.703473,73.1,23.965,0.782,18.72,0,"{""soc"":73.1,""voltage"":23.965,""current"":0.782,""power"":18.72,""ocv"":24.007,""cell_v"":3.994,""charging"":false,""latch"":true,""pi_status"":""ready"",""uptime_s"":5538}"
2026-06-25T08:56:36.721494,73.0,23.964,0.773,18.52,0,"{""soc"":73.0,""voltage"":23.964,""current"":0.773,""power"":18.52,""ocv"":24.005,""cell_v"":3.994,""charging"":false,""latch"":true,""pi_status"":""ready"",""uptime_s"":5543}"
2026-06-25T08:56:41.658084,73.0,23.962,0.773,18.49,0,"{""soc"":73.0,""voltage"":23.962,""current"":0.773,""power"":18.49,""ocv"":24.004,""cell_v"":3.994,""charging"":false,""latch"":true,""pi_status"":""ready"",""uptime_s"":5548}"
2026-06-25T08:56:46.678044,73.0,23.966,0.388,9.29,0,"{""soc"":73.0,""voltage"":23.966,""current"":0.388,""power"":9.29,""ocv"":23.987,""cell_v"":3.994,""charging"":false,""latch"":true,""pi_status"":""offline"",""uptime_s"":5553}"
2026-06-25T08:56:51.696859,73.0,23.969,0.466,11.17,0,"{""soc"":73.0,""voltage"":23.969,""current"":0.466,""power"":11.17,""ocv"":23.994,""cell_v"":3.995,""charging"":false,""latch"":true,""pi_status"":""starting"",""uptime_s"":5558}"
2026-06-25T08:56:56.714934,72.5,23.971,0.445,10.67,0,"{""soc"":72.5,""voltage"":23.971,""current"":0.445,""power"":10.67,""ocv"":23.995,""cell_v"":3.995,""charging"":false,""latch"":true,""pi_status"":""starting"",""uptime_s"":5563}"
2026-06-25T08:57:01.817758,72.5,23.971,0.446,10.69,0,"{""soc"":72.5,""voltage"":23.971,""current"":0.446,""power"":10.69,""ocv"":23.995,""cell_v"":3.995,""charging"":false,""latch"":true,""pi_status"":""starting"",""uptime_s"":5568}"
2026-06-25T08:57:06.753766,72.1,23.972,0.639,15.31,0,"{""soc"":72.1,""voltage"":23.972,""current"":0.639,""power"":15.31,""ocv"":24.006,""cell_v"":3.995,""charging"":false,""latch"":true,""pi_status"":""starting"",""uptime_s"":5573}"
2026-06-25T08:57:11.740983,72.0,23.972,0.445,10.67,0,"{""soc"":72.0,""voltage"":23.972,""current"":0.445,""power"":10.67,""ocv"":23.996,""cell_v"":3.995,""charging"":false,""latch"":true,""pi_status"":""starting"",""uptime_s"":5578}"
2026-06-25T08:57:16.674179,72.0,23.972,0.558,13.39,0,"{""soc"":72.0,""voltage"":23.972,""current"":0.558,""power"":13.39,""ocv"":24.002,""cell_v"":3.995,""charging"":false,""latch"":true,""pi_status"":""starting"",""uptime_s"":5583}"
2026-06-25T08:57:21.689919,72.0,23.971,0.463,11.1,0,"{""soc"":72.0,""voltage"":23.971,""current"":0.463,""power"":11.10,""ocv"":23.996,""cell_v"":3.995,""charging"":false,""latch"":true,""pi_status"":""ready"",""uptime_s"":5588}"
2026-06-25T08:57:26.688821,72.0,23.97,0.567,13.57,0,"{""soc"":72.0,""voltage"":23.970,""current"":0.567,""power"":13.57,""ocv"":24.001,""cell_v"":3.995,""charging"":false,""latch"":true,""pi_status"":""ready"",""uptime_s"":5593}"
2026-06-25T08:57:31.909774,72.0,23.969,0.469,11.22,0,"{""soc"":72.0,""voltage"":23.969,""current"":0.469,""power"":11.22,""ocv"":23.995,""cell_v"":3.995,""charging"":false,""latch"":true,""pi_status"":""ready"",""uptime_s"":5598}"
2026-06-25T08:57:36.737142,72.0,23.97,0.448,10.73,0,"{""soc"":72.0,""voltage"":23.970,""current"":0.448,""power"":10.73,""ocv"":23.994,""cell_v"":3.995,""charging"":false,""latch"":true,""pi_status"":""ready"",""uptime_s"":5603}"
2026-06-25T08:57:41.763750,71.6,23.97,0.516,12.41,0,"{""soc"":71.6,""voltage"":23.970,""current"":0.516,""power"":12.41,""ocv"":23.998,""cell_v"":3.995,""charging"":false,""latch"":true,""pi_status"":""ready"",""uptime_s"":5608}"
2026-06-25T08:57:46.754626,71.6,23.971,0.467,11.19,0,"{""soc"":71.6,""voltage"":23.971,""current"":0.467,""power"":11.19,""ocv"":23.996,""cell_v"":3.995,""charging"":false,""latch"":true,""pi_status"":""ready"",""uptime_s"":5613}"
2026-06-25T08:57:51.880191,71.6,23.971,0.463,11.08,0,"{""soc"":71.6,""voltage"":23.971,""current"":0.463,""power"":11.08,""ocv"":23.996,""cell_v"":3.995,""charging"":false,""latch"":true,""pi_status"":""ready"",""uptime_s"":5618}"
2026-06-25T08:57:56.712477,71.6,23.97,0.461,11.08,0,"{""soc"":71.6,""voltage"":23.970,""current"":0.461,""power"":11.08,""ocv"":23.995,""cell_v"":3.995,""charging"":false,""latch"":true,""pi_status"":""ready"",""uptime_s"":5623}"
2026-06-25T08:58:02.114473,71.5,23.97,0.446,10.69,0,"{""soc"":71.5,""voltage"":23.970,""current"":0.446,""power"":10.69,""ocv"":23.994,""cell_v"":3.995,""charging"":false,""latch"":true,""pi_status"":""ready"",""uptime_s"":5628}"
2026-06-25T08:58:06.842711,71.5,23.97,0.457,10.94,0,"{""soc"":71.5,""voltage"":23.970,""current"":0.457,""power"":10.94,""ocv"":23.994,""cell_v"":3.995,""charging"":false,""latch"":true,""pi_status"":""ready"",""uptime_s"":5633}"
2026-06-25T08:58:11.869797,71.5,23.97,0.456,10.92,0,"{""soc"":71.5,""voltage"":23.970,""current"":0.456,""power"":10.92,""ocv"":23.994,""cell_v"":3.995,""charging"":false,""latch"":true,""pi_status"":""ready"",""uptime_s"":5638}"
2026-06-25T08:58:16.756272,71.5,23.97,0.438,10.51,0,"{""soc"":71.5,""voltage"":23.970,""current"":0.438,""power"":10.51,""ocv"":23.993,""cell_v"":3.995,""charging"":false,""latch"":true,""pi_status"":""ready"",""uptime_s"":5643}"
2026-06-25T08:58:21.707402,71.5,23.969,0.446,10.69,0,"{""soc"":71.5,""voltage"":23.969,""current"":0.446,""power"":10.69,""ocv"":23.993,""cell_v"":3.995,""charging"":false,""latch"":true,""pi_status"":""ready"",""uptime_s"":5648}"
2026-06-25T08:58:28.338593,71.5,23.968,0.469,11.26,0,"{""soc"":71.5,""voltage"":23.968,""current"":0.469,""power"":11.26,""ocv"":23.993,""cell_v"":3.995,""charging"":false,""latch"":true,""pi_status"":""ready"",""uptime_s"":5653}"
2026-06-25T08:58:31.726810,71.5,23.966,0.444,10.64,0,"{""soc"":71.5,""voltage"":23.966,""current"":0.444,""power"":10.64,""ocv"":23.990,""cell_v"":3.994,""charging"":false,""latch"":true,""pi_status"":""ready"",""uptime_s"":5658}"
2026-06-25T08:58:36.759144,71.1,23.966,0.443,10.62,0,"{""soc"":71.1,""voltage"":23.966,""current"":0.443,""power"":10.62,""ocv"":23.990,""cell_v"":3.994,""charging"":false,""latch"":true,""pi_status"":""ready"",""uptime_s"":5663}"
2026-06-25T08:58:42.186449,71.1,23.966,0.455,10.89,0,"{""soc"":71.1,""voltage"":23.966,""current"":0.455,""power"":10.89,""ocv"":23.990,""cell_v"":3.994,""charging"":false,""latch"":true,""pi_status"":""ready"",""uptime_s"":5668}"
2026-06-25T08:58:46.777998,71.1,23.963,0.602,14.42,0,"{""soc"":71.1,""voltage"":23.963,""current"":0.602,""power"":14.42,""ocv"":23.995,""cell_v"":3.994,""charging"":false,""latch"":true,""pi_status"":""ready"",""uptime_s"":5673}"
2026-06-25T08:58:51.777464,71.1,23.96,0.761,18.22,0,"{""soc"":71.1,""voltage"":23.960,""current"":0.761,""power"":18.22,""ocv"":24.001,""cell_v"":3.993,""charging"":false,""latch"":true,""pi_status"":""ready"",""uptime_s"":5678}"
2026-06-25T08:58:56.720503,71.1,23.955,0.794,19.0,0,"{""soc"":71.1,""voltage"":23.955,""current"":0.794,""power"":19.00,""ocv"":23.998,""cell_v"":3.992,""charging"":false,""latch"":true,""pi_status"":""ready"",""uptime_s"":5683}"
2026-06-25T08:59:01.741240,71.0,23.95,0.858,20.51,0,"{""soc"":71.0,""voltage"":23.950,""current"":0.858,""power"":20.51,""ocv"":23.996,""cell_v"":3.992,""charging"":false,""latch"":true,""pi_status"":""ready"",""uptime_s"":5688}"
2026-06-25T08:59:06.746859,71.0,23.944,1.19,28.47,0,"{""soc"":71.0,""voltage"":23.944,""current"":1.190,""power"":28.47,""ocv"":24.008,""cell_v"":3.991,""charging"":false,""latch"":true,""pi_status"":""ready"",""uptime_s"":5693}"
2026-06-25T08:59:11.777378,71.0,23.934,1.313,31.38,0,"{""soc"":71.0,""voltage"":23.934,""current"":1.313,""power"":31.38,""ocv"":24.004,""cell_v"":3.989,""charging"":false,""latch"":true,""pi_status"":""ready"",""uptime_s"":5698}"
2026-06-25T08:59:17.092438,70.9,23.926,1.616,38.59,0,"{""soc"":70.9,""voltage"":23.926,""current"":1.616,""power"":38.59,""ocv"":24.013,""cell_v"":3.988,""charging"":false,""latch"":true,""pi_status"":""ready"",""uptime_s"":5703}"
2026-06-25T08:59:21.792120,70.9,23.919,1.304,31.15,0,"{""soc"":70.9,""voltage"":23.919,""current"":1.304,""power"":31.15,""ocv"":23.989,""cell_v"":3.987,""charging"":false,""latch"":true,""pi_status"":""ready"",""uptime_s"":5708}"
2026-06-25T08:59:26.811411,70.8,23.912,1.959,46.74,0,"{""soc"":70.8,""voltage"":23.912,""current"":1.959,""power"":46.74,""ocv"":24.017,""cell_v"":3.985,""charging"":false,""latch"":true,""pi_status"":""ready"",""uptime_s"":5713}"
2026-06-25T08:59:31.754614,70.8,23.908,1.115,26.66,0,"{""soc"":70.8,""voltage"":23.908,""current"":1.115,""power"":26.66,""ocv"":23.968,""cell_v"":3.985,""charging"":false,""latch"":true,""pi_status"":""ready"",""uptime_s"":5718}"
2026-06-25T08:59:36.765876,70.8,23.903,0.756,18.08,0,"{""soc"":70.8,""voltage"":23.903,""current"":0.756,""power"":18.08,""ocv"":23.944,""cell_v"":3.984,""charging"":false,""latch"":true,""pi_status"":""ready"",""uptime_s"":5723}"
2026-06-25T08:59:41.883688,70.8,23.906,0.802,19.16,0,"{""soc"":70.8,""voltage"":23.906,""current"":0.802,""power"":19.16,""ocv"":23.949,""cell_v"":3.984,""charging"":false,""latch"":true,""pi_status"":""ready"",""uptime_s"":5728}"
2026-06-25T08:59:47.092623,70.7,23.907,0.85,20.32,0,"{""soc"":70.7,""voltage"":23.907,""current"":0.850,""power"":20.32,""ocv"":23.952,""cell_v"":3.984,""charging"":false,""latch"":true,""pi_status"":""ready"",""uptime_s"":5733}"
2026-06-25T08:59:51.921074,70.7,23.908,0.842,20.14,0,"{""soc"":70.7,""voltage"":23.908,""current"":0.842,""power"":20.14,""ocv"":23.953,""cell_v"":3.985,""charging"":false,""latch"":true,""pi_status"":""ready"",""uptime_s"":5738}"
2026-06-25T08:59:56.840686,70.7,23.906,0.636,15.22,0,"{""soc"":70.7,""voltage"":23.906,""current"":0.636,""power"":15.22,""ocv"":23.941,""cell_v"":3.984,""charging"":false,""latch"":true,""pi_status"":""ready"",""uptime_s"":5743}"
2026-06-25T09:00:01.852824,70.7,23.908,0.818,19.59,0,"{""soc"":70.7,""voltage"":23.908,""current"":0.818,""power"":19.59,""ocv"":23.952,""cell_v"":3.985,""charging"":false,""latch"":true,""pi_status"":""ready"",""uptime_s"":5748}"
2026-06-25T09:00:06.870131,70.6,23.908,0.808,19.32,0,"{""soc"":70.6,""voltage"":23.908,""current"":0.808,""power"":19.32,""ocv"":23.951,""cell_v"":3.985,""charging"":false,""latch"":true,""pi_status"":""ready"",""uptime_s"":5753}"
2026-06-25T09:00:11.896881,70.6,23.907,0.764,18.29,0,"{""soc"":70.6,""voltage"":23.907,""current"":0.764,""power"":18.29,""ocv"":23.948,""cell_v"":3.985,""charging"":false,""latch"":true,""pi_status"":""ready"",""uptime_s"":5758}"
2026-06-25T09:00:16.797062,70.6,23.908,0.743,17.78,0,"{""soc"":70.6,""voltage"":23.908,""current"":0.743,""power"":17.78,""ocv"":23.948,""cell_v"":3.985,""charging"":false,""latch"":true,""pi_status"":""ready"",""uptime_s"":5763}"
2026-06-25T09:00:22.018887,70.6,23.907,0.888,21.22,0,"{""soc"":70.6,""voltage"":23.907,""current"":0.888,""power"":21.22,""ocv"":23.955,""cell_v"":3.984,""charging"":false,""latch"":true,""pi_status"":""ready"",""uptime_s"":5768}"
2026-06-25T09:00:27.111525,70.5,23.908,0.572,13.66,0,"{""soc"":70.5,""voltage"":23.908,""current"":0.572,""power"":13.66,""ocv"":23.939,""cell_v"":3.985,""charging"":false,""latch"":true,""pi_status"":""ready"",""uptime_s"":5773}"
2026-06-25T09:00:31.838907,70.5,23.911,0.62,14.81,0,"{""soc"":70.5,""voltage"":23.911,""current"":0.620,""power"":14.81,""ocv"":23.944,""cell_v"":3.985,""charging"":false,""latch"":true,""pi_status"":""ready"",""uptime_s"":5778}"
2026-06-25T09:00:36.768260,70.5,23.912,0.69,16.5,0,"{""soc"":70.5,""voltage"":23.912,""current"":0.690,""power"":16.50,""ocv"":23.949,""cell_v"":3.985,""charging"":false,""latch"":true,""pi_status"":""ready"",""uptime_s"":5783}"
2026-06-25T09:00:41.876563,70.5,23.91,0.849,20.28,0,"{""soc"":70.5,""voltage"":23.910,""current"":0.849,""power"":20.28,""ocv"":23.956,""cell_v"":3.985,""charging"":false,""latch"":true,""pi_status"":""ready"",""uptime_s"":5788}"
2026-06-25T09:00:46.815929,70.5,23.907,0.817,19.52,0,"{""soc"":70.5,""voltage"":23.907,""current"":0.817,""power"":19.52,""ocv"":23.951,""cell_v"":3.985,""charging"":false,""latch"":true,""pi_status"":""ready"",""uptime_s"":5793}"
2026-06-25T09:00:51.930854,70.4,23.9,1.435,34.22,0,"{""soc"":70.4,""voltage"":23.900,""current"":1.435,""power"":34.22,""ocv"":23.977,""cell_v"":3.983,""charging"":false,""latch"":true,""pi_status"":""ready"",""uptime_s"":5798}"
2026-06-25T09:00:56.836206,70.4,23.892,1.369,32.64,0,"{""soc"":70.4,""voltage"":23.892,""current"":1.369,""power"":32.64,""ocv"":23.966,""cell_v"":3.982,""charging"":false,""latch"":true,""pi_status"":""ready"",""uptime_s"":5803}"
2026-06-25T09:01:01.853774,70.3,23.885,1.246,29.73,0,"{""soc"":70.3,""voltage"":23.885,""current"":1.246,""power"":29.73,""ocv"":23.952,""cell_v"":3.981,""charging"":false,""latch"":true,""pi_status"":""ready"",""uptime_s"":5808}"
2026-06-25T09:01:06.879422,70.3,23.881,0.943,22.5,0,"{""soc"":70.3,""voltage"":23.881,""current"":0.943,""power"":22.50,""ocv"":23.932,""cell_v"":3.980,""charging"":false,""latch"":true,""pi_status"":""ready"",""uptime_s"":5813}"
2026-06-25T09:01:11.788723,70.3,23.875,1.154,27.53,0,"{""soc"":70.3,""voltage"":23.875,""current"":1.154,""power"":27.53,""ocv"":23.937,""cell_v"":3.979,""charging"":false,""latch"":true,""pi_status"":""ready"",""uptime_s"":5818}"
2026-06-25T09:01:17.115338,70.2,23.87,1.13,26.94,0,"{""soc"":70.2,""voltage"":23.870,""current"":1.130,""power"":26.94,""ocv"":23.931,""cell_v"":3.978,""charging"":false,""latch"":true,""pi_status"":""ready"",""uptime_s"":5823}"
2026-06-25T09:01:21.930629,70.2,23.865,1.206,28.77,0,"{""soc"":70.2,""voltage"":23.865,""current"":1.206,""power"":28.77,""ocv"":23.930,""cell_v"":3.977,""charging"":false,""latch"":true,""pi_status"":""ready"",""uptime_s"":5828}"
2026-06-25T09:01:27.034017,70.2,23.865,0.763,18.45,0,"{""soc"":70.2,""voltage"":23.865,""current"":0.763,""power"":18.45,""ocv"":23.906,""cell_v"":3.978,""charging"":false,""latch"":true,""pi_status"":""ready"",""uptime_s"":5833}"
2026-06-25T09:01:31.844057,70.1,23.868,0.772,18.42,0,"{""soc"":70.1,""voltage"":23.868,""current"":0.772,""power"":18.42,""ocv"":23.910,""cell_v"":3.978,""charging"":false,""latch"":true,""pi_status"":""ready"",""uptime_s"":5838}"
2026-06-25T09:01:37.069819,70.1,23.872,0.647,15.47,0,"{""soc"":70.1,""voltage"":23.872,""current"":0.647,""power"":15.47,""ocv"":23.906,""cell_v"":3.979,""charging"":false,""latch"":true,""pi_status"":""ready"",""uptime_s"":5843}"
2026-06-25T09:01:41.799949,70.1,23.876,0.537,12.84,0,"{""soc"":70.1,""voltage"":23.876,""current"":0.537,""power"":12.84,""ocv"":23.905,""cell_v"":3.979,""charging"":false,""latch"":true,""pi_status"":""ready"",""uptime_s"":5848}"
2026-06-25T09:01:46.904491,70.1,23.88,0.541,12.91,0,"{""soc"":70.1,""voltage"":23.880,""current"":0.541,""power"":12.91,""ocv"":23.909,""cell_v"":3.980,""charging"":false,""latch"":true,""pi_status"":""ready"",""uptime_s"":5853}"
2026-06-25T09:01:51.834724,70.1,23.884,0.542,12.95,0,"{""soc"":70.1,""voltage"":23.884,""current"":0.542,""power"":12.95,""ocv"":23.913,""cell_v"":3.981,""charging"":false,""latch"":true,""pi_status"":""ready"",""uptime_s"":5858}"
2026-06-25T09:01:56.825670,70.0,23.883,0.854,20.39,0,"{""soc"":70.0,""voltage"":23.883,""current"":0.854,""power"":20.39,""ocv"":23.929,""cell_v"":3.981,""charging"":false,""latch"":true,""pi_status"":""ready"",""uptime_s"":5863}"
2026-06-25T09:02:01.849025,70.0,23.881,0.806,19.25,0,"{""soc"":70.0,""voltage"":23.881,""current"":0.806,""power"":19.25,""ocv"":23.925,""cell_v"":3.980,""charging"":false,""latch"":true,""pi_status"":""ready"",""uptime_s"":5868}"
2026-06-25T09:02:06.862892,70.0,23.874,1.333,31.79,0,"{""soc"":70.0,""voltage"":23.874,""current"":1.333,""power"":31.79,""ocv"":23.946,""cell_v"":3.979,""charging"":false,""latch"":true,""pi_status"":""ready"",""uptime_s"":5873}"
2026-06-25T09:02:11.901217,69.9,23.866,1.238,29.53,0,"{""soc"":69.9,""voltage"":23.866,""current"":1.238,""power"":29.53,""ocv"":23.933,""cell_v"":3.978,""charging"":false,""latch"":true,""pi_status"":""ready"",""uptime_s"":5878}"
2026-06-25T09:02:16.914871,69.9,23.859,1.178,28.11,0,"{""soc"":69.9,""voltage"":23.859,""current"":1.178,""power"":28.11,""ocv"":23.922,""cell_v"":3.976,""charging"":false,""latch"":true,""pi_status"":""ready"",""uptime_s"":5883}"
2026-06-25T09:02:21.828055,69.9,23.854,1.109,26.44,0,"{""soc"":69.9,""voltage"":23.854,""current"":1.109,""power"":26.44,""ocv"":23.913,""cell_v"":3.976,""charging"":false,""latch"":true,""pi_status"":""ready"",""uptime_s"":5888}"
2026-06-25T09:02:27.060269,69.8,23.848,1.238,29.48,0,"{""soc"":69.8,""voltage"":23.848,""current"":1.238,""power"":29.48,""ocv"":23.914,""cell_v"":3.975,""charging"":false,""latch"":true,""pi_status"":""ready"",""uptime_s"":5893}"
2026-06-25T09:02:31.870308,69.8,23.843,1.305,31.08,0,"{""soc"":69.8,""voltage"":23.843,""current"":1.305,""power"":31.08,""ocv"":23.913,""cell_v"":3.974,""charging"":false,""latch"":true,""pi_status"":""ready"",""uptime_s"":5898}"
2026-06-25T09:02:36.878671,69.8,23.838,1.006,23.99,0,"{""soc"":69.8,""voltage"":23.838,""current"":1.006,""power"":23.99,""ocv"":23.893,""cell_v"":3.973,""charging"":false,""latch"":true,""pi_status"":""ready"",""uptime_s"":5903}"
2026-06-25T09:02:43.858516,69.7,23.84,0.74,17.65,0,"{""soc"":69.7,""voltage"":23.840,""current"":0.740,""power"":17.65,""ocv"":23.880,""cell_v"":3.973,""charging"":false,""latch"":true,""pi_status"":""ready"",""uptime_s"":5908}"
2026-06-25T09:02:46.905069,69.7,23.842,0.817,19.48,0,"{""soc"":69.7,""voltage"":23.842,""current"":0.817,""power"":19.48,""ocv"":23.885,""cell_v"":3.974,""charging"":false,""latch"":true,""pi_status"":""ready"",""uptime_s"":5913}"
2026-06-25T09:02:52.050562,69.7,23.844,0.586,13.96,0,"{""soc"":69.7,""voltage"":23.844,""current"":0.586,""power"":13.96,""ocv"":23.876,""cell_v"":3.974,""charging"":false,""latch"":true,""pi_status"":""ready"",""uptime_s"":5918}"
2026-06-25T09:02:56.840967,69.7,23.849,0.54,12.89,0,"{""soc"":69.7,""voltage"":23.849,""current"":0.540,""power"":12.89,""ocv"":23.879,""cell_v"":3.975,""charging"":false,""latch"":true,""pi_status"":""ready"",""uptime_s"":5923}"
2026-06-25T09:03:01.960793,69.1,23.854,0.457,10.89,0,"{""soc"":69.1,""voltage"":23.854,""current"":0.457,""power"":10.89,""ocv"":23.878,""cell_v"":3.976,""charging"":false,""latch"":true,""pi_status"":""ready"",""uptime_s"":5928}"
2026-06-25T09:03:06.893243,69.1,23.856,0.707,16.87,0,"{""soc"":69.1,""voltage"":23.856,""current"":0.707,""power"":16.87,""ocv"":23.894,""cell_v"":3.976,""charging"":false,""latch"":true,""pi_status"":""ready"",""uptime_s"":5933}"
2026-06-25T09:03:11.892781,69.1,23.856,0.818,19.52,0,"{""soc"":69.1,""voltage"":23.856,""current"":0.818,""power"":19.52,""ocv"":23.900,""cell_v"":3.976,""charging"":false,""latch"":true,""pi_status"":""ready"",""uptime_s"":5938}"
2026-06-25T09:03:16.927066,69.0,23.85,1.152,27.42,0,"{""soc"":69.0,""voltage"":23.850,""current"":1.152,""power"":27.42,""ocv"":23.912,""cell_v"":3.975,""charging"":false,""latch"":true,""pi_status"":""ready"",""uptime_s"":5943}"
2026-06-25T09:03:21.928546,69.0,23.851,0.442,10.55,0,"{""soc"":69.0,""voltage"":23.851,""current"":0.442,""power"":10.55,""ocv"":23.874,""cell_v"":3.975,""charging"":false,""latch"":true,""pi_status"":""ready"",""uptime_s"":5948}"
2026-06-25T09:03:26.858937,69.0,23.854,0.443,10.57,0,"{""soc"":69.0,""voltage"":23.854,""current"":0.443,""power"":10.57,""ocv"":23.878,""cell_v"":3.976,""charging"":false,""latch"":true,""pi_status"":""ready"",""uptime_s"":5953}"
2026-06-25T09:03:32.088168,69.0,23.852,1.501,35.73,0,"{""soc"":69.0,""voltage"":23.852,""current"":1.501,""power"":35.73,""ocv"":23.933,""cell_v"":3.975,""charging"":false,""latch"":true,""pi_status"":""ready"",""uptime_s"":5958}"
2026-06-25T09:03:36.878315,68.9,23.848,1.372,32.68,0,"{""soc"":68.9,""voltage"":23.848,""current"":1.372,""power"":32.68,""ocv"":23.922,""cell_v"":3.975,""charging"":false,""latch"":true,""pi_status"":""ready"",""uptime_s"":5963}"
2026-06-25T09:03:41.905394,68.9,23.84,1.3,30.94,0,"{""soc"":68.9,""voltage"":23.840,""current"":1.300,""power"":30.94,""ocv"":23.910,""cell_v"":3.973,""charging"":false,""latch"":true,""pi_status"":""ready"",""uptime_s"":5968}"
2026-06-25T09:03:46.919179,68.9,23.833,1.123,26.32,0,"{""soc"":68.9,""voltage"":23.833,""current"":1.123,""power"":26.32,""ocv"":23.894,""cell_v"":3.972,""charging"":false,""latch"":true,""pi_status"":""ready"",""uptime_s"":5973}"
2026-06-25T09:03:52.122437,68.8,23.825,1.429,34.01,0,"{""soc"":68.8,""voltage"":23.825,""current"":1.429,""power"":34.01,""ocv"":23.902,""cell_v"":3.971,""charging"":false,""latch"":true,""pi_status"":""ready"",""uptime_s"":5978}"
2026-06-25T09:03:57.046485,68.8,23.823,0.717,17.07,0,"{""soc"":68.8,""voltage"":23.823,""current"":0.717,""power"":17.07,""ocv"":23.861,""cell_v"":3.970,""charging"":false,""latch"":true,""pi_status"":""ready"",""uptime_s"":5983}"
2026-06-25T09:04:02.183421,68.8,23.825,0.831,19.84,0,"{""soc"":68.8,""voltage"":23.825,""current"":0.831,""power"":19.84,""ocv"":23.870,""cell_v"":3.971,""charging"":false,""latch"":true,""pi_status"":""ready"",""uptime_s"":5988}"
2026-06-25T09:04:07.208215,68.7,23.825,0.927,22.09,0,"{""soc"":68.7,""voltage"":23.825,""current"":0.927,""power"":22.09,""ocv"":23.875,""cell_v"":3.971,""charging"":false,""latch"":true,""pi_status"":""ready"",""uptime_s"":5993}"
2026-06-25T09:04:11.893660,68.7,23.825,0.792,18.86,0,"{""soc"":68.7,""voltage"":23.825,""current"":0.792,""power"":18.86,""ocv"":23.868,""cell_v"":3.971,""charging"":false,""latch"":true,""pi_status"":""ready"",""uptime_s"":5998}"
2026-06-25T09:04:17.104331,68.7,23.829,0.491,11.72,0,"{""soc"":68.7,""voltage"":23.829,""current"":0.491,""power"":11.72,""ocv"":23.855,""cell_v"":3.971,""charging"":false,""latch"":true,""pi_status"":""ready"",""uptime_s"":6003}"
2026-06-25T09:04:21.929614,68.7,23.832,0.67,15.98,0,"{""soc"":68.7,""voltage"":23.832,""current"":0.670,""power"":15.98,""ocv"":23.868,""cell_v"":3.972,""charging"":false,""latch"":true,""pi_status"":""ready"",""uptime_s"":6008}"
2026-06-25T09:04:26.960845,68.7,23.832,0.741,17.65,0,"{""soc"":68.7,""voltage"":23.832,""current"":0.741,""power"":17.65,""ocv"":23.872,""cell_v"":3.972,""charging"":false,""latch"":true,""pi_status"":""ready"",""uptime_s"":6013}"
2026-06-25T09:04:31.989940,68.6,23.832,0.725,17.28,0,"{""soc"":68.6,""voltage"":23.832,""current"":0.725,""power"":17.28,""ocv"":23.871,""cell_v"":3.972,""charging"":false,""latch"":true,""pi_status"":""ready"",""uptime_s"":6018}"
2026-06-25T09:04:36.892547,68.6,23.828,0.938,22.36,0,"{""soc"":68.6,""voltage"":23.828,""current"":0.938,""power"":22.36,""ocv"":23.878,""cell_v"":3.971,""charging"":false,""latch"":true,""pi_status"":""ready"",""uptime_s"":6023}"
2026-06-25T09:04:41.921608,68.6,23.822,0.915,21.77,0,"{""soc"":68.6,""voltage"":23.822,""current"":0.915,""power"":21.77,""ocv"":23.871,""cell_v"":3.970,""charging"":false,""latch"":true,""pi_status"":""ready"",""uptime_s"":6028}"
2026-06-25T09:04:47.107313,68.5,23.818,1.286,30.6,0,"{""soc"":68.5,""voltage"":23.818,""current"":1.286,""power"":30.60,""ocv"":23.887,""cell_v"":3.970,""charging"":false,""latch"":true,""pi_status"":""ready"",""uptime_s"":6033}"
2026-06-25T09:04:52.140045,68.5,23.815,1.064,25.31,0,"{""soc"":68.5,""voltage"":23.815,""current"":1.064,""power"":25.31,""ocv"":23.872,""cell_v"":3.969,""charging"":false,""latch"":true,""pi_status"":""ready"",""uptime_s"":6038}"
2026-06-25T09:04:57.060722,68.5,23.813,0.947,23.19,0,"{""soc"":68.5,""voltage"":23.813,""current"":0.947,""power"":23.19,""ocv"":23.864,""cell_v"":3.969,""charging"":false,""latch"":true,""pi_status"":""ready"",""uptime_s"":6043}"
2026-06-25T09:05:02.175424,68.5,23.81,1.133,26.99,0,"{""soc"":68.5,""voltage"":23.810,""current"":1.133,""power"":26.99,""ocv"":23.871,""cell_v"":3.968,""charging"":false,""latch"":true,""pi_status"":""ready"",""uptime_s"":6048}"
2026-06-25T09:05:06.904275,68.4,23.808,0.991,23.57,0,"{""soc"":68.4,""voltage"":23.808,""current"":0.991,""power"":23.57,""ocv"":23.862,""cell_v"":3.968,""charging"":false,""latch"":true,""pi_status"":""ready"",""uptime_s"":6053}"
2026-06-25T09:05:12.112805,68.4,23.806,0.819,19.52,0,"{""soc"":68.4,""voltage"":23.806,""current"":0.819,""power"":19.52,""ocv"":23.850,""cell_v"":3.968,""charging"":false,""latch"":true,""pi_status"":""ready"",""uptime_s"":6058}"
2026-06-25T09:05:16.931797,68.4,23.804,0.973,23.16,0,"{""soc"":68.4,""voltage"":23.804,""current"":0.973,""power"":23.16,""ocv"":23.856,""cell_v"":3.967,""charging"":false,""latch"":true,""pi_status"":""ready"",""uptime_s"":6063}"
2026-06-25T09:05:21.943910,68.3,23.802,0.95,22.61,0,"{""soc"":68.3,""voltage"":23.802,""current"":0.950,""power"":22.61,""ocv"":23.853,""cell_v"":3.967,""charging"":false,""latch"":true,""pi_status"":""ready"",""uptime_s"":6068}"
2026-06-25T09:05:27.054419,68.3,23.799,1.05,24.99,0,"{""soc"":68.3,""voltage"":23.799,""current"":1.050,""power"":24.99,""ocv"":23.856,""cell_v"":3.967,""charging"":false,""latch"":true,""pi_status"":""ready"",""uptime_s"":6073}"
2026-06-25T09:05:32.308471,68.3,23.797,1.003,23.83,0,"{""soc"":68.3,""voltage"":23.797,""current"":1.003,""power"":23.83,""ocv"":23.851,""cell_v"":3.966,""charging"":false,""latch"":true,""pi_status"":""ready"",""uptime_s"":6078}"
2026-06-25T09:05:37.509218,68.3,23.798,0.621,14.79,0,"{""soc"":68.3,""voltage"":23.798,""current"":0.621,""power"":14.79,""ocv"":23.831,""cell_v"":3.966,""charging"":false,""latch"":true,""pi_status"":""ready"",""uptime_s"":6083}"
2026-06-25T09:05:42.099728,68.2,23.799,0.791,18.81,0,"{""soc"":68.2,""voltage"":23.799,""current"":0.791,""power"":18.81,""ocv"":23.842,""cell_v"":3.967,""charging"":false,""latch"":true,""pi_status"":""ready"",""uptime_s"":6088}"
2026-06-25T09:05:48.867244,68.2,23.801,0.715,17.01,0,"{""soc"":68.2,""voltage"":23.801,""current"":0.715,""power"":17.01,""ocv"":23.840,""cell_v"":3.967,""charging"":false,""latch"":true,""pi_status"":""ready"",""uptime_s"":6093}"
2026-06-25T09:05:51.947359,68.2,23.803,0.644,15.31,0,"{""soc"":68.2,""voltage"":23.803,""current"":0.644,""power"":15.31,""ocv"":23.837,""cell_v"":3.967,""charging"":false,""latch"":true,""pi_status"":""ready"",""uptime_s"":6098}"
2026-06-25T09:05:56.952570,68.2,23.803,0.591,14.08,0,"{""soc"":68.2,""voltage"":23.803,""current"":0.591,""power"":14.08,""ocv"":23.835,""cell_v"":3.967,""charging"":false,""latch"":true,""pi_status"":""ready"",""uptime_s"":6103}"
2026-06-25T09:06:01.972713,68.1,23.805,0.727,17.3,0,"{""soc"":68.1,""voltage"":23.805,""current"":0.727,""power"":17.30,""ocv"":23.844,""cell_v"":3.967,""charging"":false,""latch"":true,""pi_status"":""ready"",""uptime_s"":6108}"
2026-06-25T09:06:06.986186,68.1,23.806,0.673,16.02,0,"{""soc"":68.1,""voltage"":23.806,""current"":0.673,""power"":16.02,""ocv"":23.842,""cell_v"":3.968,""charging"":false,""latch"":true,""pi_status"":""ready"",""uptime_s"":6113}"
2026-06-25T09:06:12.004999,68.1,23.806,0.61,14.51,0,"{""soc"":68.1,""voltage"":23.806,""current"":0.610,""power"":14.51,""ocv"":23.839,""cell_v"":3.968,""charging"":false,""latch"":true,""pi_status"":""ready"",""uptime_s"":6118}"
2026-06-25T09:06:17.142103,68.1,23.806,0.551,13.11,0,"{""soc"":68.1,""voltage"":23.806,""current"":0.551,""power"":13.11,""ocv"":23.835,""cell_v"":3.968,""charging"":false,""latch"":true,""pi_status"":""ready"",""uptime_s"":6123}"
2026-06-25T09:06:22.052273,68.1,23.806,0.744,17.72,0,"{""soc"":68.1,""voltage"":23.806,""current"":0.744,""power"":17.72,""ocv"":23.846,""cell_v"":3.968,""charging"":false,""latch"":true,""pi_status"":""ready"",""uptime_s"":6128}"
2026-06-25T09:06:26.977878,68.1,23.805,0.624,14.85,0,"{""soc"":68.1,""voltage"":23.805,""current"":0.624,""power"":14.85,""ocv"":23.839,""cell_v"":3.968,""charging"":false,""latch"":true,""pi_status"":""ready"",""uptime_s"":6133}"
2026-06-25T09:06:32.319114,68.0,23.804,0.647,15.4,0,"{""soc"":68.0,""voltage"":23.804,""current"":0.647,""power"":15.40,""ocv"":23.839,""cell_v"":3.967,""charging"":false,""latch"":true,""pi_status"":""ready"",""uptime_s"":6138}"
2026-06-25T09:06:37.000788,68.0,23.803,0.701,16.71,0,"{""soc"":68.0,""voltage"":23.803,""current"":0.701,""power"":16.71,""ocv"":23.841,""cell_v"":3.967,""charging"":false,""latch"":true,""pi_status"":""ready"",""uptime_s"":6143}"
2026-06-25T09:06:42.121245,68.0,23.801,0.775,18.42,0,"{""soc"":68.0,""voltage"":23.801,""current"":0.775,""power"":18.42,""ocv"":23.843,""cell_v"":3.967,""charging"":false,""latch"":true,""pi_status"":""ready"",""uptime_s"":6148}"
2026-06-25T09:06:47.169860,68.0,23.799,0.728,17.3,0,"{""soc"":68.0,""voltage"":23.799,""current"":0.728,""power"":17.30,""ocv"":23.838,""cell_v"":3.967,""charging"":false,""latch"":true,""pi_status"":""ready"",""uptime_s"":6153}"
2026-06-25T09:06:51.973876,67.9,23.797,0.759,18.06,0,"{""soc"":67.9,""voltage"":23.797,""current"":0.759,""power"":18.06,""ocv"":23.838,""cell_v"":3.966,""charging"":false,""latch"":true,""pi_status"":""ready"",""uptime_s"":6158}"
2026-06-25T09:06:56.991320,67.9,23.799,0.44,10.48,0,"{""soc"":67.9,""voltage"":23.799,""current"":0.440,""power"":10.48,""ocv"":23.822,""cell_v"":3.966,""charging"":false,""latch"":true,""pi_status"":""ready"",""uptime_s"":6163}"
2026-06-25T09:07:01.989890,67.9,23.794,1.002,23.8,0,"{""soc"":67.9,""voltage"":23.794,""current"":1.002,""power"":23.80,""ocv"":23.848,""cell_v"":3.966,""charging"":false,""latch"":true,""pi_status"":""ready"",""uptime_s"":6168}"
2026-06-25T09:07:07.007255,67.9,23.789,0.851,20.23,0,"{""soc"":67.9,""voltage"":23.789,""current"":0.851,""power"":20.23,""ocv"":23.835,""cell_v"":3.965,""charging"":false,""latch"":true,""pi_status"":""ready"",""uptime_s"":6173}"
2026-06-25T09:07:12.119732,67.8,23.784,1.096,26.05,0,"{""soc"":67.8,""voltage"":23.784,""current"":1.096,""power"":26.05,""ocv"":23.843,""cell_v"":3.964,""charging"":false,""latch"":true,""pi_status"":""ready"",""uptime_s"":6178}"
2026-06-25T09:07:17.251987,67.8,23.781,1.133,26.92,0,"{""soc"":67.8,""voltage"":23.781,""current"":1.133,""power"":26.92,""ocv"":23.842,""cell_v"":3.963,""charging"":false,""latch"":true,""pi_status"":""ready"",""uptime_s"":6183}"
2026-06-25T09:07:22.056371,67.8,23.777,1.053,25.02,0,"{""soc"":67.8,""voltage"":23.777,""current"":1.053,""power"":25.02,""ocv"":23.834,""cell_v"":3.963,""charging"":false,""latch"":true,""pi_status"":""ready"",""uptime_s"":6188}"
2026-06-25T09:07:29.035775,67.8,23.774,0.97,23.03,0,"{""soc"":67.8,""voltage"":23.774,""current"":0.970,""power"":23.03,""ocv"":23.826,""cell_v"":3.962,""charging"":false,""latch"":true,""pi_status"":""ready"",""uptime_s"":6193}"
2026-06-25T09:07:32.014086,67.7,23.77,1.195,28.36,0,"{""soc"":67.7,""voltage"":23.770,""current"":1.195,""power"":28.36,""ocv"":23.834,""cell_v"":3.962,""charging"":false,""latch"":true,""pi_status"":""ready"",""uptime_s"":6198}"
2026-06-25T09:07:37.232787,67.7,23.767,1.13,26.82,0,"{""soc"":67.7,""voltage"":23.767,""current"":1.130,""power"":26.82,""ocv"":23.828,""cell_v"":3.961,""charging"":false,""latch"":true,""pi_status"":""ready"",""uptime_s"":6203}"
2026-06-25T09:07:42.253343,67.7,23.765,0.903,21.45,0,"{""soc"":67.7,""voltage"":23.765,""current"":0.903,""power"":21.45,""ocv"":23.814,""cell_v"":3.961,""charging"":false,""latch"":true,""pi_status"":""ready"",""uptime_s"":6208}"
2026-06-25T09:07:47.243363,67.6,23.763,0.957,22.73,0,"{""soc"":67.6,""voltage"":23.763,""current"":0.957,""power"":22.73,""ocv"":23.814,""cell_v"":3.960,""charging"":false,""latch"":true,""pi_status"":""ready"",""uptime_s"":6213}"
2026-06-25T09:07:52.262650,67.6,23.761,0.979,23.25,0,"{""soc"":67.6,""voltage"":23.761,""current"":0.979,""power"":23.25,""ocv"":23.813,""cell_v"":3.960,""charging"":false,""latch"":true,""pi_status"":""ready"",""uptime_s"":6218}"
2026-06-25T09:07:57.107194,67.6,23.759,1.006,23.92,0,"{""soc"":67.6,""voltage"":23.759,""current"":1.006,""power"":23.92,""ocv"":23.813,""cell_v"":3.960,""charging"":false,""latch"":true,""pi_status"":""ready"",""uptime_s"":6223}"
2026-06-25T09:08:02.102117,67.5,23.757,0.952,22.64,0,"{""soc"":67.5,""voltage"":23.757,""current"":0.952,""power"":22.64,""ocv"":23.808,""cell_v"":3.959,""charging"":false,""latch"":true,""pi_status"":""ready"",""uptime_s"":6228}"
2026-06-25T09:08:07.003924,67.5,23.755,0.987,23.44,0,"{""soc"":67.5,""voltage"":23.755,""current"":0.987,""power"":23.44,""ocv"":23.808,""cell_v"":3.959,""charging"":false,""latch"":true,""pi_status"":""ready"",""uptime_s"":6233}"
2026-06-25T09:08:12.053465,67.5,23.752,0.992,23.55,0,"{""soc"":67.5,""voltage"":23.752,""current"":0.992,""power"":23.55,""ocv"":23.805,""cell_v"":3.959,""charging"":false,""latch"":true,""pi_status"":""ready"",""uptime_s"":6238}"
2026-06-25T09:08:17.056510,67.4,23.75,0.879,20.87,0,"{""soc"":67.4,""voltage"":23.750,""current"":0.879,""power"":20.87,""ocv"":23.798,""cell_v"":3.958,""charging"":false,""latch"":true,""pi_status"":""ready"",""uptime_s"":6243}"
2026-06-25T09:08:22.085027,67.4,23.749,1.098,26.05,0,"{""soc"":67.4,""voltage"":23.749,""current"":1.098,""power"":26.05,""ocv"":23.808,""cell_v"":3.958,""charging"":false,""latch"":true,""pi_status"":""ready"",""uptime_s"":6248}"
2026-06-25T09:08:27.096895,67.4,23.747,1.086,25.77,0,"{""soc"":67.4,""voltage"":23.747,""current"":1.086,""power"":25.77,""ocv"":23.805,""cell_v"":3.958,""charging"":false,""latch"":true,""pi_status"":""ready"",""uptime_s"":6253}"
2026-06-25T09:08:32.216147,67.4,23.744,1.152,27.35,0,"{""soc"":67.4,""voltage"":23.744,""current"":1.152,""power"":27.35,""ocv"":23.806,""cell_v"":3.957,""charging"":false,""latch"":true,""pi_status"":""ready"",""uptime_s"":6258}"
2026-06-25T09:08:37.020853,67.3,23.743,1.009,23.94,0,"{""soc"":67.3,""voltage"":23.743,""current"":1.009,""power"":23.94,""ocv"":23.797,""cell_v"":3.957,""charging"":false,""latch"":true,""pi_status"":""ready"",""uptime_s"":6263}"
2026-06-25T09:08:42.028138,67.3,23.741,1.076,25.52,0,"{""soc"":67.3,""voltage"":23.741,""current"":1.076,""power"":25.52,""ocv"":23.798,""cell_v"":3.957,""charging"":false,""latch"":true,""pi_status"":""ready"",""uptime_s"":6268}"
2026-06-25T09:08:47.047248,67.3,23.739,1.107,26.25,0,"{""soc"":67.3,""voltage"":23.739,""current"":1.107,""power"":26.25,""ocv"":23.798,""cell_v"":3.956,""charging"":false,""latch"":true,""pi_status"":""ready"",""uptime_s"":6273}"
2026-06-25T09:08:52.061013,67.2,23.737,0.975,23.14,0,"{""soc"":67.2,""voltage"":23.737,""current"":0.975,""power"":23.14,""ocv"":23.790,""cell_v"":3.956,""charging"":false,""latch"":true,""pi_status"":""ready"",""uptime_s"":6278}"
2026-06-25T09:08:57.282278,67.2,23.735,1.133,26.89,0,"{""soc"":67.2,""voltage"":23.735,""current"":1.133,""power"":26.89,""ocv"":23.796,""cell_v"":3.956,""charging"":false,""latch"":true,""pi_status"":""ready"",""uptime_s"":6283}"
2026-06-25T09:09:02.089623,67.2,23.741,0.461,10.96,0,"{""soc"":67.2,""voltage"":23.741,""current"":0.461,""power"":10.96,""ocv"":23.765,""cell_v"":3.957,""charging"":false,""latch"":true,""pi_status"":""offline"",""uptime_s"":6288}"
2026-06-25T09:09:07.033880,66.5,23.746,0.416,9.89,0,"{""soc"":66.5,""voltage"":23.746,""current"":0.416,""power"":9.89,""ocv"":23.768,""cell_v"":3.958,""charging"":false,""latch"":true,""pi_status"":""starting"",""uptime_s"":6293}"
2026-06-25T09:09:12.050096,66.5,23.749,0.525,12.47,0,"{""soc"":66.5,""voltage"":23.749,""current"":0.525,""power"":12.47,""ocv"":23.777,""cell_v"":3.958,""charging"":false,""latch"":true,""pi_status"":""starting"",""uptime_s"":6298}"
2026-06-25T09:09:17.060514,66.5,23.752,0.448,10.62,0,"{""soc"":66.5,""voltage"":23.752,""current"":0.448,""power"":10.62,""ocv"":23.777,""cell_v"":3.959,""charging"":false,""latch"":true,""pi_status"":""starting"",""uptime_s"":6303}"
2026-06-25T09:09:22.093461,66.5,23.754,0.614,14.6,0,"{""soc"":66.5,""voltage"":23.754,""current"":0.614,""power"":14.60,""ocv"":23.787,""cell_v"":3.959,""charging"":false,""latch"":true,""pi_status"":""starting"",""uptime_s"":6308}"
2026-06-25T09:09:27.107899,66.4,23.756,0.449,10.67,0,"{""soc"":66.4,""voltage"":23.756,""current"":0.449,""power"":10.67,""ocv"":23.780,""cell_v"":3.959,""charging"":false,""latch"":true,""pi_status"":""starting"",""uptime_s"":6313}"
2026-06-25T09:09:32.217553,66.4,23.756,0.586,13.92,0,"{""soc"":66.4,""voltage"":23.756,""current"":0.586,""power"":13.92,""ocv"":23.787,""cell_v"":3.959,""charging"":false,""latch"":true,""pi_status"":""starting"",""uptime_s"":6318}"
2026-06-25T09:09:37.121973,66.4,23.756,0.48,11.4,0,"{""soc"":66.4,""voltage"":23.756,""current"":0.480,""power"":11.40,""ocv"":23.782,""cell_v"":3.959,""charging"":false,""latch"":true,""pi_status"":""ready"",""uptime_s"":6323}"
2026-06-25T09:09:42.057632,66.4,23.755,0.596,14.17,0,"{""soc"":66.4,""voltage"":23.755,""current"":0.596,""power"":14.17,""ocv"":23.787,""cell_v"":3.959,""charging"":false,""latch"":true,""pi_status"":""ready"",""uptime_s"":6328}"
2026-06-25T09:09:48.181891,66.4,23.756,0.508,12.06,0,"{""soc"":66.4,""voltage"":23.756,""current"":0.508,""power"":12.06,""ocv"":23.783,""cell_v"":3.959,""charging"":false,""latch"":true,""pi_status"":""ready"",""uptime_s"":6333}"
2026-06-25T09:09:52.074552,65.8,23.757,0.45,10.69,0,"{""soc"":65.8,""voltage"":23.757,""current"":0.450,""power"":10.69,""ocv"":23.781,""cell_v"":3.959,""charging"":false,""latch"":true,""pi_status"":""ready"",""uptime_s"":6338}"
2026-06-25T09:09:57.098609,65.8,23.757,0.461,10.94,0,"{""soc"":65.8,""voltage"":23.757,""current"":0.461,""power"":10.94,""ocv"":23.782,""cell_v"":3.960,""charging"":false,""latch"":true,""pi_status"":""ready"",""uptime_s"":6343}"
2026-06-25T09:10:02.107491,65.8,23.757,0.45,10.69,0,"{""soc"":65.8,""voltage"":23.757,""current"":0.450,""power"":10.69,""ocv"":23.782,""cell_v"":3.960,""charging"":false,""latch"":true,""pi_status"":""ready"",""uptime_s"":6348}"
2026-06-25T09:10:07.138466,65.8,23.758,0.468,11.12,0,"{""soc"":65.8,""voltage"":23.758,""current"":0.468,""power"":11.12,""ocv"":23.783,""cell_v"":3.960,""charging"":false,""latch"":true,""pi_status"":""ready"",""uptime_s"":6353}"
2026-06-25T09:10:12.137499,65.8,23.754,0.86,20.39,0,"{""soc"":65.8,""voltage"":23.754,""current"":0.860,""power"":20.39,""ocv"":23.800,""cell_v"":3.959,""charging"":false,""latch"":true,""pi_status"":""ready"",""uptime_s"":6358}"
2026-06-25T09:10:17.073688,65.7,23.749,0.848,20.12,0,"{""soc"":65.7,""voltage"":23.749,""current"":0.848,""power"":20.12,""ocv"":23.795,""cell_v"":3.958,""charging"":false,""latch"":true,""pi_status"":""ready"",""uptime_s"":6363}"
2026-06-25T09:10:22.085658,65.7,23.742,1.228,29.11,0,"{""soc"":65.7,""voltage"":23.742,""current"":1.228,""power"":29.11,""ocv"":23.808,""cell_v"":3.957,""charging"":false,""latch"":true,""pi_status"":""ready"",""uptime_s"":6368}"
2026-06-25T09:10:27.205521,65.7,23.732,1.328,31.47,0,"{""soc"":65.7,""voltage"":23.732,""current"":1.328,""power"":31.47,""ocv"":23.803,""cell_v"":3.955,""charging"":false,""latch"":true,""pi_status"":""ready"",""uptime_s"":6373}"
2026-06-25T09:10:32.142675,65.6,23.722,1.322,31.29,0,"{""soc"":65.6,""voltage"":23.722,""current"":1.322,""power"":31.29,""ocv"":23.793,""cell_v"":3.954,""charging"":false,""latch"":true,""pi_status"":""ready"",""uptime_s"":6378}"
2026-06-25T09:10:37.230030,65.6,23.714,1.458,34.52,0,"{""soc"":65.6,""voltage"":23.714,""current"":1.458,""power"":34.52,""ocv"":23.793,""cell_v"":3.952,""charging"":false,""latch"":true,""pi_status"":""ready"",""uptime_s"":6383}"
2026-06-25T09:10:42.146470,65.6,23.71,0.696,16.5,0,"{""soc"":65.6,""voltage"":23.710,""current"":0.696,""power"":16.50,""ocv"":23.748,""cell_v"":3.952,""charging"":false,""latch"":true,""pi_status"":""ready"",""uptime_s"":6388}"
2026-06-25T09:10:47.161490,65.5,23.713,0.786,18.68,0,"{""soc"":65.5,""voltage"":23.713,""current"":0.786,""power"":18.68,""ocv"":23.755,""cell_v"":3.952,""charging"":false,""latch"":true,""pi_status"":""ready"",""uptime_s"":6393}"
2026-06-25T09:10:52.088979,65.5,23.713,0.825,19.55,0,"{""soc"":65.5,""voltage"":23.713,""current"":0.825,""power"":19.55,""ocv"":23.758,""cell_v"":3.952,""charging"":false,""latch"":true,""pi_status"":""ready"",""uptime_s"":6398}"
2026-06-25T09:10:57.115737,65.5,23.717,0.565,13.41,0,"{""soc"":65.5,""voltage"":23.717,""current"":0.565,""power"":13.41,""ocv"":23.748,""cell_v"":3.953,""charging"":false,""latch"":true,""pi_status"":""ready"",""uptime_s"":6403}"
2026-06-25T09:11:02.113594,65.5,23.721,0.554,13.14,0,"{""soc"":65.5,""voltage"":23.721,""current"":0.554,""power"":13.14,""ocv"":23.750,""cell_v"":3.953,""charging"":false,""latch"":true,""pi_status"":""ready"",""uptime_s"":6408}"
2026-06-25T09:11:07.138451,65.5,23.721,0.794,18.84,0,"{""soc"":65.5,""voltage"":23.721,""current"":0.794,""power"":18.84,""ocv"":23.763,""cell_v"":3.953,""charging"":false,""latch"":true,""pi_status"":""ready"",""uptime_s"":6413}"
2026-06-25T09:11:12.150633,65.4,23.719,0.902,21.35,0,"{""soc"":65.4,""voltage"":23.719,""current"":0.902,""power"":21.35,""ocv"":23.767,""cell_v"":3.953,""charging"":false,""latch"":true,""pi_status"":""ready"",""uptime_s"":6418}"
2026-06-25T09:11:17.181535,65.4,23.712,1.805,42.71,0,"{""soc"":65.4,""voltage"":23.712,""current"":1.805,""power"":42.71,""ocv"":23.809,""cell_v"":3.952,""charging"":false,""latch"":true,""pi_status"":""ready"",""uptime_s"":6423}"
2026-06-25T09:11:22.204277,65.4,23.704,1.375,32.57,0,"{""soc"":65.4,""voltage"":23.704,""current"":1.375,""power"":32.57,""ocv"":23.778,""cell_v"":3.951,""charging"":false,""latch"":true,""pi_status"":""ready"",""uptime_s"":6428}"
2026-06-25T09:11:28.228355,65.3,23.697,1.315,31.13,0,"{""soc"":65.3,""voltage"":23.697,""current"":1.315,""power"":31.13,""ocv"":23.768,""cell_v"":3.950,""charging"":false,""latch"":true,""pi_status"":""ready"",""uptime_s"":6433}"
2026-06-25T09:11:34.780766,65.3,23.692,1.35,31.95,0,"{""soc"":65.3,""voltage"":23.692,""current"":1.350,""power"":31.95,""ocv"":23.764,""cell_v"":3.949,""charging"":false,""latch"":true,""pi_status"":""ready"",""uptime_s"":6438}"
2026-06-25T09:11:37.466066,65.2,23.687,1.362,32.25,0,"{""soc"":65.2,""voltage"":23.687,""current"":1.362,""power"":32.25,""ocv"":23.760,""cell_v"":3.948,""charging"":false,""latch"":true,""pi_status"":""ready"",""uptime_s"":6443}"
2026-06-25T09:11:45.243441,65.2,23.683,1.216,28.77,0,"{""soc"":65.2,""voltage"":23.683,""current"":1.216,""power"":28.77,""ocv"":23.748,""cell_v"":3.947,""charging"":false,""latch"":true,""pi_status"":""ready"",""uptime_s"":6448}"
2026-06-25T09:11:48.518258,65.2,23.68,1.246,29.53,0,"{""soc"":65.2,""voltage"":23.680,""current"":1.246,""power"":29.53,""ocv"":23.747,""cell_v"":3.947,""charging"":false,""latch"":true,""pi_status"":""ready"",""uptime_s"":6453}"
2026-06-25T09:11:52.409513,65.1,23.677,1.48,35.02,0,"{""soc"":65.1,""voltage"":23.677,""current"":1.480,""power"":35.02,""ocv"":23.756,""cell_v"":3.946,""charging"":false,""latch"":true,""pi_status"":""ready"",""uptime_s"":6458}"
2026-06-25T09:11:57.213636,65.1,23.677,0.667,15.79,0,"{""soc"":65.1,""voltage"":23.677,""current"":0.667,""power"":15.79,""ocv"":23.713,""cell_v"":3.946,""charging"":false,""latch"":true,""pi_status"":""ready"",""uptime_s"":6463}"
2026-06-25T09:12:02.143249,65.1,23.68,0.831,19.68,0,"{""soc"":65.1,""voltage"":23.680,""current"":0.831,""power"":19.68,""ocv"":23.725,""cell_v"":3.947,""charging"":false,""latch"":true,""pi_status"":""ready"",""uptime_s"":6468}"
2026-06-25T09:12:07.157853,65.1,23.681,0.865,20.51,0,"{""soc"":65.1,""voltage"":23.681,""current"":0.865,""power"":20.51,""ocv"":23.728,""cell_v"":3.947,""charging"":false,""latch"":true,""pi_status"":""ready"",""uptime_s"":6473}"
2026-06-25T09:12:13.991328,65.0,23.682,0.815,19.29,0,"{""soc"":65.0,""voltage"":23.682,""current"":0.815,""power"":19.29,""ocv"":23.725,""cell_v"":3.947,""charging"":false,""latch"":true,""pi_status"":""ready"",""uptime_s"":6478}"
2026-06-25T09:12:17.687317,65.0,23.682,0.814,19.27,0,"{""soc"":65.0,""voltage"":23.682,""current"":0.814,""power"":19.27,""ocv"":23.726,""cell_v"":3.947,""charging"":false,""latch"":true,""pi_status"":""ready"",""uptime_s"":6483}"
2026-06-25T09:12:22.199937,65.0,23.683,0.862,20.39,0,"{""soc"":65.0,""voltage"":23.683,""current"":0.862,""power"":20.39,""ocv"":23.730,""cell_v"":3.947,""charging"":false,""latch"":true,""pi_status"":""ready"",""uptime_s"":6488}"
2026-06-25T09:12:27.208390,65.0,23.684,0.818,19.39,0,"{""soc"":65.0,""voltage"":23.684,""current"":0.818,""power"":19.39,""ocv"":23.728,""cell_v"":3.947,""charging"":false,""latch"":true,""pi_status"":""ready"",""uptime_s"":6493}"
2026-06-25T09:12:35.083721,64.9,23.686,0.547,12.95,0,"{""soc"":64.9,""voltage"":23.686,""current"":0.547,""power"":12.95,""ocv"":23.716,""cell_v"":3.948,""charging"":false,""latch"":true,""pi_status"":""ready"",""uptime_s"":6498}"
2026-06-25T09:12:38.081418,64.9,23.689,0.563,13.32,0,"{""soc"":64.9,""voltage"":23.689,""current"":0.563,""power"":13.32,""ocv"":23.719,""cell_v"":3.948,""charging"":false,""latch"":true,""pi_status"":""ready"",""uptime_s"":6503}"
2026-06-25T09:12:42.279381,64.9,23.692,0.609,14.42,0,"{""soc"":64.9,""voltage"":23.692,""current"":0.609,""power"":14.42,""ocv"":23.724,""cell_v"":3.949,""charging"":false,""latch"":true,""pi_status"":""ready"",""uptime_s"":6508}"
2026-06-25T09:12:47.179933,64.9,23.692,0.653,15.45,0,"{""soc"":64.9,""voltage"":23.692,""current"":0.653,""power"":15.45,""ocv"":23.727,""cell_v"":3.949,""charging"":false,""latch"":true,""pi_status"":""ready"",""uptime_s"":6513}"
2026-06-25T09:12:53.226735,64.9,23.692,0.645,15.27,0,"{""soc"":64.9,""voltage"":23.692,""current"":0.645,""power"":15.27,""ocv"":23.727,""cell_v"":3.949,""charging"":false,""latch"":true,""pi_status"":""ready"",""uptime_s"":6518}"
2026-06-25T09:12:57.309951,64.8,23.69,0.937,22.18,0,"{""soc"":64.8,""voltage"":23.690,""current"":0.937,""power"":22.18,""ocv"":23.740,""cell_v"":3.948,""charging"":false,""latch"":true,""pi_status"":""ready"",""uptime_s"":6523}"
2026-06-25T09:13:02.259196,64.8,23.687,1.091,25.84,0,"{""soc"":64.8,""voltage"":23.687,""current"":1.091,""power"":25.84,""ocv"":23.745,""cell_v"":3.948,""charging"":false,""latch"":true,""pi_status"":""ready"",""uptime_s"":6528}"
2026-06-25T09:13:07.266032,64.8,23.682,1.08,25.57,0,"{""soc"":64.8,""voltage"":23.682,""current"":1.080,""power"":25.57,""ocv"":23.740,""cell_v"":3.947,""charging"":false,""latch"":true,""pi_status"":""ready"",""uptime_s"":6533}"
2026-06-25T09:13:12.600903,64.8,23.68,0.588,13.92,0,"{""soc"":64.8,""voltage"":23.680,""current"":0.588,""power"":13.92,""ocv"":23.712,""cell_v"":3.947,""charging"":false,""latch"":true,""pi_status"":""ready"",""uptime_s"":6538}"
2026-06-25T09:13:18.532588,64.7,23.682,0.627,14.83,0,"{""soc"":64.7,""voltage"":23.682,""current"":0.627,""power"":14.83,""ocv"":23.716,""cell_v"":3.947,""charging"":false,""latch"":true,""pi_status"":""ready"",""uptime_s"":6543}"
2026-06-25T09:13:22.822949,64.7,23.679,1.161,27.44,0,"{""soc"":64.7,""voltage"":23.679,""current"":1.161,""power"":27.44,""ocv"":23.741,""cell_v"":3.946,""charging"":false,""latch"":true,""pi_status"":""ready"",""uptime_s"":6548}"
2026-06-25T09:13:27.422719,64.7,23.672,1.233,29.16,0,"{""soc"":64.7,""voltage"":23.672,""current"":1.233,""power"":29.16,""ocv"":23.738,""cell_v"":3.945,""charging"":false,""latch"":true,""pi_status"":""ready"",""uptime_s"":6553}"
2026-06-25T09:13:32.469649,64.6,23.664,1.122,26.55,0,"{""soc"":64.6,""voltage"":23.664,""current"":1.122,""power"":26.55,""ocv"":23.725,""cell_v"":3.944,""charging"":false,""latch"":true,""pi_status"":""ready"",""uptime_s"":6558}"
2026-06-25T09:13:37.379586,64.6,23.658,1.35,31.91,0,"{""soc"":64.6,""voltage"":23.658,""current"":1.350,""power"":31.91,""ocv"":23.730,""cell_v"":3.943,""charging"":false,""latch"":true,""pi_status"":""ready"",""uptime_s"":6563}"
2026-06-25T09:13:42.297941,64.6,23.652,0.801,18.93,0,"{""soc"":64.6,""voltage"":23.652,""current"":0.801,""power"":18.93,""ocv"":23.695,""cell_v"":3.942,""charging"":false,""latch"":true,""pi_status"":""ready"",""uptime_s"":6568}"
2026-06-25T09:13:47.196916,64.5,23.65,0.947,22.38,0,"{""soc"":64.5,""voltage"":23.650,""current"":0.947,""power"":22.38,""ocv"":23.701,""cell_v"":3.942,""charging"":false,""latch"":true,""pi_status"":""ready"",""uptime_s"":6574}"
2026-06-25T09:13:52.198916,64.5,23.646,0.818,19.34,0,"{""soc"":64.5,""voltage"":23.646,""current"":0.818,""power"":19.34,""ocv"":23.690,""cell_v"":3.941,""charging"":false,""latch"":true,""pi_status"":""ready"",""uptime_s"":6579}"
2026-06-25T09:13:57.221733,64.5,23.647,0.76,17.97,0,"{""soc"":64.5,""voltage"":23.647,""current"":0.760,""power"":17.97,""ocv"":23.688,""cell_v"":3.941,""charging"":false,""latch"":true,""pi_status"":""ready"",""uptime_s"":6584}"
2026-06-25T09:14:02.454513,64.5,23.65,0.566,13.39,0,"{""soc"":64.5,""voltage"":23.650,""current"":0.566,""power"":13.39,""ocv"":23.681,""cell_v"":3.942,""charging"":false,""latch"":true,""pi_status"":""ready"",""uptime_s"":6589}"
2026-06-25T09:14:07.271205,64.4,23.654,0.54,12.77,0,"{""soc"":64.4,""voltage"":23.654,""current"":0.540,""power"":12.77,""ocv"":23.684,""cell_v"":3.942,""charging"":false,""latch"":true,""pi_status"":""ready"",""uptime_s"":6594}"
2026-06-25T09:14:12.269379,64.4,23.656,0.863,20.44,0,"{""soc"":64.4,""voltage"":23.656,""current"":0.863,""power"":20.44,""ocv"":23.702,""cell_v"":3.943,""charging"":false,""latch"":true,""pi_status"":""ready"",""uptime_s"":6599}"
2026-06-25T09:14:17.204266,64.4,23.655,0.816,19.27,0,"{""soc"":64.4,""voltage"":23.655,""current"":0.816,""power"":19.27,""ocv"":23.699,""cell_v"":3.943,""charging"":false,""latch"":true,""pi_status"":""ready"",""uptime_s"":6604}"
2026-06-25T09:14:22.415297,64.4,23.654,0.858,20.28,0,"{""soc"":64.4,""voltage"":23.654,""current"":0.858,""power"":20.28,""ocv"":23.700,""cell_v"":3.942,""charging"":false,""latch"":true,""pi_status"":""ready"",""uptime_s"":6609}"
2026-06-25T09:14:27.335810,64.3,23.647,1.136,26.85,0,"{""soc"":64.3,""voltage"":23.647,""current"":1.136,""power"":26.85,""ocv"":23.708,""cell_v"":3.941,""charging"":false,""latch"":true,""pi_status"":""ready"",""uptime_s"":6614}"
2026-06-25T09:14:32.246653,64.3,23.648,0.815,19.25,0,"{""soc"":64.3,""voltage"":23.648,""current"":0.815,""power"":19.25,""ocv"":23.692,""cell_v"":3.941,""charging"":false,""latch"":true,""pi_status"":""ready"",""uptime_s"":6619}"
2026-06-25T09:14:37.996863,64.3,23.648,0.729,17.23,0,"{""soc"":64.3,""voltage"":23.648,""current"":0.729,""power"":17.23,""ocv"":23.687,""cell_v"":3.941,""charging"":false,""latch"":true,""pi_status"":""ready"",""uptime_s"":6624}"
2026-06-25T09:14:42.206527,64.3,23.651,0.545,12.89,0,"{""soc"":64.3,""voltage"":23.651,""current"":0.545,""power"":12.89,""ocv"":23.681,""cell_v"":3.942,""charging"":false,""latch"":true,""pi_status"":""ready"",""uptime_s"":6629}"
2026-06-25T09:14:47.312106,64.2,23.654,0.614,14.56,0,"{""soc"":64.2,""voltage"":23.654,""current"":0.614,""power"":14.56,""ocv"":23.687,""cell_v"":3.942,""charging"":false,""latch"":true,""pi_status"":""ready"",""uptime_s"":6634}"
2026-06-25T09:14:52.342584,64.2,23.654,0.786,18.59,0,"{""soc"":64.2,""voltage"":23.654,""current"":0.786,""power"":18.59,""ocv"":23.696,""cell_v"":3.942,""charging"":false,""latch"":true,""pi_status"":""ready"",""uptime_s"":6639}"
2026-06-25T09:14:57.233877,64.2,23.652,0.868,20.51,0,"{""soc"":64.2,""voltage"":23.652,""current"":0.868,""power"":20.51,""ocv"":23.698,""cell_v"":3.942,""charging"":false,""latch"":true,""pi_status"":""ready"",""uptime_s"":6644}"
2026-06-25T09:15:02.377073,64.2,23.648,1.414,33.35,0,"{""soc"":64.2,""voltage"":23.648,""current"":1.414,""power"":33.35,""ocv"":23.724,""cell_v"":3.941,""charging"":false,""latch"":true,""pi_status"":""ready"",""uptime_s"":6649}"
2026-06-25T09:15:07.264019,64.1,23.64,1.273,30.08,0,"{""soc"":64.1,""voltage"":23.640,""current"":1.273,""power"":30.08,""ocv"":23.708,""cell_v"":3.940,""charging"":false,""latch"":true,""pi_status"":""ready"",""uptime_s"":6654}"
2026-06-25T09:15:12.292262,64.1,23.635,1.05,24.81,0,"{""soc"":64.1,""voltage"":23.635,""current"":1.050,""power"":24.81,""ocv"":23.692,""cell_v"":3.939,""charging"":false,""latch"":true,""pi_status"":""ready"",""uptime_s"":6659}"
2026-06-25T09:15:17.315940,64.1,23.632,0.805,19.02,0,"{""soc"":64.1,""voltage"":23.632,""current"":0.805,""power"":19.02,""ocv"":23.675,""cell_v"":3.939,""charging"":false,""latch"":true,""pi_status"":""ready"",""uptime_s"":6664}"
2026-06-25T09:15:22.236415,64.0,23.628,0.731,17.26,0,"{""soc"":64.0,""voltage"":23.628,""current"":0.731,""power"":17.26,""ocv"":23.667,""cell_v"":3.938,""charging"":false,""latch"":true,""pi_status"":""ready"",""uptime_s"":6669}"
2026-06-25T09:15:27.259106,64.0,23.63,0.718,16.96,0,"{""soc"":64.0,""voltage"":23.630,""current"":0.718,""power"":16.96,""ocv"":23.668,""cell_v"":3.938,""charging"":false,""latch"":true,""pi_status"":""ready"",""uptime_s"":6674}"
2026-06-25T09:15:32.249229,64.0,23.632,0.558,13.18,0,"{""soc"":64.0,""voltage"":23.632,""current"":0.558,""power"":13.18,""ocv"":23.662,""cell_v"":3.939,""charging"":false,""latch"":true,""pi_status"":""ready"",""uptime_s"":6679}"
2026-06-25T09:15:37.294124,64.0,23.635,0.556,13.14,0,"{""soc"":64.0,""voltage"":23.635,""current"":0.556,""power"":13.14,""ocv"":23.665,""cell_v"":3.939,""charging"":false,""latch"":true,""pi_status"":""ready"",""uptime_s"":6684}"
2026-06-25T09:15:42.300122,64.0,23.637,0.543,12.84,0,"{""soc"":64.0,""voltage"":23.637,""current"":0.543,""power"":12.84,""ocv"":23.666,""cell_v"":3.939,""charging"":false,""latch"":true,""pi_status"":""ready"",""uptime_s"":6689}"
2026-06-25T09:15:47.299642,64.0,23.639,0.54,12.77,0,"{""soc"":64.0,""voltage"":23.639,""current"":0.540,""power"":12.77,""ocv"":23.668,""cell_v"":3.940,""charging"":false,""latch"":true,""pi_status"":""ready"",""uptime_s"":6694}"
2026-06-25T09:15:52.731740,63.9,23.64,0.475,11.22,0,"{""soc"":63.9,""voltage"":23.640,""current"":0.475,""power"":11.22,""ocv"":23.665,""cell_v"":3.940,""charging"":false,""latch"":true,""pi_status"":""ready"",""uptime_s"":6699}"
2026-06-25T09:15:57.244483,63.9,23.641,0.777,18.38,0,"{""soc"":63.9,""voltage"":23.641,""current"":0.777,""power"":18.38,""ocv"":23.683,""cell_v"":3.940,""charging"":false,""latch"":true,""pi_status"":""ready"",""uptime_s"":6704}"
2026-06-25T09:16:02.368246,63.9,23.638,0.86,20.3,0,"{""soc"":63.9,""voltage"":23.638,""current"":0.860,""power"":20.30,""ocv"":23.684,""cell_v"":3.940,""charging"":false,""latch"":true,""pi_status"":""ready"",""uptime_s"":6709}"
2026-06-25T09:16:07.603109,63.9,23.636,0.603,14.26,0,"{""soc"":63.9,""voltage"":23.636,""current"":0.603,""power"":14.26,""ocv"":23.669,""cell_v"":3.939,""charging"":false,""latch"":true,""pi_status"":""ready"",""uptime_s"":6714}"
2026-06-25T09:16:12.511427,63.9,23.637,0.448,10.57,0,"{""soc"":63.9,""voltage"":23.637,""current"":0.448,""power"":10.57,""ocv"":23.661,""cell_v"":3.940,""charging"":false,""latch"":true,""pi_status"":""ready"",""uptime_s"":6719}"
2026-06-25T09:16:17.311854,63.8,23.639,0.471,11.15,0,"{""soc"":63.8,""voltage"":23.639,""current"":0.471,""power"":11.15,""ocv"":23.664,""cell_v"":3.940,""charging"":false,""latch"":true,""pi_status"":""ready"",""uptime_s"":6724}"
2026-06-25T09:16:22.555969,63.8,23.638,0.848,20.03,0,"{""soc"":63.8,""voltage"":23.638,""current"":0.848,""power"":20.03,""ocv"":23.684,""cell_v"":3.940,""charging"":false,""latch"":true,""pi_status"":""ready"",""uptime_s"":6729}"
2026-06-25T09:16:27.439974,63.8,23.637,0.644,15.22,0,"{""soc"":63.8,""voltage"":23.637,""current"":0.644,""power"":15.22,""ocv"":23.672,""cell_v"":3.940,""charging"":false,""latch"":true,""pi_status"":""ready"",""uptime_s"":6734}"
2026-06-25T09:16:32.268645,63.8,23.634,1.013,23.9,0,"{""soc"":63.8,""voltage"":23.634,""current"":1.013,""power"":23.90,""ocv"":23.688,""cell_v"":3.939,""charging"":false,""latch"":true,""pi_status"":""ready"",""uptime_s"":6739}"
2026-06-25T09:16:37.610772,63.7,23.625,1.42,33.51,0,"{""soc"":63.7,""voltage"":23.625,""current"":1.420,""power"":33.51,""ocv"":23.701,""cell_v"":3.937,""charging"":false,""latch"":true,""pi_status"":""ready"",""uptime_s"":6744}"
2026-06-25T09:16:42.507077,63.7,23.622,0.78,18.42,0,"{""soc"":63.7,""voltage"":23.622,""current"":0.780,""power"":18.42,""ocv"":23.664,""cell_v"":3.937,""charging"":false,""latch"":true,""pi_status"":""ready"",""uptime_s"":6749}"
2026-06-25T09:16:47.317972,63.7,23.621,0.815,19.25,0,"{""soc"":63.7,""voltage"":23.621,""current"":0.815,""power"":19.25,""ocv"":23.665,""cell_v"":3.937,""charging"":false,""latch"":true,""pi_status"":""ready"",""uptime_s"":6754}"
2026-06-25T09:16:52.557016,63.7,23.621,0.568,13.41,0,"{""soc"":63.7,""voltage"":23.621,""current"":0.568,""power"":13.41,""ocv"":23.651,""cell_v"":3.937,""charging"":false,""latch"":true,""pi_status"":""ready"",""uptime_s"":6759}"
2026-06-25T09:16:57.354807,63.7,23.623,0.558,13.18,0,"{""soc"":63.7,""voltage"":23.623,""current"":0.558,""power"":13.18,""ocv"":23.653,""cell_v"":3.937,""charging"":false,""latch"":true,""pi_status"":""ready"",""uptime_s"":6764}"
2026-06-25T09:17:02.285078,63.6,23.624,0.688,16.25,0,"{""soc"":63.6,""voltage"":23.624,""current"":0.688,""power"":16.25,""ocv"":23.661,""cell_v"":3.937,""charging"":false,""latch"":true,""pi_status"":""ready"",""uptime_s"":6769}"
2026-06-25T09:17:07.288364,63.6,23.622,0.776,18.31,0,"{""soc"":63.6,""voltage"":23.622,""current"":0.776,""power"":18.31,""ocv"":23.663,""cell_v"":3.937,""charging"":false,""latch"":true,""pi_status"":""ready"",""uptime_s"":6774}"
2026-06-25T09:17:12.324961,63.6,23.617,1.361,32.09,0,"{""soc"":63.6,""voltage"":23.617,""current"":1.361,""power"":32.09,""ocv"":23.691,""cell_v"":3.936,""charging"":false,""latch"":true,""pi_status"":""ready"",""uptime_s"":6779}"
2026-06-25T09:17:17.332252,63.5,23.607,1.284,30.28,0,"{""soc"":63.5,""voltage"":23.607,""current"":1.284,""power"":30.28,""ocv"":23.676,""cell_v"":3.935,""charging"":false,""latch"":true,""pi_status"":""ready"",""uptime_s"":6784}"
2026-06-25T09:17:22.462493,63.5,23.6,1.325,31.22,0,"{""soc"":63.5,""voltage"":23.600,""current"":1.325,""power"":31.22,""ocv"":23.671,""cell_v"":3.933,""charging"":false,""latch"":true,""pi_status"":""ready"",""uptime_s"":6789}"
2026-06-25T09:17:27.481094,63.5,23.596,0.688,16.25,0,"{""soc"":63.5,""voltage"":23.596,""current"":0.688,""power"":16.25,""ocv"":23.633,""cell_v"":3.933,""charging"":false,""latch"":true,""pi_status"":""ready"",""uptime_s"":6794}"
2026-06-25T09:17:32.598622,63.4,23.598,0.824,19.43,0,"{""soc"":63.4,""voltage"":23.598,""current"":0.824,""power"":19.43,""ocv"":23.642,""cell_v"":3.933,""charging"":false,""latch"":true,""pi_status"":""ready"",""uptime_s"":6799}"
2026-06-25T09:17:37.492268,63.4,23.599,0.547,12.93,0,"{""soc"":63.4,""voltage"":23.599,""current"":0.547,""power"":12.93,""ocv"":23.628,""cell_v"":3.933,""charging"":false,""latch"":true,""pi_status"":""ready"",""uptime_s"":6804}"
2026-06-25T09:17:42.310604,63.4,23.602,0.546,12.89,0,"{""soc"":63.4,""voltage"":23.602,""current"":0.546,""power"":12.89,""ocv"":23.632,""cell_v"":3.934,""charging"":false,""latch"":true,""pi_status"":""ready"",""uptime_s"":6809}"
2026-06-25T09:17:47.539560,63.4,23.605,0.609,14.4,0,"{""soc"":63.4,""voltage"":23.605,""current"":0.609,""power"":14.40,""ocv"":23.637,""cell_v"":3.934,""charging"":false,""latch"":true,""pi_status"":""ready"",""uptime_s"":6814}"
2026-06-25T09:17:52.346984,63.4,23.605,0.801,18.91,0,"{""soc"":63.4,""voltage"":23.605,""current"":0.801,""power"":18.91,""ocv"":23.648,""cell_v"":3.934,""charging"":false,""latch"":true,""pi_status"":""ready"",""uptime_s"":6819}"
2026-06-25T09:17:57.774127,63.3,23.603,0.834,19.68,0,"{""soc"":63.3,""voltage"":23.603,""current"":0.834,""power"":19.68,""ocv"":23.648,""cell_v"":3.934,""charging"":false,""latch"":true,""pi_status"":""ready"",""uptime_s"":6824}"
2026-06-25T09:18:02.570233,63.3,23.599,1.307,30.81,0,"{""soc"":63.3,""voltage"":23.599,""current"":1.307,""power"":30.81,""ocv"":23.669,""cell_v"":3.933,""charging"":false,""latch"":true,""pi_status"":""ready"",""uptime_s"":6829}"
2026-06-25T09:18:07.606636,63.3,23.591,1.077,25.38,0,"{""soc"":63.3,""voltage"":23.591,""current"":1.077,""power"":25.38,""ocv"":23.649,""cell_v"":3.932,""charging"":false,""latch"":true,""pi_status"":""ready"",""uptime_s"":6834}"
2026-06-25T09:18:13.343666,63.2,23.587,0.731,17.23,0,"{""soc"":63.2,""voltage"":23.587,""current"":0.731,""power"":17.23,""ocv"":23.626,""cell_v"":3.931,""charging"":false,""latch"":true,""pi_status"":""ready"",""uptime_s"":6839}"
2026-06-25T09:18:18.862379,63.2,23.587,0.723,17.07,0,"{""soc"":63.2,""voltage"":23.587,""current"":0.723,""power"":17.07,""ocv"":23.626,""cell_v"":3.931,""charging"":false,""latch"":true,""pi_status"":""ready"",""uptime_s"":6844}"
2026-06-25T09:18:22.570419,63.2,23.587,0.912,21.49,0,"{""soc"":63.2,""voltage"":23.587,""current"":0.912,""power"":21.49,""ocv"":23.636,""cell_v"":3.931,""charging"":false,""latch"":true,""pi_status"":""ready"",""uptime_s"":6849}"
2026-06-25T09:18:27.454547,63.2,23.587,0.628,15.38,0,"{""soc"":63.2,""voltage"":23.587,""current"":0.628,""power"":15.38,""ocv"":23.620,""cell_v"":3.931,""charging"":false,""latch"":true,""pi_status"":""ready"",""uptime_s"":6854}"
2026-06-25T09:18:32.480871,63.2,23.587,0.873,20.6,0,"{""soc"":63.2,""voltage"":23.587,""current"":0.873,""power"":20.60,""ocv"":23.634,""cell_v"":3.931,""charging"":false,""latch"":true,""pi_status"":""ready"",""uptime_s"":6859}"
2026-06-25T09:18:37.916096,63.1,23.588,0.551,13.0,0,"{""soc"":63.1,""voltage"":23.588,""current"":0.551,""power"":13.00,""ocv"":23.618,""cell_v"":3.931,""charging"":false,""latch"":true,""pi_status"":""ready"",""uptime_s"":6864}"
2026-06-25T09:18:42.503941,63.1,23.59,0.563,13.28,0,"{""soc"":63.1,""voltage"":23.590,""current"":0.563,""power"":13.28,""ocv"":23.620,""cell_v"":3.932,""charging"":false,""latch"":true,""pi_status"":""ready"",""uptime_s"":6869}"
2026-06-25T09:18:47.331408,63.1,23.592,0.533,12.57,0,"{""soc"":63.1,""voltage"":23.592,""current"":0.533,""power"":12.57,""ocv"":23.621,""cell_v"":3.932,""charging"":false,""latch"":true,""pi_status"":""ready"",""uptime_s"":6874}"
2026-06-25T09:18:52.555878,63.1,23.592,0.699,16.48,0,"{""soc"":63.1,""voltage"":23.592,""current"":0.699,""power"":16.48,""ocv"":23.629,""cell_v"":3.932,""charging"":false,""latch"":true,""pi_status"":""ready"",""uptime_s"":6879}"
2026-06-25T09:18:57.582371,63.1,23.592,0.687,16.18,0,"{""soc"":63.1,""voltage"":23.592,""current"":0.687,""power"":16.18,""ocv"":23.628,""cell_v"":3.932,""charging"":false,""latch"":true,""pi_status"":""ready"",""uptime_s"":6884}"
2026-06-25T09:19:02.592114,63.0,23.587,1.199,28.24,0,"{""soc"":63.0,""voltage"":23.587,""current"":1.199,""power"":28.24,""ocv"":23.651,""cell_v"":3.931,""charging"":false,""latch"":true,""pi_status"":""ready"",""uptime_s"":6889}"
2026-06-25T09:19:07.834356,63.0,23.581,1.284,30.24,0,"{""soc"":63.0,""voltage"":23.581,""current"":1.284,""power"":30.24,""ocv"":23.650,""cell_v"":3.930,""charging"":false,""latch"":true,""pi_status"":""ready"",""uptime_s"":6894}"
2026-06-25T09:19:13.430843,63.0,23.576,1.065,25.09,0,"{""soc"":63.0,""voltage"":23.576,""current"":1.065,""power"":25.09,""ocv"":23.634,""cell_v"":3.929,""charging"":false,""latch"":true,""pi_status"":""ready"",""uptime_s"":6899}"
2026-06-25T09:19:17.355053,62.9,23.572,0.706,16.64,0,"{""soc"":62.9,""voltage"":23.572,""current"":0.706,""power"":16.64,""ocv"":23.610,""cell_v"":3.929,""charging"":false,""latch"":true,""pi_status"":""ready"",""uptime_s"":6904}"
2026-06-25T09:19:22.664080,62.9,23.572,0.766,18.08,0,"{""soc"":62.9,""voltage"":23.572,""current"":0.766,""power"":18.08,""ocv"":23.613,""cell_v"":3.929,""charging"":false,""latch"":true,""pi_status"":""ready"",""uptime_s"":6909}"
2026-06-25T09:19:27.774002,62.9,23.575,0.551,12.98,0,"{""soc"":62.9,""voltage"":23.575,""current"":0.551,""power"":12.98,""ocv"":23.605,""cell_v"":3.929,""charging"":false,""latch"":true,""pi_status"":""ready"",""uptime_s"":6914}"
2026-06-25T09:19:32.478481,62.9,23.577,0.569,13.41,0,"{""soc"":62.9,""voltage"":23.577,""current"":0.569,""power"":13.41,""ocv"":23.608,""cell_v"":3.930,""charging"":false,""latch"":true,""pi_status"":""ready"",""uptime_s"":6919}"
2026-06-25T09:19:37.501166,62.9,23.575,1.37,32.23,0,"{""soc"":62.9,""voltage"":23.575,""current"":1.370,""power"":32.23,""ocv"":23.648,""cell_v"":3.929,""charging"":false,""latch"":true,""pi_status"":""ready"",""uptime_s"":6924}"
2026-06-25T09:19:42.544603,62.8,23.568,1.095,25.77,0,"{""soc"":62.8,""voltage"":23.568,""current"":1.095,""power"":25.77,""ocv"":23.626,""cell_v"":3.928,""charging"":false,""latch"":true,""pi_status"":""ready"",""uptime_s"":6929}"
2026-06-25T09:19:47.564950,62.8,23.564,0.727,17.12,0,"{""soc"":62.8,""voltage"":23.564,""current"":0.727,""power"":17.12,""ocv"":23.603,""cell_v"":3.927,""charging"":false,""latch"":true,""pi_status"":""ready"",""uptime_s"":6934}"
2026-06-25T09:19:52.547018,62.8,23.563,0.868,20.44,0,"{""soc"":62.8,""voltage"":23.563,""current"":0.868,""power"":20.44,""ocv"":23.610,""cell_v"":3.927,""charging"":false,""latch"":true,""pi_status"":""ready"",""uptime_s"":6939}"
2026-06-25T09:19:57.568065,62.7,23.564,0.547,12.89,0,"{""soc"":62.7,""voltage"":23.564,""current"":0.547,""power"":12.89,""ocv"":23.593,""cell_v"":3.927,""charging"":false,""latch"":true,""pi_status"":""ready"",""uptime_s"":6944}"
2026-06-25T09:20:02.703472,62.7,23.567,0.554,13.07,0,"{""soc"":62.7,""voltage"":23.567,""current"":0.554,""power"":13.07,""ocv"":23.596,""cell_v"":3.928,""charging"":false,""latch"":true,""pi_status"":""ready"",""uptime_s"":6949}"
2026-06-25T09:20:07.721973,62.7,23.569,0.612,14.42,0,"{""soc"":62.7,""voltage"":23.569,""current"":0.612,""power"":14.42,""ocv"":23.602,""cell_v"":3.928,""charging"":false,""latch"":true,""pi_status"":""ready"",""uptime_s"":6954}"
2026-06-25T09:20:13.266973,62.7,23.567,0.903,21.26,0,"{""soc"":62.7,""voltage"":23.567,""current"":0.903,""power"":21.26,""ocv"":23.616,""cell_v"":3.928,""charging"":false,""latch"":true,""pi_status"":""ready"",""uptime_s"":6959}"
2026-06-25T09:20:17.663814,62.7,23.565,0.929,21.88,0,"{""soc"":62.7,""voltage"":23.565,""current"":0.929,""power"":21.88,""ocv"":23.615,""cell_v"":3.928,""charging"":false,""latch"":true,""pi_status"":""ready"",""uptime_s"":6964}"
2026-06-25T09:20:22.587352,62.6,23.563,0.782,18.42,0,"{""soc"":62.6,""voltage"":23.563,""current"":0.782,""power"":18.42,""ocv"":23.605,""cell_v"":3.927,""charging"":false,""latch"":true,""pi_status"":""ready"",""uptime_s"":6969}"
2026-06-25T09:20:27.395242,62.6,23.561,0.692,16.3,0,"{""soc"":62.6,""voltage"":23.561,""current"":0.692,""power"":16.30,""ocv"":23.598,""cell_v"":3.927,""charging"":false,""latch"":true,""pi_status"":""ready"",""uptime_s"":6974}"
2026-06-25T09:20:32.482769,62.6,23.556,1.282,30.17,0,"{""soc"":62.6,""voltage"":23.556,""current"":1.282,""power"":30.17,""ocv"":23.625,""cell_v"":3.926,""charging"":false,""latch"":true,""pi_status"":""ready"",""uptime_s"":6979}"
2026-06-25T09:20:37.921857,62.5,23.549,1.219,28.68,0,"{""soc"":62.5,""voltage"":23.549,""current"":1.219,""power"":28.68,""ocv"":23.614,""cell_v"":3.925,""charging"":false,""latch"":true,""pi_status"":""ready"",""uptime_s"":6984}"
2026-06-25T09:20:42.424362,62.5,23.544,0.711,16.75,0,"{""soc"":62.5,""voltage"":23.544,""current"":0.711,""power"":16.75,""ocv"":23.583,""cell_v"":3.924,""charging"":false,""latch"":true,""pi_status"":""ready"",""uptime_s"":6989}"
2026-06-25T09:20:47.556375,62.5,23.546,0.852,20.1,0,"{""soc"":62.5,""voltage"":23.546,""current"":0.852,""power"":20.10,""ocv"":23.592,""cell_v"":3.924,""charging"":false,""latch"":true,""pi_status"":""ready"",""uptime_s"":6994}"
2026-06-25T09:20:52.460560,62.5,23.546,0.61,14.37,0,"{""soc"":62.5,""voltage"":23.546,""current"":0.610,""power"":14.37,""ocv"":23.578,""cell_v"":3.924,""charging"":false,""latch"":true,""pi_status"":""ready"",""uptime_s"":6999}"
2026-06-25T09:20:57.506784,62.4,23.549,0.564,13.3,0,"{""soc"":62.4,""voltage"":23.549,""current"":0.564,""power"":13.30,""ocv"":23.579,""cell_v"":3.925,""charging"":false,""latch"":true,""pi_status"":""ready"",""uptime_s"":7004}"
2026-06-25T09:21:02.589493,62.4,23.551,0.686,17.58,0,"{""soc"":62.4,""voltage"":23.551,""current"":0.686,""power"":17.58,""ocv"":23.588,""cell_v"":3.925,""charging"":false,""latch"":true,""pi_status"":""ready"",""uptime_s"":7009}"
2026-06-25T09:21:07.627479,62.4,23.549,0.807,19.0,0,"{""soc"":62.4,""voltage"":23.549,""current"":0.807,""power"":19.00,""ocv"":23.593,""cell_v"":3.925,""charging"":false,""latch"":true,""pi_status"":""ready"",""uptime_s"":7014}"
2026-06-25T09:21:12.529839,62.4,23.543,1.44,33.85,0,"{""soc"":62.4,""voltage"":23.543,""current"":1.440,""power"":33.85,""ocv"":23.621,""cell_v"":3.924,""charging"":false,""latch"":true,""pi_status"":""ready"",""uptime_s"":7019}"
2026-06-25T09:21:17.469972,62.3,23.536,1.45,34.08,0,"{""soc"":62.3,""voltage"":23.536,""current"":1.450,""power"":34.08,""ocv"":23.614,""cell_v"":3.923,""charging"":false,""latch"":true,""pi_status"":""ready"",""uptime_s"":7024}"
2026-06-25T09:21:22.457830,62.3,23.529,1.478,34.72,0,"{""soc"":62.3,""voltage"":23.529,""current"":1.478,""power"":34.72,""ocv"":23.609,""cell_v"":3.922,""charging"":false,""latch"":true,""pi_status"":""ready"",""uptime_s"":7029}"
2026-06-25T09:21:27.483561,62.3,23.523,1.417,33.3,0,"{""soc"":62.3,""voltage"":23.523,""current"":1.417,""power"":33.30,""ocv"":23.599,""cell_v"":3.920,""charging"":false,""latch"":true,""pi_status"":""ready"",""uptime_s"":7034}"
2026-06-25T09:21:32.595417,62.2,23.517,1.395,32.78,0,"{""soc"":62.2,""voltage"":23.517,""current"":1.395,""power"":32.78,""ocv"":23.592,""cell_v"":3.920,""charging"":false,""latch"":true,""pi_status"":""ready"",""uptime_s"":7039}"
2026-06-25T09:21:39.356108,62.2,23.511,1.331,31.29,0,"{""soc"":62.2,""voltage"":23.511,""current"":1.331,""power"":31.29,""ocv"":23.583,""cell_v"":3.919,""charging"":false,""latch"":true,""pi_status"":""ready"",""uptime_s"":7044}"
2026-06-25T09:21:42.434570,62.1,23.507,1.588,37.26,0,"{""soc"":62.1,""voltage"":23.507,""current"":1.588,""power"":37.26,""ocv"":23.592,""cell_v"":3.918,""charging"":false,""latch"":true,""pi_status"":""ready"",""uptime_s"":7049}"
2026-06-25T09:21:47.456742,62.1,23.507,0.761,17.9,0,"{""soc"":62.1,""voltage"":23.507,""current"":0.761,""power"":17.90,""ocv"":23.548,""cell_v"":3.918,""charging"":false,""latch"":true,""pi_status"":""ready"",""uptime_s"":7054}"
2026-06-25T09:21:52.478228,62.1,23.511,0.826,19.41,0,"{""soc"":62.1,""voltage"":23.511,""current"":0.826,""power"":19.41,""ocv"":23.555,""cell_v"":3.918,""charging"":false,""latch"":true,""pi_status"":""ready"",""uptime_s"":7059}"
2026-06-25T09:21:57.491744,62.1,23.514,0.544,12.79,0,"{""soc"":62.1,""voltage"":23.514,""current"":0.544,""power"":12.79,""ocv"":23.543,""cell_v"":3.919,""charging"":false,""latch"":true,""pi_status"":""ready"",""uptime_s"":7064}"
2026-06-25T09:22:02.506900,62.0,23.519,0.612,14.4,0,"{""soc"":62.0,""voltage"":23.519,""current"":0.612,""power"":14.40,""ocv"":23.552,""cell_v"":3.920,""charging"":false,""latch"":true,""pi_status"":""ready"",""uptime_s"":7069}"
2026-06-25T09:22:07.518607,62.0,23.523,0.612,14.4,0,"{""soc"":62.0,""voltage"":23.523,""current"":0.612,""power"":14.40,""ocv"":23.556,""cell_v"":3.921,""charging"":false,""latch"":true,""pi_status"":""ready"",""uptime_s"":7074}"
2026-06-25T09:22:12.447654,62.0,23.523,0.865,20.37,0,"{""soc"":62.0,""voltage"":23.523,""current"":0.865,""power"":20.37,""ocv"":23.570,""cell_v"":3.921,""charging"":false,""latch"":true,""pi_status"":""ready"",""uptime_s"":7079}"
2026-06-25T09:22:17.453152,62.0,23.522,0.82,19.29,0,"{""soc"":62.0,""voltage"":23.522,""current"":0.820,""power"":19.29,""ocv"":23.566,""cell_v"":3.920,""charging"":false,""latch"":true,""pi_status"":""ready"",""uptime_s"":7084}"
2026-06-25T09:22:22.472310,61.9,23.518,1.756,41.2,0,"{""soc"":61.9,""voltage"":23.518,""current"":1.756,""power"":41.20,""ocv"":23.612,""cell_v"":3.920,""charging"":false,""latch"":true,""pi_status"":""ready"",""uptime_s"":7089}"
2026-06-25T09:22:27.485794,61.9,23.514,0.661,15.54,0,"{""soc"":61.9,""voltage"":23.514,""current"":0.661,""power"":15.54,""ocv"":23.550,""cell_v"":3.919,""charging"":false,""latch"":true,""pi_status"":""ready"",""uptime_s"":7094}"
2026-06-25T09:22:32.499682,61.9,23.515,0.796,18.7,0,"{""soc"":61.9,""voltage"":23.515,""current"":0.796,""power"":18.70,""ocv"":23.557,""cell_v"":3.919,""charging"":false,""latch"":true,""pi_status"":""ready"",""uptime_s"":7099}"
2026-06-25T09:22:37.740548,61.9,23.516,0.558,13.11,0,"{""soc"":61.9,""voltage"":23.516,""current"":0.558,""power"":13.11,""ocv"":23.546,""cell_v"":3.919,""charging"":false,""latch"":true,""pi_status"":""ready"",""uptime_s"":7104}"
2026-06-25T09:22:42.454827,61.8,23.519,0.547,12.89,0,"{""soc"":61.8,""voltage"":23.519,""current"":0.547,""power"":12.89,""ocv"":23.548,""cell_v"":3.920,""charging"":false,""latch"":true,""pi_status"":""ready"",""uptime_s"":7109}"
2026-06-25T09:22:47.485355,61.8,23.521,0.551,12.95,0,"{""soc"":61.8,""voltage"":23.521,""current"":0.551,""power"":12.95,""ocv"":23.551,""cell_v"":3.920,""charging"":false,""latch"":true,""pi_status"":""ready"",""uptime_s"":7114}"
2026-06-25T09:22:52.486895,61.8,23.523,0.564,13.25,0,"{""soc"":61.8,""voltage"":23.523,""current"":0.564,""power"":13.25,""ocv"":23.553,""cell_v"":3.920,""charging"":false,""latch"":true,""pi_status"":""ready"",""uptime_s"":7119}"
2026-06-25T09:22:57.512350,61.8,23.524,0.552,12.98,0,"{""soc"":61.8,""voltage"":23.524,""current"":0.552,""power"":12.98,""ocv"":23.554,""cell_v"":3.921,""charging"":false,""latch"":true,""pi_status"":""ready"",""uptime_s"":7124}"
2026-06-25T09:23:02.500792,61.8,23.524,0.558,13.11,0,"{""soc"":61.8,""voltage"":23.524,""current"":0.558,""power"":13.11,""ocv"":23.554,""cell_v"":3.921,""charging"":false,""latch"":true,""pi_status"":""ready"",""uptime_s"":7129}"
2026-06-25T09:23:07.636517,61.8,23.527,0.38,8.95,0,"{""soc"":61.8,""voltage"":23.527,""current"":0.380,""power"":8.95,""ocv"":23.548,""cell_v"":3.921,""charging"":false,""latch"":true,""pi_status"":""ready"",""uptime_s"":7134}"
2026-06-25T09:23:12.646012,60.9,23.529,0.382,8.97,0,"{""soc"":60.9,""voltage"":23.529,""current"":0.382,""power"":8.97,""ocv"":23.550,""cell_v"":3.922,""charging"":false,""latch"":true,""pi_status"":""offline"",""uptime_s"":7139}"
2026-06-25T09:23:17.483019,60.9,23.531,0.498,11.72,0,"{""soc"":60.9,""voltage"":23.531,""current"":0.498,""power"":11.72,""ocv"":23.557,""cell_v"":3.922,""charging"":false,""latch"":true,""pi_status"":""offline"",""uptime_s"":7144}"
2026-06-25T09:23:22.490107,60.8,23.531,0.547,12.86,0,"{""soc"":60.8,""voltage"":23.531,""current"":0.547,""power"":12.86,""ocv"":23.560,""cell_v"":3.922,""charging"":false,""latch"":true,""pi_status"":""starting"",""uptime_s"":7149}"
2026-06-25T09:23:27.486513,60.8,23.531,0.455,10.71,0,"{""soc"":60.8,""voltage"":23.531,""current"":0.455,""power"":10.71,""ocv"":23.555,""cell_v"":3.922,""charging"":false,""latch"":true,""pi_status"":""starting"",""uptime_s"":7154}"
2026-06-25T09:23:32.605971,60.8,23.531,0.45,10.57,0,"{""soc"":60.8,""voltage"":23.531,""current"":0.450,""power"":10.57,""ocv"":23.555,""cell_v"":3.922,""charging"":false,""latch"":true,""pi_status"":""starting"",""uptime_s"":7159}"
2026-06-25T09:23:37.530946,60.8,23.531,0.454,11.26,0,"{""soc"":60.8,""voltage"":23.531,""current"":0.454,""power"":11.26,""ocv"":23.555,""cell_v"":3.922,""charging"":false,""latch"":true,""pi_status"":""starting"",""uptime_s"":7164}"
2026-06-25T09:23:42.559361,60.8,23.53,0.667,15.7,0,"{""soc"":60.8,""voltage"":23.530,""current"":0.667,""power"":15.70,""ocv"":23.566,""cell_v"":3.922,""charging"":false,""latch"":true,""pi_status"":""starting"",""uptime_s"":7169}"
2026-06-25T09:23:47.593631,60.8,23.528,0.657,15.47,0,"{""soc"":60.8,""voltage"":23.528,""current"":0.657,""power"":15.47,""ocv"":23.563,""cell_v"":3.921,""charging"":false,""latch"":true,""pi_status"":""starting"",""uptime_s"":7174}"
2026-06-25T09:23:52.585073,60.7,23.527,0.64,15.04,0,"{""soc"":60.7,""voltage"":23.527,""current"":0.640,""power"":15.04,""ocv"":23.561,""cell_v"":3.921,""charging"":false,""latch"":true,""pi_status"":""ready"",""uptime_s"":7179}"
2026-06-25T09:23:57.813811,60.7,23.525,0.48,11.28,0,"{""soc"":60.7,""voltage"":23.525,""current"":0.480,""power"":11.28,""ocv"":23.551,""cell_v"":3.921,""charging"":false,""latch"":true,""pi_status"":""ready"",""uptime_s"":7184}"
2026-06-25T09:24:02.835747,60.7,23.525,0.451,10.62,0,"{""soc"":60.7,""voltage"":23.525,""current"":0.451,""power"":10.62,""ocv"":23.549,""cell_v"":3.921,""charging"":false,""latch"":true,""pi_status"":""ready"",""uptime_s"":7189}"
2026-06-25T09:24:07.654854,59.9,23.526,0.444,10.44,0,"{""soc"":59.9,""voltage"":23.526,""current"":0.444,""power"":10.44,""ocv"":23.550,""cell_v"":3.921,""charging"":false,""latch"":true,""pi_status"":""ready"",""uptime_s"":7194}"
2026-06-25T09:24:12.660102,59.9,23.526,0.446,10.48,0,"{""soc"":59.9,""voltage"":23.526,""current"":0.446,""power"":10.48,""ocv"":23.550,""cell_v"":3.921,""charging"":false,""latch"":true,""pi_status"":""ready"",""uptime_s"":7199}"
2026-06-25T09:24:17.588602,59.9,23.526,0.465,10.92,0,"{""soc"":59.9,""voltage"":23.526,""current"":0.465,""power"":10.92,""ocv"":23.551,""cell_v"":3.921,""charging"":false,""latch"":true,""pi_status"":""ready"",""uptime_s"":7204}"
2026-06-25T09:24:22.504725,59.9,23.526,0.445,10.46,0,"{""soc"":59.9,""voltage"":23.526,""current"":0.445,""power"":10.46,""ocv"":23.550,""cell_v"":3.921,""charging"":false,""latch"":true,""pi_status"":""ready"",""uptime_s"":7209}"
2026-06-25T09:24:27.514141,59.9,23.525,0.605,14.21,0,"{""soc"":59.9,""voltage"":23.525,""current"":0.605,""power"":14.21,""ocv"":23.558,""cell_v"":3.921,""charging"":false,""latch"":true,""pi_status"":""ready"",""uptime_s"":7214}"
2026-06-25T09:24:32.513191,59.8,23.522,0.774,18.2,0,"{""soc"":59.8,""voltage"":23.522,""current"":0.774,""power"":18.20,""ocv"":23.564,""cell_v"":3.920,""charging"":false,""latch"":true,""pi_status"":""ready"",""uptime_s"":7219}"
2026-06-25T09:24:37.649044,59.8,23.517,0.853,20.07,0,"{""soc"":59.8,""voltage"":23.517,""current"":0.853,""power"":20.07,""ocv"":23.563,""cell_v"":3.919,""charging"":false,""latch"":true,""pi_status"":""ready"",""uptime_s"":7224}"
2026-06-25T09:24:42.578643,59.8,23.512,0.834,19.59,0,"{""soc"":59.8,""voltage"":23.512,""current"":0.834,""power"":19.59,""ocv"":23.557,""cell_v"":3.919,""charging"":false,""latch"":true,""pi_status"":""ready"",""uptime_s"":7229}"
2026-06-25T09:24:47.595028,59.8,23.507,1.382,32.41,0,"{""soc"":59.8,""voltage"":23.507,""current"":1.382,""power"":32.41,""ocv"":23.581,""cell_v"":3.918,""charging"":false,""latch"":true,""pi_status"":""ready"",""uptime_s"":7234}"
2026-06-25T09:24:52.582131,59.7,23.496,1.349,31.65,0,"{""soc"":59.7,""voltage"":23.496,""current"":1.349,""power"":31.65,""ocv"":23.568,""cell_v"":3.916,""charging"":false,""latch"":true,""pi_status"":""ready"",""uptime_s"":7239}"
2026-06-25T09:24:58.013211,59.7,23.487,1.534,35.96,0,"{""soc"":59.7,""voltage"":23.487,""current"":1.534,""power"":35.96,""ocv"":23.570,""cell_v"":3.915,""charging"":false,""latch"":true,""pi_status"":""ready"",""uptime_s"":7244}"
2026-06-25T09:25:02.529569,59.6,23.479,1.176,27.6,0,"{""soc"":59.6,""voltage"":23.479,""current"":1.176,""power"":27.60,""ocv"":23.543,""cell_v"":3.913,""charging"":false,""latch"":true,""pi_status"":""ready"",""uptime_s"":7249}"
2026-06-25T09:25:07.546623,59.6,23.474,1.132,26.55,0,"{""soc"":59.6,""voltage"":23.474,""current"":1.132,""power"":26.55,""ocv"":23.535,""cell_v"":3.912,""charging"":false,""latch"":true,""pi_status"":""ready"",""uptime_s"":7254}"
2026-06-25T09:25:12.555934,59.6,23.477,0.61,14.33,0,"{""soc"":59.6,""voltage"":23.477,""current"":0.610,""power"":14.33,""ocv"":23.510,""cell_v"":3.913,""charging"":false,""latch"":true,""pi_status"":""ready"",""uptime_s"":7259}"
2026-06-25T09:25:17.706017,59.6,23.481,0.549,12.91,0,"{""soc"":59.6,""voltage"":23.481,""current"":0.549,""power"":12.91,""ocv"":23.511,""cell_v"":3.914,""charging"":false,""latch"":true,""pi_status"":""ready"",""uptime_s"":7264}"
2026-06-25T09:25:22.705993,59.6,23.484,0.708,16.62,0,"{""soc"":59.6,""voltage"":23.484,""current"":0.708,""power"":16.62,""ocv"":23.522,""cell_v"":3.914,""charging"":false,""latch"":true,""pi_status"":""ready"",""uptime_s"":7269}"
2026-06-25T09:25:27.806913,59.5,23.485,0.655,15.36,0,"{""soc"":59.5,""voltage"":23.485,""current"":0.655,""power"":15.36,""ocv"":23.521,""cell_v"":3.914,""charging"":false,""latch"":true,""pi_status"":""ready"",""uptime_s"":7274}"
2026-06-25T09:25:32.543680,59.5,23.483,1.398,32.8,0,"{""soc"":59.5,""voltage"":23.483,""current"":1.398,""power"":32.80,""ocv"":23.558,""cell_v"":3.914,""charging"":false,""latch"":true,""pi_status"":""ready"",""uptime_s"":7279}"
2026-06-25T09:25:37.553311,59.5,23.474,1.168,27.4,0,"{""soc"":59.5,""voltage"":23.474,""current"":1.168,""power"":27.40,""ocv"":23.537,""cell_v"":3.912,""charging"":false,""latch"":true,""pi_status"":""ready"",""uptime_s"":7284}"
2026-06-25T09:25:42.568954,59.4,23.467,1.233,28.93,0,"{""soc"":59.4,""voltage"":23.467,""current"":1.233,""power"":28.93,""ocv"":23.534,""cell_v"":3.911,""charging"":false,""latch"":true,""pi_status"":""ready"",""uptime_s"":7289}"
2026-06-25T09:25:47.705086,59.4,23.46,1.242,29.11,0,"{""soc"":59.4,""voltage"":23.460,""current"":1.242,""power"":29.11,""ocv"":23.527,""cell_v"":3.910,""charging"":false,""latch"":true,""pi_status"":""ready"",""uptime_s"":7294}"
2026-06-25T09:25:52.604793,59.4,23.455,1.501,35.16,0,"{""soc"":59.4,""voltage"":23.455,""current"":1.501,""power"":35.16,""ocv"":23.536,""cell_v"":3.909,""charging"":false,""latch"":true,""pi_status"":""ready"",""uptime_s"":7299}"
2026-06-25T09:25:57.716867,59.3,23.45,1.245,29.18,0,"{""soc"":59.3,""voltage"":23.450,""current"":1.245,""power"":29.18,""ocv"":23.517,""cell_v"":3.908,""charging"":false,""latch"":true,""pi_status"":""ready"",""uptime_s"":7304}"
2026-06-25T09:26:02.629709,59.3,23.448,0.913,21.38,0,"{""soc"":59.3,""voltage"":23.448,""current"":0.913,""power"":21.38,""ocv"":23.497,""cell_v"":3.908,""charging"":false,""latch"":true,""pi_status"":""ready"",""uptime_s"":7309}"
2026-06-25T09:26:07.561846,59.3,23.45,0.883,20.69,0,"{""soc"":59.3,""voltage"":23.450,""current"":0.883,""power"":20.69,""ocv"":23.497,""cell_v"":3.908,""charging"":false,""latch"":true,""pi_status"":""ready"",""uptime_s"":7314}"
2026-06-25T09:26:13.107268,59.2,23.452,0.804,18.86,0,"{""soc"":59.2,""voltage"":23.452,""current"":0.804,""power"":18.86,""ocv"":23.495,""cell_v"":3.909,""charging"":false,""latch"":true,""pi_status"":""ready"",""uptime_s"":7319}"
2026-06-25T09:26:17.580488,59.2,23.452,0.842,19.75,0,"{""soc"":59.2,""voltage"":23.452,""current"":0.842,""power"":19.75,""ocv"":23.498,""cell_v"":3.909,""charging"":false,""latch"":true,""pi_status"":""ready"",""uptime_s"":7324}"
2026-06-25T09:26:22.603428,59.2,23.453,0.834,19.55,0,"{""soc"":59.2,""voltage"":23.453,""current"":0.834,""power"":19.55,""ocv"":23.498,""cell_v"":3.909,""charging"":false,""latch"":true,""pi_status"":""ready"",""uptime_s"":7329}"
2026-06-25T09:26:27.716745,59.2,23.453,0.817,19.16,0,"{""soc"":59.2,""voltage"":23.453,""current"":0.817,""power"":19.16,""ocv"":23.497,""cell_v"":3.909,""charging"":false,""latch"":true,""pi_status"":""ready"",""uptime_s"":7334}"
2026-06-25T09:26:32.629047,59.1,23.454,0.622,14.6,0,"{""soc"":59.1,""voltage"":23.454,""current"":0.622,""power"":14.60,""ocv"":23.488,""cell_v"":3.909,""charging"":false,""latch"":true,""pi_status"":""ready"",""uptime_s"":7339}"
2026-06-25T09:26:37.578034,59.1,23.454,0.856,20.07,0,"{""soc"":59.1,""voltage"":23.454,""current"":0.856,""power"":20.07,""ocv"":23.500,""cell_v"":3.909,""charging"":false,""latch"":true,""pi_status"":""ready"",""uptime_s"":7344}"
2026-06-25T09:26:42.783068,59.1,23.454,0.869,20.37,0,"{""soc"":59.1,""voltage"":23.454,""current"":0.869,""power"":20.37,""ocv"":23.500,""cell_v"":3.909,""charging"":false,""latch"":true,""pi_status"":""ready"",""uptime_s"":7349}"
2026-06-25T09:26:47.579430,59.1,23.453,0.697,16.34,0,"{""soc"":59.1,""voltage"":23.453,""current"":0.697,""power"":16.34,""ocv"":23.491,""cell_v"":3.909,""charging"":false,""latch"":true,""pi_status"":""ready"",""uptime_s"":7354}"
2026-06-25T09:26:52.611378,59.0,23.454,0.715,16.75,0,"{""soc"":59.0,""voltage"":23.454,""current"":0.715,""power"":16.75,""ocv"":23.492,""cell_v"":3.909,""charging"":false,""latch"":true,""pi_status"":""ready"",""uptime_s"":7359}"
2026-06-25T09:26:57.639529,59.0,23.453,0.861,20.19,0,"{""soc"":59.0,""voltage"":23.453,""current"":0.861,""power"":20.19,""ocv"":23.499,""cell_v"":3.909,""charging"":false,""latch"":true,""pi_status"":""ready"",""uptime_s"":7364}"
2026-06-25T09:27:02.633830,59.0,23.456,0.555,13.02,0,"{""soc"":59.0,""voltage"":23.456,""current"":0.555,""power"":13.02,""ocv"":23.485,""cell_v"":3.909,""charging"":false,""latch"":true,""pi_status"":""ready"",""uptime_s"":7369}"
2026-06-25T09:27:07.763548,59.0,23.457,0.552,12.95,0,"{""soc"":59.0,""voltage"":23.457,""current"":0.552,""power"":12.95,""ocv"":23.487,""cell_v"":3.909,""charging"":false,""latch"":true,""pi_status"":""ready"",""uptime_s"":7374}"
2026-06-25T09:27:12.662721,59.0,23.457,0.752,17.62,0,"{""soc"":59.0,""voltage"":23.457,""current"":0.752,""power"":17.62,""ocv"":23.498,""cell_v"":3.910,""charging"":false,""latch"":true,""pi_status"":""ready"",""uptime_s"":7379}"
2026-06-25T09:27:17.603605,58.9,23.455,0.815,19.09,0,"{""soc"":58.9,""voltage"":23.455,""current"":0.815,""power"":19.09,""ocv"":23.499,""cell_v"":3.909,""charging"":false,""latch"":true,""pi_status"":""ready"",""uptime_s"":7384}"
2026-06-25T09:27:22.715000,58.9,23.453,0.873,20.48,0,"{""soc"":58.9,""voltage"":23.453,""current"":0.873,""power"":20.48,""ocv"":23.500,""cell_v"":3.909,""charging"":false,""latch"":true,""pi_status"":""ready"",""uptime_s"":7389}"
2026-06-25T09:27:27.751120,58.9,23.445,1.063,24.88,0,"{""soc"":58.9,""voltage"":23.445,""current"":1.063,""power"":24.88,""ocv"":23.502,""cell_v"":3.907,""charging"":false,""latch"":true,""pi_status"":""ready"",""uptime_s"":7394}"
2026-06-25T09:27:32.770312,58.8,23.436,1.22,28.56,0,"{""soc"":58.8,""voltage"":23.436,""current"":1.220,""power"":28.56,""ocv"":23.502,""cell_v"":3.906,""charging"":false,""latch"":true,""pi_status"":""ready"",""uptime_s"":7399}"
2026-06-25T09:27:37.788569,58.8,23.429,1.424,33.3,0,"{""soc"":58.8,""voltage"":23.429,""current"":1.424,""power"":33.30,""ocv"":23.506,""cell_v"":3.905,""charging"":false,""latch"":true,""pi_status"":""ready"",""uptime_s"":7404}"
2026-06-25T09:27:42.701027,58.8,23.423,1.31,30.67,0,"{""soc"":58.8,""voltage"":23.423,""current"":1.310,""power"":30.67,""ocv"":23.494,""cell_v"":3.904,""charging"":false,""latch"":true,""pi_status"":""ready"",""uptime_s"":7409}"
2026-06-25T09:27:47.689078,58.7,23.418,1.629,38.06,0,"{""soc"":58.7,""voltage"":23.418,""current"":1.629,""power"":38.06,""ocv"":23.505,""cell_v"":3.903,""charging"":false,""latch"":true,""pi_status"":""ready"",""uptime_s"":7414}"
2026-06-25T09:27:52.833607,58.7,23.413,1.416,33.14,0,"{""soc"":58.7,""voltage"":23.413,""current"":1.416,""power"":33.14,""ocv"":23.489,""cell_v"":3.902,""charging"":false,""latch"":true,""pi_status"":""ready"",""uptime_s"":7419}"
2026-06-25T09:27:57.833267,58.7,23.413,1.566,36.6,0,"{""soc"":58.7,""voltage"":23.413,""current"":1.566,""power"":36.60,""ocv"":23.497,""cell_v"":3.902,""charging"":false,""latch"":true,""pi_status"":""ready"",""uptime_s"":7424}"
2026-06-25T09:28:02.647615,58.6,23.408,1.521,35.55,0,"{""soc"":58.6,""voltage"":23.408,""current"":1.521,""power"":35.55,""ocv"":23.490,""cell_v"":3.901,""charging"":false,""latch"":true,""pi_status"":""ready"",""uptime_s"":7429}"
2026-06-25T09:28:07.665897,58.6,23.406,0.614,14.4,0,"{""soc"":58.6,""voltage"":23.406,""current"":0.614,""power"":14.40,""ocv"":23.440,""cell_v"":3.901,""charging"":false,""latch"":true,""pi_status"":""ready"",""uptime_s"":7434}"
2026-06-25T09:28:12.683615,58.5,23.404,1.409,32.96,0,"{""soc"":58.5,""voltage"":23.404,""current"":1.409,""power"":32.96,""ocv"":23.480,""cell_v"":3.901,""charging"":false,""latch"":true,""pi_status"":""ready"",""uptime_s"":7439}"
2026-06-25T09:28:17.717107,58.5,23.4,1.283,30.01,0,"{""soc"":58.5,""voltage"":23.400,""current"":1.283,""power"":30.01,""ocv"":23.469,""cell_v"":3.900,""charging"":false,""latch"":true,""pi_status"":""ready"",""uptime_s"":7444}"
2026-06-25T09:28:22.748963,58.5,23.392,2.713,63.24,0,"{""soc"":58.5,""voltage"":23.392,""current"":2.713,""power"":63.24,""ocv"":23.538,""cell_v"":3.899,""charging"":false,""latch"":true,""pi_status"":""ready"",""uptime_s"":7449}"
2026-06-25T09:28:27.755011,58.4,23.396,0.612,14.35,0,"{""soc"":58.4,""voltage"":23.396,""current"":0.612,""power"":14.35,""ocv"":23.429,""cell_v"":3.899,""charging"":false,""latch"":true,""pi_status"":""ready"",""uptime_s"":7454}"
2026-06-25T09:28:32.652681,58.4,23.404,0.449,10.53,0,"{""soc"":58.4,""voltage"":23.404,""current"":0.449,""power"":10.53,""ocv"":23.428,""cell_v"":3.901,""charging"":false,""latch"":true,""pi_status"":""ready"",""uptime_s"":7459}"
2026-06-25T09:28:38.293436,58.4,23.411,0.45,10.55,0,"{""soc"":58.4,""voltage"":23.411,""current"":0.450,""power"":10.55,""ocv"":23.435,""cell_v"":3.902,""charging"":false,""latch"":true,""pi_status"":""ready"",""uptime_s"":7464}"
2026-06-25T09:28:45.449394,57.4,23.417,0.455,10.67,0,"{""soc"":57.4,""voltage"":23.417,""current"":0.455,""power"":10.67,""ocv"":23.441,""cell_v"":3.903,""charging"":false,""latch"":true,""pi_status"":""ready"",""uptime_s"":7469}"
2026-06-25T09:28:48.334055,57.4,23.422,0.447,10.46,0,"{""soc"":57.4,""voltage"":23.422,""current"":0.447,""power"":10.46,""ocv"":23.446,""cell_v"":3.904,""charging"":false,""latch"":true,""pi_status"":""ready"",""uptime_s"":7474}"
2026-06-25T09:28:52.712209,57.4,23.425,0.546,12.79,0,"{""soc"":57.4,""voltage"":23.425,""current"":0.546,""power"":12.79,""ocv"":23.455,""cell_v"":3.904,""charging"":false,""latch"":true,""pi_status"":""ready"",""uptime_s"":7479}"
2026-06-25T09:28:58.378749,57.4,23.425,0.765,17.94,0,"{""soc"":57.4,""voltage"":23.425,""current"":0.765,""power"":17.94,""ocv"":23.466,""cell_v"":3.904,""charging"":false,""latch"":true,""pi_status"":""ready"",""uptime_s"":7484}"
2026-06-25T09:29:02.673194,57.4,23.422,0.845,19.78,0,"{""soc"":57.4,""voltage"":23.422,""current"":0.845,""power"":19.78,""ocv"":23.468,""cell_v"":3.904,""charging"":false,""latch"":true,""pi_status"":""ready"",""uptime_s"":7489}"
2026-06-25T09:29:07.683672,57.3,23.419,0.849,19.87,0,"{""soc"":57.3,""voltage"":23.419,""current"":0.849,""power"":19.87,""ocv"":23.465,""cell_v"":3.903,""charging"":false,""latch"":true,""pi_status"":""ready"",""uptime_s"":7494}"
2026-06-25T09:29:12.689807,57.3,23.411,1.294,30.24,0,"{""soc"":57.3,""voltage"":23.411,""current"":1.294,""power"":30.24,""ocv"":23.481,""cell_v"":3.902,""charging"":false,""latch"":true,""pi_status"":""ready"",""uptime_s"":7499}"
2026-06-25T09:29:17.814242,57.3,23.409,0.655,15.34,0,"{""soc"":57.3,""voltage"":23.409,""current"":0.655,""power"":15.34,""ocv"":23.444,""cell_v"":3.902,""charging"":false,""latch"":true,""pi_status"":""ready"",""uptime_s"":7504}"
2026-06-25T09:29:22.826692,57.2,23.408,0.867,20.28,0,"{""soc"":57.2,""voltage"":23.408,""current"":0.867,""power"":20.28,""ocv"":23.455,""cell_v"":3.901,""charging"":false,""latch"":true,""pi_status"":""ready"",""uptime_s"":7509}"
2026-06-25T09:29:27.751009,57.2,23.407,0.804,18.81,0,"{""soc"":57.2,""voltage"":23.407,""current"":0.804,""power"":18.81,""ocv"":23.450,""cell_v"":3.901,""charging"":false,""latch"":true,""pi_status"":""ready"",""uptime_s"":7514}"
2026-06-25T09:29:32.786779,57.2,23.41,0.559,13.11,0,"{""soc"":57.2,""voltage"":23.410,""current"":0.559,""power"":13.11,""ocv"":23.440,""cell_v"":3.902,""charging"":false,""latch"":true,""pi_status"":""ready"",""uptime_s"":7519}"
2026-06-25T09:29:37.681510,57.2,23.412,0.554,12.98,0,"{""soc"":57.2,""voltage"":23.412,""current"":0.554,""power"":12.98,""ocv"":23.441,""cell_v"":3.902,""charging"":false,""latch"":true,""pi_status"":""ready"",""uptime_s"":7524}"
2026-06-25T09:29:42.820342,57.2,23.412,0.587,13.76,0,"{""soc"":57.2,""voltage"":23.412,""current"":0.587,""power"":13.76,""ocv"":23.444,""cell_v"":3.902,""charging"":false,""latch"":true,""pi_status"":""ready"",""uptime_s"":7529}"
2026-06-25T09:29:47.813777,57.2,23.413,0.672,15.72,0,"{""soc"":57.2,""voltage"":23.413,""current"":0.672,""power"":15.72,""ocv"":23.450,""cell_v"":3.902,""charging"":false,""latch"":true,""pi_status"":""ready"",""uptime_s"":7534}"
2026-06-25T09:29:52.739853,57.1,23.411,0.784,18.33,0,"{""soc"":57.1,""voltage"":23.411,""current"":0.784,""power"":18.33,""ocv"":23.453,""cell_v"":3.902,""charging"":false,""latch"":true,""pi_status"":""ready"",""uptime_s"":7539}"
2026-06-25T09:29:57.749987,57.1,23.408,1.044,24.42,0,"{""soc"":57.1,""voltage"":23.408,""current"":1.044,""power"":24.42,""ocv"":23.464,""cell_v"":3.901,""charging"":false,""latch"":true,""pi_status"":""ready"",""uptime_s"":7544}"
2026-06-25T09:30:02.886903,57.1,23.396,1.58,36.9,0,"{""soc"":57.1,""voltage"":23.396,""current"":1.580,""power"":36.90,""ocv"":23.481,""cell_v"":3.899,""charging"":false,""latch"":true,""pi_status"":""ready"",""uptime_s"":7549}"
2026-06-25T09:30:07.709430,57.0,23.389,1.189,27.79,0,"{""soc"":57.0,""voltage"":23.389,""current"":1.189,""power"":27.79,""ocv"":23.453,""cell_v"":3.898,""charging"":false,""latch"":true,""pi_status"":""ready"",""uptime_s"":7554}"
2026-06-25T09:30:12.803910,57.0,23.382,1.075,25.11,0,"{""soc"":57.0,""voltage"":23.382,""current"":1.075,""power"":25.11,""ocv"":23.440,""cell_v"":3.897,""charging"":false,""latch"":true,""pi_status"":""ready"",""uptime_s"":7559}"
2026-06-25T09:30:17.929870,56.9,23.376,1.382,32.27,0,"{""soc"":56.9,""voltage"":23.376,""current"":1.382,""power"":32.27,""ocv"":23.450,""cell_v"":3.896,""charging"":false,""latch"":true,""pi_status"":""ready"",""uptime_s"":7564}"
2026-06-25T09:30:22.829129,56.9,23.369,1.384,32.34,0,"{""soc"":56.9,""voltage"":23.369,""current"":1.384,""power"":32.34,""ocv"":23.443,""cell_v"":3.895,""charging"":false,""latch"":true,""pi_status"":""ready"",""uptime_s"":7569}"
2026-06-25T09:30:27.749581,56.9,23.365,1.226,28.63,0,"{""soc"":56.9,""voltage"":23.365,""current"":1.226,""power"":28.63,""ocv"":23.431,""cell_v"":3.894,""charging"":false,""latch"":true,""pi_status"":""ready"",""uptime_s"":7574}"
2026-06-25T09:30:32.859644,56.8,23.362,1.231,28.75,0,"{""soc"":56.8,""voltage"":23.362,""current"":1.231,""power"":28.75,""ocv"":23.428,""cell_v"":3.894,""charging"":false,""latch"":true,""pi_status"":""ready"",""uptime_s"":7579}"
2026-06-25T09:30:37.773013,56.8,23.364,0.84,19.62,0,"{""soc"":56.8,""voltage"":23.364,""current"":0.840,""power"":19.62,""ocv"":23.409,""cell_v"":3.894,""charging"":false,""latch"":true,""pi_status"":""ready"",""uptime_s"":7584}"
2026-06-25T09:30:45.788023,56.8,23.366,0.819,19.16,0,"{""soc"":56.8,""voltage"":23.366,""current"":0.819,""power"":19.16,""ocv"":23.410,""cell_v"":3.894,""charging"":false,""latch"":true,""pi_status"":""ready"",""uptime_s"":7589}"
2026-06-25T09:30:47.846409,56.7,23.368,0.552,12.91,0,"{""soc"":56.7,""voltage"":23.368,""current"":0.552,""power"":12.91,""ocv"":23.398,""cell_v"":3.895,""charging"":false,""latch"":true,""pi_status"":""ready"",""uptime_s"":7594}"
2026-06-25T09:30:52.737759,56.7,23.372,0.56,13.11,0,"{""soc"":56.7,""voltage"":23.372,""current"":0.560,""power"":13.11,""ocv"":23.403,""cell_v"":3.895,""charging"":false,""latch"":true,""pi_status"":""ready"",""uptime_s"":7599}"
2026-06-25T09:30:57.761374,56.7,23.377,0.557,13.02,0,"{""soc"":56.7,""voltage"":23.377,""current"":0.557,""power"":13.02,""ocv"":23.407,""cell_v"":3.896,""charging"":false,""latch"":true,""pi_status"":""ready"",""uptime_s"":7604}"
2026-06-25T09:31:02.793512,56.7,23.38,0.565,13.21,0,"{""soc"":56.7,""voltage"":23.380,""current"":0.565,""power"":13.21,""ocv"":23.411,""cell_v"":3.897,""charging"":false,""latch"":true,""pi_status"":""ready"",""uptime_s"":7609}"
2026-06-25T09:31:07.916494,56.7,23.383,0.546,12.77,0,"{""soc"":56.7,""voltage"":23.383,""current"":0.546,""power"":12.77,""ocv"":23.412,""cell_v"":3.897,""charging"":false,""latch"":true,""pi_status"":""ready"",""uptime_s"":7614}"
2026-06-25T09:31:12.719874,56.7,23.384,0.567,13.25,0,"{""soc"":56.7,""voltage"":23.384,""current"":0.567,""power"":13.25,""ocv"":23.415,""cell_v"":3.897,""charging"":false,""latch"":true,""pi_status"":""ready"",""uptime_s"":7619}"
2026-06-25T09:31:17.810456,56.6,23.385,0.619,14.47,0,"{""soc"":56.6,""voltage"":23.385,""current"":0.619,""power"":14.47,""ocv"":23.419,""cell_v"":3.898,""charging"":false,""latch"":true,""pi_status"":""ready"",""uptime_s"":7624}"
2026-06-25T09:31:22.748348,56.6,23.384,0.826,19.29,0,"{""soc"":56.6,""voltage"":23.384,""current"":0.826,""power"":19.29,""ocv"":23.428,""cell_v"":3.897,""charging"":false,""latch"":true,""pi_status"":""ready"",""uptime_s"":7629}"
2026-06-25T09:31:27.965274,56.6,23.381,0.84,19.64,0,"{""soc"":56.6,""voltage"":23.381,""current"":0.840,""power"":19.64,""ocv"":23.426,""cell_v"":3.897,""charging"":false,""latch"":true,""pi_status"":""ready"",""uptime_s"":7634}"
2026-06-25T09:31:32.806409,56.6,23.376,1.352,31.56,0,"{""soc"":56.6,""voltage"":23.376,""current"":1.352,""power"":31.56,""ocv"":23.449,""cell_v"":3.896,""charging"":false,""latch"":true,""pi_status"":""ready"",""uptime_s"":7639}"
2026-06-25T09:31:37.896484,56.5,23.369,1.437,33.55,0,"{""soc"":56.5,""voltage"":23.369,""current"":1.437,""power"":33.55,""ocv"":23.446,""cell_v"":3.895,""charging"":false,""latch"":true,""pi_status"":""ready"",""uptime_s"":7644}"
2026-06-25T09:31:43.033769,56.5,23.361,1.152,26.87,0,"{""soc"":56.5,""voltage"":23.361,""current"":1.152,""power"":26.87,""ocv"":23.422,""cell_v"":3.893,""charging"":false,""latch"":true,""pi_status"":""ready"",""uptime_s"":7649}"
2026-06-25T09:31:48.052464,56.5,23.355,1.079,25.2,0,"{""soc"":56.5,""voltage"":23.355,""current"":1.079,""power"":25.20,""ocv"":23.413,""cell_v"":3.892,""charging"":false,""latch"":true,""pi_status"":""ready"",""uptime_s"":7654}"
2026-06-25T09:31:53.259912,56.4,23.348,1.233,28.79,0,"{""soc"":56.4,""voltage"":23.348,""current"":1.233,""power"":28.79,""ocv"":23.415,""cell_v"":3.891,""charging"":false,""latch"":true,""pi_status"":""ready"",""uptime_s"":7659}"
2026-06-25T09:31:57.851055,56.4,23.343,1.326,30.9,0,"{""soc"":56.4,""voltage"":23.343,""current"":1.326,""power"":30.90,""ocv"":23.414,""cell_v"":3.891,""charging"":false,""latch"":true,""pi_status"":""ready"",""uptime_s"":7664}"
2026-06-25T09:32:02.878727,56.3,23.338,1.415,33.0,0,"{""soc"":56.3,""voltage"":23.338,""current"":1.415,""power"":33.00,""ocv"":23.414,""cell_v"":3.890,""charging"":false,""latch"":true,""pi_status"":""ready"",""uptime_s"":7669}"
2026-06-25T09:32:08.112916,56.3,23.335,1.23,28.7,0,"{""soc"":56.3,""voltage"":23.335,""current"":1.230,""power"":28.70,""ocv"":23.401,""cell_v"":3.889,""charging"":false,""latch"":true,""pi_status"":""ready"",""uptime_s"":7674}"
2026-06-25T09:32:13.122427,56.3,23.337,0.851,19.87,0,"{""soc"":56.3,""voltage"":23.337,""current"":0.851,""power"":19.87,""ocv"":23.383,""cell_v"":3.890,""charging"":false,""latch"":true,""pi_status"":""ready"",""uptime_s"":7679}"
2026-06-25T09:32:17.753995,56.3,23.34,0.873,20.42,0,"{""soc"":56.3,""voltage"":23.340,""current"":0.873,""power"":20.42,""ocv"":23.387,""cell_v"":3.890,""charging"":false,""latch"":true,""pi_status"":""ready"",""uptime_s"":7684}"
2026-06-25T09:32:23.255347,56.2,23.344,0.567,13.23,0,"{""soc"":56.2,""voltage"":23.344,""current"":0.567,""power"":13.23,""ocv"":23.374,""cell_v"":3.891,""charging"":false,""latch"":true,""pi_status"":""ready"",""uptime_s"":7689}"
2026-06-25T09:32:27.764037,56.2,23.348,0.552,12.89,0,"{""soc"":56.2,""voltage"":23.348,""current"":0.552,""power"":12.89,""ocv"":23.377,""cell_v"":3.891,""charging"":false,""latch"":true,""pi_status"":""ready"",""uptime_s"":7694}"
2026-06-25T09:32:32.776052,56.2,23.351,0.549,12.84,0,"{""soc"":56.2,""voltage"":23.351,""current"":0.549,""power"":12.84,""ocv"":23.381,""cell_v"":3.892,""charging"":false,""latch"":true,""pi_status"":""ready"",""uptime_s"":7699}"
2026-06-25T09:32:38.033047,56.2,23.354,0.549,12.84,0,"{""soc"":56.2,""voltage"":23.354,""current"":0.549,""power"":12.84,""ocv"":23.383,""cell_v"":3.892,""charging"":false,""latch"":true,""pi_status"":""ready"",""uptime_s"":7704}"
2026-06-25T09:32:43.234875,56.2,23.356,0.575,13.44,0,"{""soc"":56.2,""voltage"":23.356,""current"":0.575,""power"":13.44,""ocv"":23.387,""cell_v"":3.893,""charging"":false,""latch"":true,""pi_status"":""ready"",""uptime_s"":7709}"
2026-06-25T09:32:47.831714,56.2,23.356,0.562,13.11,0,"{""soc"":56.2,""voltage"":23.356,""current"":0.562,""power"":13.11,""ocv"":23.387,""cell_v"":3.893,""charging"":false,""latch"":true,""pi_status"":""ready"",""uptime_s"":7714}"
2026-06-25T09:32:52.962323,56.1,23.358,0.555,12.95,0,"{""soc"":56.1,""voltage"":23.358,""current"":0.555,""power"":12.95,""ocv"":23.387,""cell_v"":3.893,""charging"":false,""latch"":true,""pi_status"":""ready"",""uptime_s"":7719}"
2026-06-25T09:32:57.971843,56.1,23.358,0.559,13.07,0,"{""soc"":56.1,""voltage"":23.358,""current"":0.559,""power"":13.07,""ocv"":23.388,""cell_v"":3.893,""charging"":false,""latch"":true,""pi_status"":""ready"",""uptime_s"":7724}"
2026-06-25T09:33:02.808233,56.1,23.359,0.547,12.77,0,"{""soc"":56.1,""voltage"":23.359,""current"":0.547,""power"":12.77,""ocv"":23.388,""cell_v"":3.893,""charging"":false,""latch"":true,""pi_status"":""ready"",""uptime_s"":7729}"
2026-06-25T09:33:07.895894,56.1,23.359,0.565,13.18,0,"{""soc"":56.1,""voltage"":23.359,""current"":0.565,""power"":13.18,""ocv"":23.390,""cell_v"":3.893,""charging"":false,""latch"":true,""pi_status"":""ready"",""uptime_s"":7734}"
2026-06-25T09:33:12.928661,56.1,23.359,0.56,13.09,0,"{""soc"":56.1,""voltage"":23.359,""current"":0.560,""power"":13.09,""ocv"":23.389,""cell_v"":3.893,""charging"":false,""latch"":true,""pi_status"":""ready"",""uptime_s"":7739}"
2026-06-25T09:33:17.843380,56.1,23.359,0.549,12.84,0,"{""soc"":56.1,""voltage"":23.359,""current"":0.549,""power"":12.84,""ocv"":23.389,""cell_v"":3.893,""charging"":false,""latch"":true,""pi_status"":""ready"",""uptime_s"":7744}"
2026-06-25T09:33:22.847955,56.0,23.359,0.556,13.0,0,"{""soc"":56.0,""voltage"":23.359,""current"":0.556,""power"":13.00,""ocv"":23.389,""cell_v"":3.893,""charging"":false,""latch"":true,""pi_status"":""ready"",""uptime_s"":7749}"
2026-06-25T09:33:27.797014,56.0,23.359,0.562,13.14,0,"{""soc"":56.0,""voltage"":23.359,""current"":0.562,""power"":13.14,""ocv"":23.390,""cell_v"":3.893,""charging"":false,""latch"":true,""pi_status"":""ready"",""uptime_s"":7754}"
2026-06-25T09:33:32.802646,56.0,23.359,0.555,12.98,0,"{""soc"":56.0,""voltage"":23.359,""current"":0.555,""power"":12.98,""ocv"":23.389,""cell_v"":3.893,""charging"":false,""latch"":true,""pi_status"":""ready"",""uptime_s"":7759}"
2026-06-25T09:33:37.829521,56.0,23.358,0.551,12.84,0,"{""soc"":56.0,""voltage"":23.358,""current"":0.551,""power"":12.84,""ocv"":23.388,""cell_v"":3.893,""charging"":false,""latch"":true,""pi_status"":""ready"",""uptime_s"":7764}"
2026-06-25T09:33:42.818387,56.0,23.357,0.549,12.84,0,"{""soc"":56.0,""voltage"":23.357,""current"":0.549,""power"":12.84,""ocv"":23.387,""cell_v"":3.893,""charging"":false,""latch"":true,""pi_status"":""ready"",""uptime_s"":7769}"
2026-06-25T09:33:47.932734,56.0,23.356,0.549,12.84,0,"{""soc"":56.0,""voltage"":23.356,""current"":0.549,""power"":12.84,""ocv"":23.386,""cell_v"":3.893,""charging"":false,""latch"":true,""pi_status"":""ready"",""uptime_s"":7774}"
2026-06-25T09:33:52.849259,55.9,23.356,0.547,12.79,0,"{""soc"":55.9,""voltage"":23.356,""current"":0.547,""power"":12.79,""ocv"":23.385,""cell_v"":3.893,""charging"":false,""latch"":true,""pi_status"":""ready"",""uptime_s"":7779}"
2026-06-25T09:33:57.805007,55.9,23.355,0.547,12.77,0,"{""soc"":55.9,""voltage"":23.355,""current"":0.547,""power"":12.77,""ocv"":23.385,""cell_v"":3.893,""charging"":false,""latch"":true,""pi_status"":""ready"",""uptime_s"":7784}"
2026-06-25T09:34:02.822004,55.9,23.355,0.557,13.0,0,"{""soc"":55.9,""voltage"":23.355,""current"":0.557,""power"":13.00,""ocv"":23.385,""cell_v"":3.893,""charging"":false,""latch"":true,""pi_status"":""ready"",""uptime_s"":7789}"
2026-06-25T09:34:07.903452,55.9,23.355,0.56,13.09,0,"{""soc"":55.9,""voltage"":23.355,""current"":0.560,""power"":13.09,""ocv"":23.385,""cell_v"":3.892,""charging"":false,""latch"":true,""pi_status"":""ready"",""uptime_s"":7794}"
2026-06-25T09:34:12.923053,55.9,23.353,0.552,12.89,0,"{""soc"":55.9,""voltage"":23.353,""current"":0.552,""power"":12.89,""ocv"":23.383,""cell_v"":3.892,""charging"":false,""latch"":true,""pi_status"":""ready"",""uptime_s"":7799}"
2026-06-25T09:34:17.849407,55.9,23.352,0.549,12.84,0,"{""soc"":55.9,""voltage"":23.352,""current"":0.549,""power"":12.84,""ocv"":23.382,""cell_v"":3.892,""charging"":false,""latch"":true,""pi_status"":""ready"",""uptime_s"":7804}"
2026-06-25T09:34:22.870499,55.8,23.352,0.557,13.0,0,"{""soc"":55.8,""voltage"":23.352,""current"":0.557,""power"":13.00,""ocv"":23.382,""cell_v"":3.892,""charging"":false,""latch"":true,""pi_status"":""ready"",""uptime_s"":7809}"
2026-06-25T09:34:27.874113,55.8,23.351,0.556,12.95,0,"{""soc"":55.8,""voltage"":23.351,""current"":0.556,""power"":12.95,""ocv"":23.381,""cell_v"":3.892,""charging"":false,""latch"":true,""pi_status"":""ready"",""uptime_s"":7814}"
2026-06-25T09:34:33.200458,55.8,23.349,0.559,13.07,0,"{""soc"":55.8,""voltage"":23.349,""current"":0.559,""power"":13.07,""ocv"":23.379,""cell_v"":3.892,""charging"":false,""latch"":true,""pi_status"":""ready"",""uptime_s"":7819}"
2026-06-25T09:34:38.017138,55.8,23.349,0.547,12.79,0,"{""soc"":55.8,""voltage"":23.349,""current"":0.547,""power"":12.79,""ocv"":23.378,""cell_v"":3.891,""charging"":false,""latch"":true,""pi_status"":""ready"",""uptime_s"":7824}"
2026-06-25T09:34:42.926532,55.8,23.348,0.566,13.21,0,"{""soc"":55.8,""voltage"":23.348,""current"":0.566,""power"":13.21,""ocv"":23.379,""cell_v"":3.891,""charging"":false,""latch"":true,""pi_status"":""ready"",""uptime_s"":7829}"
2026-06-25T09:34:47.855254,55.8,23.348,0.569,13.3,0,"{""soc"":55.8,""voltage"":23.348,""current"":0.569,""power"":13.30,""ocv"":23.379,""cell_v"":3.891,""charging"":false,""latch"":true,""pi_status"":""ready"",""uptime_s"":7834}"
2026-06-25T09:34:52.868265,55.7,23.348,0.554,12.93,0,"{""soc"":55.7,""voltage"":23.348,""current"":0.554,""power"":12.93,""ocv"":23.377,""cell_v"":3.891,""charging"":false,""latch"":true,""pi_status"":""ready"",""uptime_s"":7839}"
2026-06-25T09:34:57.890317,55.7,23.347,0.549,12.84,0,"{""soc"":55.7,""voltage"":23.347,""current"":0.549,""power"":12.84,""ocv"":23.377,""cell_v"":3.891,""charging"":false,""latch"":true,""pi_status"":""ready"",""uptime_s"":7844}"
2026-06-25T09:35:02.909766,55.7,23.346,0.557,12.98,0,"{""soc"":55.7,""voltage"":23.346,""current"":0.557,""power"":12.98,""ocv"":23.376,""cell_v"":3.891,""charging"":false,""latch"":true,""pi_status"":""ready"",""uptime_s"":7849}"
2026-06-25T09:35:08.027012,55.7,23.346,0.549,12.84,0,"{""soc"":55.7,""voltage"":23.346,""current"":0.549,""power"":12.84,""ocv"":23.375,""cell_v"":3.891,""charging"":false,""latch"":true,""pi_status"":""ready"",""uptime_s"":7854}"
2026-06-25T09:35:12.852639,55.7,23.345,0.554,12.93,0,"{""soc"":55.7,""voltage"":23.345,""current"":0.554,""power"":12.93,""ocv"":23.375,""cell_v"":3.891,""charging"":false,""latch"":true,""pi_status"":""ready"",""uptime_s"":7859}"
2026-06-25T09:35:18.671846,55.7,23.344,0.563,13.14,0,"{""soc"":55.7,""voltage"":23.344,""current"":0.563,""power"":13.14,""ocv"":23.374,""cell_v"":3.891,""charging"":false,""latch"":true,""pi_status"":""ready"",""uptime_s"":7864}"
2026-06-25T09:35:23.787192,55.6,23.343,0.566,13.21,0,"{""soc"":55.6,""voltage"":23.343,""current"":0.566,""power"":13.21,""ocv"":23.374,""cell_v"":3.891,""charging"":false,""latch"":true,""pi_status"":""ready"",""uptime_s"":7869}"
2026-06-25T09:35:27.888672,55.6,23.342,0.573,13.37,0,"{""soc"":55.6,""voltage"":23.342,""current"":0.573,""power"":13.37,""ocv"":23.373,""cell_v"":3.890,""charging"":false,""latch"":true,""pi_status"":""ready"",""uptime_s"":7874}"
2026-06-25T09:35:33.037216,55.6,23.341,0.555,12.93,0,"{""soc"":55.6,""voltage"":23.341,""current"":0.555,""power"":12.93,""ocv"":23.371,""cell_v"":3.890,""charging"":false,""latch"":true,""pi_status"":""ready"",""uptime_s"":7879}"
2026-06-25T09:35:38.022247,55.6,23.34,0.555,12.95,0,"{""soc"":55.6,""voltage"":23.340,""current"":0.555,""power"":12.95,""ocv"":23.370,""cell_v"":3.890,""charging"":false,""latch"":true,""pi_status"":""ready"",""uptime_s"":7884}"
2026-06-25T09:35:42.867559,55.6,23.34,0.551,12.86,0,"{""soc"":55.6,""voltage"":23.340,""current"":0.551,""power"":12.86,""ocv"":23.369,""cell_v"":3.890,""charging"":false,""latch"":true,""pi_status"":""ready"",""uptime_s"":7889}"
2026-06-25T09:35:47.880557,55.6,23.339,0.553,12.89,0,"{""soc"":55.6,""voltage"":23.339,""current"":0.553,""power"":12.89,""ocv"":23.369,""cell_v"":3.890,""charging"":false,""latch"":true,""pi_status"":""ready"",""uptime_s"":7894}"
2026-06-25T09:35:53.484978,55.5,23.338,0.61,14.24,0,"{""soc"":55.5,""voltage"":23.338,""current"":0.610,""power"":14.24,""ocv"":23.371,""cell_v"":3.890,""charging"":false,""latch"":true,""pi_status"":""ready"",""uptime_s"":7899}"
2026-06-25T09:35:58.838241,55.5,23.336,0.551,12.84,0,"{""soc"":55.5,""voltage"":23.336,""current"":0.551,""power"":12.84,""ocv"":23.366,""cell_v"":3.889,""charging"":false,""latch"":true,""pi_status"":""ready"",""uptime_s"":7904}"
2026-06-25T09:36:02.898966,55.5,23.336,0.564,13.16,0,"{""soc"":55.5,""voltage"":23.336,""current"":0.564,""power"":13.16,""ocv"":23.366,""cell_v"":3.889,""charging"":false,""latch"":true,""pi_status"":""ready"",""uptime_s"":7909}"
2026-06-25T09:36:09.990966,55.5,23.334,0.581,13.6,0,"{""soc"":55.5,""voltage"":23.334,""current"":0.581,""power"":13.60,""ocv"":23.365,""cell_v"":3.889,""charging"":false,""latch"":true,""pi_status"":""ready"",""uptime_s"":7914}"
2026-06-25T09:36:12.939608,55.5,23.333,0.602,14.05,0,"{""soc"":55.5,""voltage"":23.333,""current"":0.602,""power"":14.05,""ocv"":23.366,""cell_v"":3.889,""charging"":false,""latch"":true,""pi_status"":""ready"",""uptime_s"":7919}"
2026-06-25T09:36:18.082086,55.5,23.332,0.553,12.91,0,"{""soc"":55.5,""voltage"":23.332,""current"":0.553,""power"":12.91,""ocv"":23.361,""cell_v"":3.889,""charging"":false,""latch"":true,""pi_status"":""ready"",""uptime_s"":7924}"
2026-06-25T09:36:26.867137,55.4,23.331,0.598,13.94,0,"{""soc"":55.4,""voltage"":23.331,""current"":0.598,""power"":13.94,""ocv"":23.363,""cell_v"":3.888,""charging"":false,""latch"":true,""pi_status"":""ready"",""uptime_s"":7929}"
2026-06-25T09:36:29.762112,55.4,23.331,0.558,13.05,0,"{""soc"":55.4,""voltage"":23.331,""current"":0.558,""power"":13.05,""ocv"":23.361,""cell_v"":3.888,""charging"":false,""latch"":true,""pi_status"":""ready"",""uptime_s"":7934}"
2026-06-25T09:36:34.440769,55.4,23.33,0.564,13.16,0,"{""soc"":55.4,""voltage"":23.330,""current"":0.564,""power"":13.16,""ocv"":23.360,""cell_v"":3.888,""charging"":false,""latch"":true,""pi_status"":""ready"",""uptime_s"":7939}"
2026-06-25T09:36:38.048409,55.4,23.329,0.579,13.5,0,"{""soc"":55.4,""voltage"":23.329,""current"":0.579,""power"":13.50,""ocv"":23.360,""cell_v"":3.888,""charging"":false,""latch"":true,""pi_status"":""ready"",""uptime_s"":7944}"
2026-06-25T09:36:47.550521,55.4,23.328,0.572,13.34,0,"{""soc"":55.4,""voltage"":23.328,""current"":0.572,""power"":13.34,""ocv"":23.359,""cell_v"":3.888,""charging"":false,""latch"":true,""pi_status"":""ready"",""uptime_s"":7949}"
2026-06-25T09:36:47.980167,55.4,23.327,0.568,13.25,0,"{""soc"":55.4,""voltage"":23.327,""current"":0.568,""power"":13.25,""ocv"":23.358,""cell_v"":3.888,""charging"":false,""latch"":true,""pi_status"":""ready"",""uptime_s"":7954}"
2026-06-25T09:36:53.721614,55.3,23.327,0.587,13.69,0,"{""soc"":55.3,""voltage"":23.327,""current"":0.587,""power"":13.69,""ocv"":23.358,""cell_v"":3.888,""charging"":false,""latch"":true,""pi_status"":""ready"",""uptime_s"":7959}"
2026-06-25T09:36:57.899249,55.3,23.326,0.553,12.89,0,"{""soc"":55.3,""voltage"":23.326,""current"":0.553,""power"":12.89,""ocv"":23.355,""cell_v"":3.888,""charging"":false,""latch"":true,""pi_status"":""ready"",""uptime_s"":7964}"
2026-06-25T09:37:02.943912,55.3,23.325,0.551,12.84,0,"{""soc"":55.3,""voltage"":23.325,""current"":0.551,""power"":12.84,""ocv"":23.355,""cell_v"":3.887,""charging"":false,""latch"":true,""pi_status"":""ready"",""uptime_s"":7969}"
2026-06-25T09:37:07.945143,55.3,23.323,0.556,12.95,0,"{""soc"":55.3,""voltage"":23.323,""current"":0.556,""power"":12.95,""ocv"":23.353,""cell_v"":3.887,""charging"":false,""latch"":true,""pi_status"":""ready"",""uptime_s"":7974}"
2026-06-25T09:37:13.072579,55.3,23.323,0.6,13.98,0,"{""soc"":55.3,""voltage"":23.323,""current"":0.600,""power"":13.98,""ocv"":23.355,""cell_v"":3.887,""charging"":false,""latch"":true,""pi_status"":""ready"",""uptime_s"":7979}"
2026-06-25T09:37:17.964529,55.3,23.322,0.548,12.79,0,"{""soc"":55.3,""voltage"":23.322,""current"":0.548,""power"":12.79,""ocv"":23.352,""cell_v"":3.887,""charging"":false,""latch"":true,""pi_status"":""ready"",""uptime_s"":7984}"
2026-06-25T09:37:22.971943,55.2,23.322,0.565,13.16,0,"{""soc"":55.2,""voltage"":23.322,""current"":0.565,""power"":13.16,""ocv"":23.352,""cell_v"":3.887,""charging"":false,""latch"":true,""pi_status"":""ready"",""uptime_s"":7989}"
2026-06-25T09:37:27.930802,55.2,23.32,0.556,12.95,0,"{""soc"":55.2,""voltage"":23.320,""current"":0.556,""power"":12.95,""ocv"":23.350,""cell_v"":3.887,""charging"":false,""latch"":true,""pi_status"":""ready"",""uptime_s"":7994}"
2026-06-25T09:37:33.017808,55.2,23.319,0.558,13.0,0,"{""soc"":55.2,""voltage"":23.319,""current"":0.558,""power"":13.00,""ocv"":23.349,""cell_v"":3.887,""charging"":false,""latch"":true,""pi_status"":""ready"",""uptime_s"":7999}"
2026-06-25T09:37:37.950529,55.2,23.319,0.569,13.25,0,"{""soc"":55.2,""voltage"":23.319,""current"":0.569,""power"":13.25,""ocv"":23.349,""cell_v"":3.886,""charging"":false,""latch"":true,""pi_status"":""ready"",""uptime_s"":8004}"
2026-06-25T09:37:43.056568,55.2,23.318,0.566,13.21,0,"{""soc"":55.2,""voltage"":23.318,""current"":0.566,""power"":13.21,""ocv"":23.348,""cell_v"":3.886,""charging"":false,""latch"":true,""pi_status"":""ready"",""uptime_s"":8009}"
2026-06-25T09:37:47.962717,55.2,23.316,0.564,13.14,0,"{""soc"":55.2,""voltage"":23.316,""current"":0.564,""power"":13.14,""ocv"":23.347,""cell_v"":3.886,""charging"":false,""latch"":true,""pi_status"":""ready"",""uptime_s"":8014}"
2026-06-25T09:37:52.990436,55.1,23.316,0.566,13.21,0,"{""soc"":55.1,""voltage"":23.316,""current"":0.566,""power"":13.21,""ocv"":23.346,""cell_v"":3.886,""charging"":false,""latch"":true,""pi_status"":""ready"",""uptime_s"":8019}"
2026-06-25T09:37:57.931282,55.1,23.315,0.583,13.6,0,"{""soc"":55.1,""voltage"":23.315,""current"":0.583,""power"":13.60,""ocv"":23.346,""cell_v"":3.886,""charging"":false,""latch"":true,""pi_status"":""ready"",""uptime_s"":8024}"
2026-06-25T09:38:03.020791,55.1,23.314,0.564,13.14,0,"{""soc"":55.1,""voltage"":23.314,""current"":0.564,""power"":13.14,""ocv"":23.345,""cell_v"":3.886,""charging"":false,""latch"":true,""pi_status"":""ready"",""uptime_s"":8029}"
2026-06-25T09:38:08.067204,55.1,23.314,0.575,13.41,0,"{""soc"":55.1,""voltage"":23.314,""current"":0.575,""power"":13.41,""ocv"":23.345,""cell_v"":3.886,""charging"":false,""latch"":true,""pi_status"":""ready"",""uptime_s"":8034}"
2026-06-25T09:38:12.959586,55.1,23.312,0.614,14.33,0,"{""soc"":55.1,""voltage"":23.312,""current"":0.614,""power"":14.33,""ocv"":23.345,""cell_v"":3.885,""charging"":false,""latch"":true,""pi_status"":""ready"",""uptime_s"":8039}"
2026-06-25T09:38:17.972854,55.1,23.312,0.563,13.11,0,"{""soc"":55.1,""voltage"":23.312,""current"":0.563,""power"":13.11,""ocv"":23.342,""cell_v"":3.885,""charging"":false,""latch"":true,""pi_status"":""ready"",""uptime_s"":8044}"
2026-06-25T09:38:23.014505,55.0,23.309,0.716,16.69,0,"{""soc"":55.0,""voltage"":23.309,""current"":0.716,""power"":16.69,""ocv"":23.348,""cell_v"":3.885,""charging"":false,""latch"":true,""pi_status"":""ready"",""uptime_s"":8049}"
2026-06-25T09:38:28.034730,55.0,23.305,0.864,20.14,0,"{""soc"":55.0,""voltage"":23.305,""current"":0.864,""power"":20.14,""ocv"":23.352,""cell_v"":3.884,""charging"":false,""latch"":true,""pi_status"":""ready"",""uptime_s"":8054}"
2026-06-25T09:38:32.946556,55.0,23.303,0.562,13.09,0,"{""soc"":55.0,""voltage"":23.303,""current"":0.562,""power"":13.09,""ocv"":23.333,""cell_v"":3.884,""charging"":false,""latch"":true,""pi_status"":""ready"",""uptime_s"":8059}"
2026-06-25T09:38:37.958341,55.0,23.301,0.807,18.81,0,"{""soc"":55.0,""voltage"":23.301,""current"":0.807,""power"":18.81,""ocv"":23.345,""cell_v"":3.884,""charging"":false,""latch"":true,""pi_status"":""ready"",""uptime_s"":8064}"
2026-06-25T09:38:42.953525,54.9,23.297,0.845,19.68,0,"{""soc"":54.9,""voltage"":23.297,""current"":0.845,""power"":19.68,""ocv"":23.343,""cell_v"":3.883,""charging"":false,""latch"":true,""pi_status"":""ready"",""uptime_s"":8069}"
2026-06-25T09:38:48.307347,54.9,23.294,0.883,20.53,0,"{""soc"":54.9,""voltage"":23.294,""current"":0.883,""power"":20.53,""ocv"":23.341,""cell_v"":3.882,""charging"":false,""latch"":true,""pi_status"":""ready"",""uptime_s"":8074}"
2026-06-25T09:38:53.118043,54.9,23.286,1.414,32.89,0,"{""soc"":54.9,""voltage"":23.286,""current"":1.414,""power"":32.89,""ocv"":23.362,""cell_v"":3.881,""charging"":false,""latch"":true,""pi_status"":""ready"",""uptime_s"":8079}"
2026-06-25T09:38:58.011868,54.9,23.279,1.142,26.55,0,"{""soc"":54.9,""voltage"":23.279,""current"":1.142,""power"":26.55,""ocv"":23.340,""cell_v"":3.880,""charging"":false,""latch"":true,""pi_status"":""ready"",""uptime_s"":8084}"
2026-06-25T09:39:03.023627,54.8,23.27,1.352,31.43,0,"{""soc"":54.8,""voltage"":23.270,""current"":1.352,""power"":31.43,""ocv"":23.343,""cell_v"":3.878,""charging"":false,""latch"":true,""pi_status"":""ready"",""uptime_s"":8089}"
2026-06-25T09:39:07.967717,54.8,23.262,1.653,38.38,0,"{""soc"":54.8,""voltage"":23.262,""current"":1.653,""power"":38.38,""ocv"":23.351,""cell_v"":3.877,""charging"":false,""latch"":true,""pi_status"":""ready"",""uptime_s"":8094}"
2026-06-25T09:39:12.979005,54.7,23.257,1.31,30.44,0,"{""soc"":54.7,""voltage"":23.257,""current"":1.310,""power"":30.44,""ocv"":23.327,""cell_v"":3.876,""charging"":false,""latch"":true,""pi_status"":""ready"",""uptime_s"":8099}"
2026-06-25T09:39:17.992011,54.7,23.252,1.317,30.6,0,"{""soc"":54.7,""voltage"":23.252,""current"":1.317,""power"":30.60,""ocv"":23.323,""cell_v"":3.875,""charging"":false,""latch"":true,""pi_status"":""ready"",""uptime_s"":8104}"
2026-06-25T09:39:23.017000,54.7,23.253,0.818,19.04,0,"{""soc"":54.7,""voltage"":23.253,""current"":0.818,""power"":19.04,""ocv"":23.297,""cell_v"":3.876,""charging"":false,""latch"":true,""pi_status"":""ready"",""uptime_s"":8109}"
2026-06-25T09:39:28.129145,54.6,23.253,0.919,21.35,0,"{""soc"":54.6,""voltage"":23.253,""current"":0.919,""power"":21.35,""ocv"":23.303,""cell_v"":3.876,""charging"":false,""latch"":true,""pi_status"":""ready"",""uptime_s"":8114}"
2026-06-25T09:39:33.140280,54.6,23.256,0.566,13.18,0,"{""soc"":54.6,""voltage"":23.256,""current"":0.566,""power"":13.18,""ocv"":23.287,""cell_v"":3.876,""charging"":false,""latch"":true,""pi_status"":""ready"",""uptime_s"":8119}"
2026-06-25T09:39:38.052508,54.6,23.261,0.557,12.95,0,"{""soc"":54.6,""voltage"":23.261,""current"":0.557,""power"":12.95,""ocv"":23.291,""cell_v"":3.877,""charging"":false,""latch"":true,""pi_status"":""ready"",""uptime_s"":8124}"
2026-06-25T09:39:42.984025,54.6,23.264,0.557,12.95,0,"{""soc"":54.6,""voltage"":23.264,""current"":0.557,""power"":12.95,""ocv"":23.294,""cell_v"":3.877,""charging"":false,""latch"":true,""pi_status"":""ready"",""uptime_s"":8129}"
2026-06-25T09:39:50.672594,54.6,23.267,0.562,13.07,0,"{""soc"":54.6,""voltage"":23.267,""current"":0.562,""power"":13.07,""ocv"":23.297,""cell_v"":3.878,""charging"":false,""latch"":true,""pi_status"":""ready"",""uptime_s"":8134}"
2026-06-25T09:39:56.911052,54.6,23.269,0.557,12.95,0,"{""soc"":54.6,""voltage"":23.269,""current"":0.557,""power"":12.95,""ocv"":23.299,""cell_v"":3.878,""charging"":false,""latch"":true,""pi_status"":""ready"",""uptime_s"":8139}"
2026-06-25T09:39:58.734441,54.5,23.271,0.67,15.59,0,"{""soc"":54.5,""voltage"":23.271,""current"":0.670,""power"":15.59,""ocv"":23.307,""cell_v"":3.878,""charging"":false,""latch"":true,""pi_status"":""ready"",""uptime_s"":8144}"
2026-06-25T09:40:03.236335,54.5,23.271,0.645,15.01,0,"{""soc"":54.5,""voltage"":23.271,""current"":0.645,""power"":15.01,""ocv"":23.305,""cell_v"":3.878,""charging"":false,""latch"":true,""pi_status"":""ready"",""uptime_s"":8149}"
2026-06-25T09:40:08.147758,54.5,23.271,0.631,14.67,0,"{""soc"":54.5,""voltage"":23.271,""current"":0.631,""power"":14.67,""ocv"":23.305,""cell_v"":3.879,""charging"":false,""latch"":true,""pi_status"":""ready"",""uptime_s"":8154}"
2026-06-25T09:40:13.268745,54.5,23.272,0.572,13.3,0,"{""soc"":54.5,""voltage"":23.272,""current"":0.572,""power"":13.30,""ocv"":23.302,""cell_v"":3.879,""charging"":false,""latch"":true,""pi_status"":""ready"",""uptime_s"":8159}"
2026-06-25T09:40:19.011605,54.5,23.272,0.581,13.55,0,"{""soc"":54.5,""voltage"":23.272,""current"":0.581,""power"":13.55,""ocv"":23.303,""cell_v"":3.879,""charging"":false,""latch"":true,""pi_status"":""ready"",""uptime_s"":8164}"
2026-06-25T09:40:24.134868,54.4,23.272,0.574,13.37,0,"{""soc"":54.4,""voltage"":23.272,""current"":0.574,""power"":13.37,""ocv"":23.303,""cell_v"":3.879,""charging"":false,""latch"":true,""pi_status"":""ready"",""uptime_s"":8169}"
2026-06-25T09:40:32.638109,54.4,23.272,0.559,13.02,0,"{""soc"":54.4,""voltage"":23.272,""current"":0.559,""power"":13.02,""ocv"":23.302,""cell_v"":3.879,""charging"":false,""latch"":true,""pi_status"":""ready"",""uptime_s"":8174}"
2026-06-25T09:40:33.055040,54.4,23.271,0.549,12.79,0,"{""soc"":54.4,""voltage"":23.271,""current"":0.549,""power"":12.79,""ocv"":23.301,""cell_v"":3.879,""charging"":false,""latch"":true,""pi_status"":""ready"",""uptime_s"":8179}"
2026-06-25T09:40:38.362010,54.4,23.271,0.589,13.71,0,"{""soc"":54.4,""voltage"":23.271,""current"":0.589,""power"":13.71,""ocv"":23.303,""cell_v"":3.879,""charging"":false,""latch"":true,""pi_status"":""ready"",""uptime_s"":8184}"
2026-06-25T09:40:43.492938,54.4,23.271,0.569,13.23,0,"{""soc"":54.4,""voltage"":23.271,""current"":0.569,""power"":13.23,""ocv"":23.301,""cell_v"":3.878,""charging"":false,""latch"":true,""pi_status"":""ready"",""uptime_s"":8189}"
2026-06-25T09:40:52.007224,54.4,23.269,0.595,13.85,0,"{""soc"":54.4,""voltage"":23.269,""current"":0.595,""power"":13.85,""ocv"":23.301,""cell_v"":3.878,""charging"":false,""latch"":true,""pi_status"":""ready"",""uptime_s"":8194}"
2026-06-25T09:40:53.950484,54.3,23.268,0.557,12.95,0,"{""soc"":54.3,""voltage"":23.268,""current"":0.557,""power"":12.95,""ocv"":23.298,""cell_v"":3.878,""charging"":false,""latch"":true,""pi_status"":""ready"",""uptime_s"":8199}"
2026-06-25T09:40:58.669415,54.3,23.268,0.583,13.55,0,"{""soc"":54.3,""voltage"":23.268,""current"":0.583,""power"":13.55,""ocv"":23.299,""cell_v"":3.878,""charging"":false,""latch"":true,""pi_status"":""ready"",""uptime_s"":8204}"
2026-06-25T09:41:03.456966,54.3,23.268,0.575,13.39,0,"{""soc"":54.3,""voltage"":23.268,""current"":0.575,""power"":13.39,""ocv"":23.298,""cell_v"":3.878,""charging"":false,""latch"":true,""pi_status"":""ready"",""uptime_s"":8209}"
2026-06-25T09:41:08.803748,54.3,23.267,0.567,13.18,0,"{""soc"":54.3,""voltage"":23.267,""current"":0.567,""power"":13.18,""ocv"":23.298,""cell_v"":3.878,""charging"":false,""latch"":true,""pi_status"":""ready"",""uptime_s"":8214}"
2026-06-25T09:41:13.291014,54.3,23.266,0.56,13.05,0,"{""soc"":54.3,""voltage"":23.266,""current"":0.560,""power"":13.05,""ocv"":23.297,""cell_v"":3.878,""charging"":false,""latch"":true,""pi_status"":""ready"",""uptime_s"":8219}"
2026-06-25T09:41:18.203804,54.3,23.266,0.558,13.0,0,"{""soc"":54.3,""voltage"":23.266,""current"":0.558,""power"":13.00,""ocv"":23.296,""cell_v"":3.878,""charging"":false,""latch"":true,""pi_status"":""ready"",""uptime_s"":8224}"
2026-06-25T09:41:23.421425,54.2,23.266,0.572,13.3,0,"{""soc"":54.2,""voltage"":23.266,""current"":0.572,""power"":13.30,""ocv"":23.296,""cell_v"":3.878,""charging"":false,""latch"":true,""pi_status"":""ready"",""uptime_s"":8229}"
2026-06-25T09:41:28.159762,54.2,23.265,0.564,13.11,0,"{""soc"":54.2,""voltage"":23.265,""current"":0.564,""power"":13.11,""ocv"":23.295,""cell_v"":3.878,""charging"":false,""latch"":true,""pi_status"":""ready"",""uptime_s"":8234}"
2026-06-25T09:41:33.361119,54.2,23.264,0.555,12.91,0,"{""soc"":54.2,""voltage"":23.264,""current"":0.555,""power"":12.91,""ocv"":23.294,""cell_v"":3.877,""charging"":false,""latch"":true,""pi_status"":""ready"",""uptime_s"":8239}"
2026-06-25T09:41:38.401580,54.2,23.263,0.563,13.07,0,"{""soc"":54.2,""voltage"":23.263,""current"":0.563,""power"":13.07,""ocv"":23.293,""cell_v"":3.877,""charging"":false,""latch"":true,""pi_status"":""ready"",""uptime_s"":8244}"
2026-06-25T09:41:43.295409,54.2,23.262,0.558,13.16,0,"{""soc"":54.2,""voltage"":23.262,""current"":0.558,""power"":13.16,""ocv"":23.292,""cell_v"":3.877,""charging"":false,""latch"":true,""pi_status"":""ready"",""uptime_s"":8249}"
2026-06-25T09:41:48.323615,54.2,23.262,0.552,12.84,0,"{""soc"":54.2,""voltage"":23.262,""current"":0.552,""power"":12.84,""ocv"":23.291,""cell_v"":3.877,""charging"":false,""latch"":true,""pi_status"":""ready"",""uptime_s"":8254}"
2026-06-25T09:41:53.326650,54.1,23.261,0.558,12.98,0,"{""soc"":54.1,""voltage"":23.261,""current"":0.558,""power"":12.98,""ocv"":23.291,""cell_v"":3.877,""charging"":false,""latch"":true,""pi_status"":""ready"",""uptime_s"":8259}"
2026-06-25T09:41:58.054276,54.1,23.26,0.558,13.0,0,"{""soc"":54.1,""voltage"":23.260,""current"":0.558,""power"":13.00,""ocv"":23.291,""cell_v"":3.877,""charging"":false,""latch"":true,""pi_status"":""ready"",""uptime_s"":8264}"
2026-06-25T09:42:03.462312,54.1,23.259,0.557,12.95,0,"{""soc"":54.1,""voltage"":23.259,""current"":0.557,""power"":12.95,""ocv"":23.289,""cell_v"":3.877,""charging"":false,""latch"":true,""pi_status"":""ready"",""uptime_s"":8269}"
2026-06-25T09:42:08.916152,54.1,23.258,0.574,13.34,0,"{""soc"":54.1,""voltage"":23.258,""current"":0.574,""power"":13.34,""ocv"":23.289,""cell_v"":3.876,""charging"":false,""latch"":true,""pi_status"":""ready"",""uptime_s"":8274}"
2026-06-25T09:42:13.283468,54.1,23.258,0.554,12.89,0,"{""soc"":54.1,""voltage"":23.258,""current"":0.554,""power"":12.89,""ocv"":23.287,""cell_v"":3.876,""charging"":false,""latch"":true,""pi_status"":""ready"",""uptime_s"":8279}"
2026-06-25T09:42:18.107784,54.1,23.257,0.558,12.98,0,"{""soc"":54.1,""voltage"":23.257,""current"":0.558,""power"":12.98,""ocv"":23.287,""cell_v"":3.876,""charging"":false,""latch"":true,""pi_status"":""ready"",""uptime_s"":8284}"
2026-06-25T09:42:23.247419,54.0,23.256,0.573,13.32,0,"{""soc"":54.0,""voltage"":23.256,""current"":0.573,""power"":13.32,""ocv"":23.287,""cell_v"":3.876,""charging"":false,""latch"":true,""pi_status"":""ready"",""uptime_s"":8289}"
2026-06-25T09:42:28.131435,54.0,23.256,0.556,12.91,0,"{""soc"":54.0,""voltage"":23.256,""current"":0.556,""power"":12.91,""ocv"":23.286,""cell_v"":3.876,""charging"":false,""latch"":true,""pi_status"":""ready"",""uptime_s"":8294}"
2026-06-25T09:42:33.256206,54.0,23.255,0.555,12.91,0,"{""soc"":54.0,""voltage"":23.255,""current"":0.555,""power"":12.91,""ocv"":23.285,""cell_v"":3.876,""charging"":false,""latch"":true,""pi_status"":""ready"",""uptime_s"":8299}"
2026-06-25T09:42:40.433513,54.0,23.254,0.575,13.37,0,"{""soc"":54.0,""voltage"":23.254,""current"":0.575,""power"":13.37,""ocv"":23.285,""cell_v"":3.876,""charging"":false,""latch"":true,""pi_status"":""ready"",""uptime_s"":8304}"
2026-06-25T09:42:43.182785,54.0,23.253,0.557,12.95,0,"{""soc"":54.0,""voltage"":23.253,""current"":0.557,""power"":12.95,""ocv"":23.283,""cell_v"":3.876,""charging"":false,""latch"":true,""pi_status"":""ready"",""uptime_s"":8309}"
2026-06-25T09:42:48.121801,54.0,23.252,0.565,13.14,0,"{""soc"":54.0,""voltage"":23.252,""current"":0.565,""power"":13.14,""ocv"":23.282,""cell_v"":3.875,""charging"":false,""latch"":true,""pi_status"":""ready"",""uptime_s"":8314}"
2026-06-25T09:42:53.140825,53.9,23.251,0.554,12.86,0,"{""soc"":53.9,""voltage"":23.251,""current"":0.554,""power"":12.86,""ocv"":23.281,""cell_v"":3.875,""charging"":false,""latch"":true,""pi_status"":""ready"",""uptime_s"":8319}"
2026-06-25T09:42:58.270872,53.9,23.25,0.559,13.0,0,"{""soc"":53.9,""voltage"":23.250,""current"":0.559,""power"":13.00,""ocv"":23.280,""cell_v"":3.875,""charging"":false,""latch"":true,""pi_status"":""ready"",""uptime_s"":8324}"
2026-06-25T09:43:03.180503,53.9,23.249,0.565,13.14,0,"{""soc"":53.9,""voltage"":23.249,""current"":0.565,""power"":13.14,""ocv"":23.280,""cell_v"":3.875,""charging"":false,""latch"":true,""pi_status"":""ready"",""uptime_s"":8329}"
2026-06-25T09:43:08.511054,53.9,23.248,0.554,12.89,0,"{""soc"":53.9,""voltage"":23.248,""current"":0.554,""power"":12.89,""ocv"":23.278,""cell_v"":3.875,""charging"":false,""latch"":true,""pi_status"":""ready"",""uptime_s"":8334}"
2026-06-25T09:43:13.299837,53.9,23.248,0.557,12.93,0,"{""soc"":53.9,""voltage"":23.248,""current"":0.557,""power"":12.93,""ocv"":23.278,""cell_v"":3.875,""charging"":false,""latch"":true,""pi_status"":""ready"",""uptime_s"":8339}"
2026-06-25T09:43:22.613044,53.9,23.246,0.563,13.07,0,"{""soc"":53.9,""voltage"":23.246,""current"":0.563,""power"":13.07,""ocv"":23.276,""cell_v"":3.874,""charging"":false,""latch"":true,""pi_status"":""ready"",""uptime_s"":8344}"
2026-06-25T09:43:27.961674,53.8,23.245,0.57,13.28,0,"{""soc"":53.8,""voltage"":23.245,""current"":0.570,""power"":13.28,""ocv"":23.276,""cell_v"":3.874,""charging"":false,""latch"":true,""pi_status"":""ready"",""uptime_s"":8349}"
2026-06-25T09:43:32.857670,53.8,23.244,0.566,13.14,0,"{""soc"":53.8,""voltage"":23.244,""current"":0.566,""power"":13.14,""ocv"":23.275,""cell_v"":3.874,""charging"":false,""latch"":true,""pi_status"":""ready"",""uptime_s"":8354}"
2026-06-25T09:43:35.856150,53.8,23.243,0.602,14.01,0,"{""soc"":53.8,""voltage"":23.243,""current"":0.602,""power"":14.01,""ocv"":23.276,""cell_v"":3.874,""charging"":false,""latch"":true,""pi_status"":""ready"",""uptime_s"":8359}"
2026-06-25T09:43:43.220125,53.8,23.243,0.573,13.32,0,"{""soc"":53.8,""voltage"":23.243,""current"":0.573,""power"":13.32,""ocv"":23.274,""cell_v"":3.874,""charging"":false,""latch"":true,""pi_status"":""ready"",""uptime_s"":8364}"
2026-06-25T09:43:50.500648,53.8,23.24,0.601,13.94,0,"{""soc"":53.8,""voltage"":23.240,""current"":0.601,""power"":13.94,""ocv"":23.272,""cell_v"":3.873,""charging"":false,""latch"":true,""pi_status"":""ready"",""uptime_s"":8369}"
2026-06-25T09:43:51.506845,53.8,23.239,0.568,13.18,0,"{""soc"":53.8,""voltage"":23.239,""current"":0.568,""power"":13.18,""ocv"":23.270,""cell_v"":3.873,""charging"":false,""latch"":true,""pi_status"":""ready"",""uptime_s"":8374}"
2026-06-25T09:43:53.448770,53.7,23.238,0.58,13.5,0,"{""soc"":53.7,""voltage"":23.238,""current"":0.580,""power"":13.50,""ocv"":23.270,""cell_v"":3.873,""charging"":false,""latch"":true,""pi_status"":""ready"",""uptime_s"":8379}"
2026-06-25T09:43:58.487936,53.7,23.237,0.562,13.07,0,"{""soc"":53.7,""voltage"":23.237,""current"":0.562,""power"":13.07,""ocv"":23.268,""cell_v"":3.873,""charging"":false,""latch"":true,""pi_status"":""ready"",""uptime_s"":8384}"
2026-06-25T09:44:03.197023,53.7,23.237,0.569,13.23,0,"{""soc"":53.7,""voltage"":23.237,""current"":0.569,""power"":13.23,""ocv"":23.268,""cell_v"":3.873,""charging"":false,""latch"":true,""pi_status"":""ready"",""uptime_s"":8389}"
2026-06-25T09:44:09.031789,53.7,23.237,0.58,13.21,0,"{""soc"":53.7,""voltage"":23.237,""current"":0.580,""power"":13.21,""ocv"":23.268,""cell_v"":3.873,""charging"":false,""latch"":true,""pi_status"":""ready"",""uptime_s"":8394}"
2026-06-25T09:44:13.299963,53.7,23.236,0.548,12.75,0,"{""soc"":53.7,""voltage"":23.236,""current"":0.548,""power"":12.75,""ocv"":23.265,""cell_v"":3.873,""charging"":false,""latch"":true,""pi_status"":""ready"",""uptime_s"":8399}"
2026-06-25T09:44:18.132574,53.7,23.235,0.556,12.91,0,"{""soc"":53.7,""voltage"":23.235,""current"":0.556,""power"":12.91,""ocv"":23.265,""cell_v"":3.873,""charging"":false,""latch"":true,""pi_status"":""ready"",""uptime_s"":8404}"
2026-06-25T09:44:23.366836,53.6,23.235,0.555,12.91,0,"{""soc"":53.6,""voltage"":23.235,""current"":0.555,""power"":12.91,""ocv"":23.265,""cell_v"":3.873,""charging"":false,""latch"":true,""pi_status"":""ready"",""uptime_s"":8409}"
2026-06-25T09:44:28.366111,53.6,23.234,0.554,12.86,0,"{""soc"":53.6,""voltage"":23.234,""current"":0.554,""power"":12.86,""ocv"":23.264,""cell_v"":3.872,""charging"":false,""latch"":true,""pi_status"":""ready"",""uptime_s"":8414}"
2026-06-25T09:44:33.396629,53.6,23.233,0.569,13.23,0,"{""soc"":53.6,""voltage"":23.233,""current"":0.569,""power"":13.23,""ocv"":23.263,""cell_v"":3.872,""charging"":false,""latch"":true,""pi_status"":""ready"",""uptime_s"":8419}"
2026-06-25T09:44:38.201332,53.6,23.232,0.552,12.82,0,"{""soc"":53.6,""voltage"":23.232,""current"":0.552,""power"":12.82,""ocv"":23.262,""cell_v"":3.872,""charging"":false,""latch"":true,""pi_status"":""ready"",""uptime_s"":8424}"
2026-06-25T09:44:43.541563,53.6,23.232,0.552,12.82,0,"{""soc"":53.6,""voltage"":23.232,""current"":0.552,""power"":12.82,""ocv"":23.261,""cell_v"":3.872,""charging"":false,""latch"":true,""pi_status"":""ready"",""uptime_s"":8429}"
2026-06-25T09:44:48.956900,53.6,23.231,0.578,13.41,0,"{""soc"":53.6,""voltage"":23.231,""current"":0.578,""power"":13.41,""ocv"":23.262,""cell_v"":3.872,""charging"":false,""latch"":true,""pi_status"":""ready"",""uptime_s"":8434}"
2026-06-25T09:44:53.263174,53.5,23.23,0.56,13.02,0,"{""soc"":53.5,""voltage"":23.230,""current"":0.560,""power"":13.02,""ocv"":23.260,""cell_v"":3.872,""charging"":false,""latch"":true,""pi_status"":""ready"",""uptime_s"":8439}"
2026-06-25T09:44:58.258466,53.5,23.229,0.56,13.05,0,"{""soc"":53.5,""voltage"":23.229,""current"":0.560,""power"":13.05,""ocv"":23.259,""cell_v"":3.872,""charging"":false,""latch"":true,""pi_status"":""ready"",""uptime_s"":8444}"
2026-06-25T09:45:03.296332,53.5,23.228,0.558,12.95,0,"{""soc"":53.5,""voltage"":23.228,""current"":0.558,""power"":12.95,""ocv"":23.258,""cell_v"":3.871,""charging"":false,""latch"":true,""pi_status"":""ready"",""uptime_s"":8449}"
2026-06-25T09:45:08.211186,53.5,23.227,0.551,12.79,0,"{""soc"":53.5,""voltage"":23.227,""current"":0.551,""power"":12.79,""ocv"":23.257,""cell_v"":3.871,""charging"":false,""latch"":true,""pi_status"":""ready"",""uptime_s"":8454}"
2026-06-25T09:45:13.335613,53.5,23.227,0.553,12.84,0,"{""soc"":53.5,""voltage"":23.227,""current"":0.553,""power"":12.84,""ocv"":23.257,""cell_v"":3.871,""charging"":false,""latch"":true,""pi_status"":""ready"",""uptime_s"":8459}"
2026-06-25T09:45:18.463489,53.5,23.226,0.584,13.57,0,"{""soc"":53.5,""voltage"":23.226,""current"":0.584,""power"":13.57,""ocv"":23.257,""cell_v"":3.871,""charging"":false,""latch"":true,""pi_status"":""ready"",""uptime_s"":8464}"
2026-06-25T09:45:23.344227,53.4,23.225,0.556,12.91,0,"{""soc"":53.4,""voltage"":23.225,""current"":0.556,""power"":12.91,""ocv"":23.255,""cell_v"":3.871,""charging"":false,""latch"":true,""pi_status"":""ready"",""uptime_s"":8469}"
2026-06-25T09:45:28.483517,53.4,23.223,0.563,13.05,0,"{""soc"":53.4,""voltage"":23.223,""current"":0.563,""power"":13.05,""ocv"":23.254,""cell_v"":3.871,""charging"":false,""latch"":true,""pi_status"":""ready"",""uptime_s"":8474}"
2026-06-25T09:45:33.281655,53.4,23.222,0.564,13.09,0,"{""soc"":53.4,""voltage"":23.222,""current"":0.564,""power"":13.09,""ocv"":23.253,""cell_v"":3.870,""charging"":false,""latch"":true,""pi_status"":""ready"",""uptime_s"":8479}"
